OBJECTID;UIDENTSTLAE;ULAND;UREGBEZ;UKREIS;UGEMEINDE;UJAHR;UMONAT;USTUNDE;UWOCHENTAG;UKATEGORIE;UART;UTYP1;ULICHTVERH;USTRZUSTAND;IstRad;IstPKW;IstFuss;IstKrad;IstGkfz;IstSonstige;LINREFX;LINREFY;XGCSWGS84;YGCSWGS84
492;01210422125013492021;01;0;54;144;2021;04;11;5;2;8;1;0;1;0;0;0;1;0;0;506602.262512866407633;6045104.574885625392199;9.102080514000022;54.553433478000045
493;01210506105132722021;01;0;62;009;2021;05;07;5;3;3;1;0;0;0;0;0;0;0;1;577962.518408148549497;5935484.023363932967186;10.177083207000067;53.562434618000054
494;01210107125013412021;01;0;01;000;2021;01;11;5;3;6;7;0;1;1;0;1;0;0;0;527804.209843517281115;6071579.980412755161524;9.432407263000073;54.790638230000070
495;01210209152013612021;01;0;55;042;2021;02;17;3;3;8;1;1;2;0;1;0;0;0;0;619952.781000070273876;5983976.586999690160155;10.829620462000037;53.990162260000034
496;01210217105132062021;01;0;60;002;2021;02;16;4;2;8;6;0;0;0;1;0;0;0;0;561794.288031240925193;5960220.171899296343327;9.937940033000075;53.786896360000071
497;01210613125013522021;01;0;59;045;2021;06;13;1;3;3;6;0;0;0;1;0;0;0;1;562056.108328324742615;6055057.212813587859273;9.961507795000045;54.639104726000028
498;01210603171013272021;01;0;60;058;2021;06;07;5;3;1;5;0;0;0;1;0;0;0;1;575049.067601042799652;5961135.249022427946329;10.139309624000077;53.793377501000066
499;01210104181013602021;01;0;51;001;2021;01;16;2;3;5;3;2;0;1;1;0;0;0;0;517831.563000001013279;6000352.518999798223376;9.273020929000040;54.150962930000048
500;01210428134013592021;01;0;02;000;2021;04;17;4;3;5;3;0;0;0;1;0;0;0;0;572968.484942440874875;6019964.143287993967533;10.121887674000050;54.322317332000068
501;01210328134013062021;01;0;02;000;2021;03;15;1;3;2;6;0;1;0;1;0;0;0;0;573729.126244375482202;6019523.360140854492784;10.133471092000036;54.318247304000067
502;01210406105132002021;01;0;51;099;2021;04;09;3;3;2;6;0;0;0;1;0;0;0;1;517488.471432148478925;5993093.664124140515924;9.267347703000041;54.085734743000046
503;01210202105132012021;01;0;56;018;2021;02;00;3;3;0;1;2;2;0;1;0;0;0;0;555057.643660382367671;5944161.691095314919949;9.832845190000057;53.643328619000044
504;01210607152013982021;01;0;03;000;2021;06;14;2;3;5;3;0;0;1;1;0;0;0;0;622091.779575719498098;5980729.032705198973417;10.860926558000074;53.960487863000026
505;01210523134013552021;01;0;02;000;2021;05;17;1;3;5;3;0;0;1;1;0;0;0;0;572598.330961555242538;6023886.355558408424258;10.117153021000036;54.357613925000067
506;01210407125013382021;01;0;54;057;2021;04;06;4;3;8;1;1;2;0;1;0;0;0;0;510340.693887510336936;6044536.248542353510857;9.159861885000055;54.548263326000040
507;01210511161013992021;01;0;53;020;2021;05;10;3;3;0;7;0;1;1;0;0;0;0;0;607779.182728642597795;5925775.230637859553099;10.623746313000026;53.469925175000071
508;01210320152013772021;01;0;55;040;2021;03;11;7;3;5;3;0;0;0;1;0;1;0;0;606330.364000039175153;5972666.031999746337533;10.617999622000070;53.891526403000057
509;01210120145013852021;01;0;58;061;2021;01;14;4;2;8;1;0;1;0;1;0;0;0;0;531525.260045577771962;5995664.492866707965732;9.482190627000023;54.108171862000063
510;01210225161013992021;01;0;62;004;2021;02;11;5;3;5;3;0;0;1;1;0;0;0;0;591709.758661903440952;5963775.980691503733397;10.392944901000021;53.814436874000080
511;01210305105132832021;01;0;58;049;2021;03;03;6;2;3;6;2;0;0;1;0;0;1;0;554140.253995917737484;6009825.008329568430781;9.830609298000070;54.233545706000029
512;01210606105132342021;01;0;60;044;2021;06;05;1;2;3;7;0;0;0;1;0;0;1;0;560801.654070693068206;5964805.383589131757617;9.923781113000075;53.828220726000040
513;01210415125013532021;01;0;54;113;2021;04;14;5;3;0;7;0;0;1;0;0;0;0;0;476436.777713802643120;6019370.364854568615556;8.637728810000056;54.321652655000037
514;01210113105132202021;01;0;62;092;2021;01;04;4;3;8;1;2;2;0;0;0;0;1;0;586480.681173269636929;5965436.615455679595470;10.314012983000055;53.830254910000065
515;01210505152013612021;01;0;03;000;2021;05;19;4;3;5;3;0;1;0;1;0;0;0;1;610332.971961854957044;5971168.613519523292780;10.678338821000068;53.877237150000042
516;01210205134013132021;01;0;57;074;2021;02;05;6;3;8;1;2;2;0;1;0;0;0;0;578719.044498165138066;6022406.908692300319672;10.210926059000030;54.343412217000036
517;01210211125013742021;01;0;59;159;2021;02;08;5;3;4;6;0;2;0;1;0;0;0;0;530212.212000000290573;6054825.252999827265739;9.468117081000059;54.639931916000080
518;01210609152013932021;01;0;03;000;2021;06;08;4;3;1;5;0;0;1;1;0;0;0;0;610987.007858096621931;5968601.948977297171950;10.687354542000037;53.854038193000065
519;01210531181013862021;01;0;61;042;2021;05;07;2;3;5;3;0;0;0;1;0;0;0;0;537731.843502576462924;5980702.009971022605896;9.575257936000071;53.973280269000043
520;01210526171013032021;01;0;56;016;2021;05;16;4;3;2;6;0;0;0;1;0;0;0;0;542878.130083961412311;5950577.920454746112227;9.649509531000035;53.702136409000047
521;01210529181013922021;01;0;51;081;2021;05;11;7;2;4;6;0;0;0;1;0;0;0;0;501336.868427332490683;6004048.036735843867064;9.020485462000067;54.184484770000040
522;01210325161013742021;01;0;53;010;2021;03;05;5;3;5;3;2;1;0;1;0;0;0;0;615208.599937723018229;5933920.352047681808472;10.738612315000069;53.541532363000044
523;01210402181013192021;01;0;61;067;2021;04;11;6;3;8;6;0;0;0;0;0;0;0;1;528538.727840117178857;5984555.806857280433178;9.435466528000063;54.008506117000081
524;01210129105132132021;01;0;55;039;2021;01;07;6;3;2;6;2;1;0;1;0;0;0;0;616191.396231091581285;5995593.777457596734166;10.776726385000075;54.095385191000048
525;01210228134013562021;01;0;02;000;2021;02;14;1;3;0;6;0;0;1;0;0;0;0;0;571422.718000005930662;6013908.145999804139137;10.096679350000045;54.268117821000033
526;01210520125013872021;01;0;59;116;2021;05;07;5;3;5;3;0;0;0;0;0;1;0;1;534948.674513605423272;6062937.898840039968491;9.542472847000056;54.712530372000060
527;01210419134013782021;01;0;02;000;2021;04;09;2;3;5;3;0;0;1;0;0;0;0;1;571682.484760461375117;6017829.249130733311176;10.101607012000045;54.303315837000071
528;01210423171013442021;01;0;60;047;2021;04;11;6;2;5;2;0;0;1;1;0;0;0;0;564982.465917821973562;5962243.587845958769321;9.986750623000034;53.804692352000075
529;01210508152013912021;01;0;55;032;2021;05;12;7;3;0;7;0;1;0;0;0;1;0;1;617256.564433574676514;5996061.833419341593981;10.793186907000063;54.099348383000063
530;01210112152013312021;01;0;55;016;2021;01;19;3;2;4;6;2;2;0;1;0;0;0;0;626691.660532887093723;6008966.997280782088637;10.942811697000025;54.213033528000039
531;01210318171013612021;01;0;56;048;2021;03;12;5;3;5;3;0;0;0;1;0;0;1;0;548952.704000000841916;5951404.788999771699309;9.741648704000056;53.709033814000065
532;01210116134013842021;01;0;57;048;2021;01;13;7;3;2;6;0;0;0;1;0;0;0;0;604221.769912662915885;6017028.445680212229490;10.601204815000074;54.290519749000055
533;01210222161013892021;01;0;62;071;2021;02;15;2;3;2;2;0;0;0;1;0;0;0;0;579501.953483245335519;5940282.174657491967082;10.201542558000028;53.605322596000065
534;01210614171013442021;01;0;56;010;2021;06;13;2;3;2;2;0;0;0;1;0;1;0;0;546348.840658815577626;5967185.564240338280797;9.704574549000029;53.851102332000039
535;01210604125013582021;01;0;59;083;2021;06;06;6;3;2;6;0;0;0;1;0;0;0;0;547746.462852197699249;6054990.055466469377279;9.739804382000045;54.640058280000062
536;01210411152013982021;01;0;55;039;2021;04;14;1;3;2;2;0;0;0;1;0;0;0;0;614167.022282598540187;5995070.696921121329069;10.745589589000076;54.091139001000045
537;01210515145013072021;01;0;58;051;2021;05;10;7;3;5;3;0;0;1;1;0;0;0;0;567576.559765270911157;6029691.555454881861806;10.041211575000034;54.410468999000045
538;01210502125013122021;01;0;54;168;2021;05;10;1;3;0;7;0;0;1;0;0;0;0;0;456511.126852745190263;6084301.655806861817837;8.321767765000061;54.903841212000032
539;01210316145013362021;01;0;58;092;2021;03;16;3;2;1;5;0;0;1;1;0;0;0;0;571355.593411821871996;6022437.347827071323991;10.097686426000053;54.344768972000054
540;01210310171013342021;01;0;56;003;2021;03;15;4;3;9;1;0;0;0;1;0;0;0;0;551473.123089117929339;5956103.957874335348606;9.780612027000075;53.751025111000047
541;01210608125013962021;01;0;54;168;2021;06;15;3;3;5;3;0;0;0;1;0;0;0;0;455707.685415115207434;6084283.811172658577561;8.309241416000020;54.903610289000028
542;01210610152013822022;01;0;55;002;2021;06;07;5;2;0;7;0;0;1;0;0;0;0;0;619170.316040460020304;5999642.688336035236716;10.823849388000042;54.131076346000043
543;01210524134013272021;01;0;57;070;2021;05;13;2;3;2;2;0;0;0;0;0;1;0;0;587544.120451821014285;6007353.643622737377882;10.342238538000061;54.206719976000045
544;01210528171013162021;01;0;56;051;2021;05;13;6;3;6;4;0;0;0;1;1;0;0;0;544753.853675537742674;5967321.554368194192648;9.680350002000068;53.852464444000077
545;01210324134013822021;01;0;57;057;2021;03;11;4;3;5;3;0;0;0;1;0;0;0;0;593855.225640386343002;6002080.709104077890515;10.437324391000061;54.158227112000077
546;01210331145013792021;01;0;04;000;2021;03;20;4;3;5;3;2;0;1;1;0;0;0;0;564001.388024105690420;5991943.192734710872173;9.978078511000035;54.071715655000048
547;01210126105132732021;01;0;58;091;2021;01;08;3;3;8;7;0;1;0;1;0;0;0;0;562438.424737063236535;5997968.455486817285419;9.955440490000058;54.126053597000066
548;01210225181013962021;01;0;51;006;2021;02;01;5;2;8;1;2;0;0;1;0;0;0;0;502278.324533992446959;5985918.931272406131029;9.034775247000027;54.021541391000028
549;01210517161013122021;01;0;62;001;2021;05;20;2;3;5;3;0;1;1;1;0;0;0;0;582514.787743787281215;5946950.020070735365152;10.248833536000063;53.664776321000033
550;01210416171013602021;01;0;60;070;2021;04;20;6;3;0;7;1;0;1;0;0;0;0;0;583759.419000013731420;5977471.283999778330326;10.275966092000033;53.938842504000036
551;01210114181013042021;01;0;51;074;2021;01;13;5;2;5;3;0;0;0;1;0;0;0;0;506352.630083982832730;5995435.355189362540841;9.097162858000047;54.107039111000063
552;01210423134013242021;01;0;02;000;2021;04;17;6;3;4;6;0;0;1;0;0;0;0;0;574647.860459871590137;6020871.194212974980474;10.147929294000051;54.330224937000082
553;01210507134013152021;01;0;57;057;2021;05;07;6;2;2;6;0;1;0;1;0;0;0;0;593871.873899973928928;6002070.355589926242828;10.437576034000074;54.158131045000061
554;01210111134013562021;01;0;57;066;2021;01;18;2;3;2;6;2;1;0;1;0;0;0;0;586935.775222178548574;6015598.532007768750191;10.335304608000058;54.280904751000037
555;01210209134013922021;01;0;57;065;2021;02;20;3;2;9;1;2;1;0;1;0;0;0;0;598751.652765297330916;6011797.815179385244846;10.515473319000023;54.244612064000080
556;01210218161013172021;01;0;62;035;2021;02;15;5;3;2;2;0;0;0;1;0;0;0;0;586201.053900173865259;5946299.319120341911912;10.304427784000040;53.658334348000039
557;01210614134013192021;01;0;57;091;2021;06;10;2;3;3;6;0;0;0;1;0;0;0;0;580052.680070771835744;6016229.936717659235001;10.229779650000069;54.287702290000027
558;01210603161013732021;01;0;62;082;2021;06;06;5;3;0;7;0;0;0;1;0;0;0;1;593358.889795403927565;5940821.586082790046930;10.411064555000053;53.607884165000030
559;01210429152013472021;01;0;03;000;2021;04;15;5;3;5;3;0;1;1;1;0;0;0;0;609317.296257462352514;5970295.008135778829455;10.662584583000069;53.869603379000068
560;01210312125013632021;01;0;54;161;2021;03;09;6;3;3;6;0;0;0;1;0;0;0;0;502896.801916039548814;6029635.155162911862135;9.044637104000060;54.414441659000033
561;01210203125013912023;01;0;59;183;2021;02;13;4;3;2;6;0;2;0;1;0;0;0;0;520853.505746709182858;6069260.262408543378115;9.324146375000055;54.770128866000050
562;01210305161013722021;01;0;53;002;2021;03;12;6;3;2;6;0;0;0;1;0;0;0;0;610550.357687258161604;5942687.239412032067776;10.671453518000021;53.621301559000074
563;01210606181013892021;01;0;61;113;2021;06;10;1;3;0;7;0;0;1;0;0;0;0;0;524881.231521639972925;5974495.700884506106377;9.378838258000030;53.918277344000046
564;01210522161013992021;01;0;62;004;2021;05;12;7;3;0;7;0;1;0;0;0;1;0;0;592837.035000020638108;5961309.701999763026834;10.409317539000028;53.792076133000080
565;01210407171013912021;01;0;56;015;2021;04;18;4;2;0;7;0;1;1;0;0;0;0;0;545231.010654671117663;5956363.806184431537986;9.685993743000040;53.753939602000059
566;01210511134013092021;01;0;57;059;2021;05;23;3;3;7;7;2;0;0;0;0;1;0;0;579224.930264350958169;6008356.182387925684452;10.214985317000071;54.217081545000042
567;01210321171013832021;01;0;56;036;2021;03;11;1;3;1;5;0;0;0;1;0;0;0;0;544469.903393740765750;5946924.105771150439978;9.673095697000065;53.669163623000031
568;01210124171013702021;01;0;60;094;2021;01;20;1;3;1;5;2;1;0;1;0;0;0;0;571531.813693640753627;5960314.371500249952078;10.085734973000058;53.786495914000056
569;01210223134013772021;01;0;57;055;2021;02;20;3;3;4;6;2;0;0;1;0;0;0;1;602090.263000031001866;6020643.584999781101942;10.569706870000061;54.323428673000080
570;01210303145013552021;01;0;58;117;2021;03;13;4;3;5;3;0;0;1;1;0;0;0;0;556149.356000001542270;6002672.283999800682068;9.860092761000033;54.169050701000060
571;01210531161013132021;01;0;53;096;2021;05;17;2;3;2;2;0;0;0;1;0;0;0;0;604530.665749808773398;5946542.244757542386651;10.581774266000025;53.657175015000064
572;01210416134013702021;01;0;02;000;2021;04;11;6;3;2;6;0;0;0;1;0;0;0;0;573884.467200973071158;6027777.344552302733064;10.137906477000058;54.392391959000065
573;01210113145013782021;01;0;58;135;2021;01;00;4;3;8;1;2;2;0;1;0;0;0;0;544903.931497633457184;6018000.148993100970984;9.690146309000056;54.307907692000072
574;01210505145013682021;01;0;04;000;2021;05;17;4;3;2;6;0;1;0;1;0;0;0;0;565845.155032824724913;5990916.324478847905993;10.006027404000065;54.062255421000032
575;01210107171013212021;01;0;56;048;2021;01;11;5;3;5;3;0;1;0;1;0;0;1;0;550225.193227293901145;5952722.501533346250653;9.761139234000041;53.720755946000054
576;01210208105132482021;01;0;59;159;2021;02;05;2;3;8;1;1;2;0;1;0;0;0;0;527905.464965740218759;6057017.595675673335791;9.432586007000054;54.659766667000042
577;01210215181013022021;01;0;61;046;2021;02;19;2;2;6;1;2;2;0;0;1;0;0;1;531357.602818740531802;5972964.920372055843472;9.477286329000037;53.904167558000040
578;01210612125013102021;01;0;59;174;2021;06;13;7;3;5;3;0;0;1;1;0;0;0;0;522303.335601313039660;6062442.759154699742794;9.346159279000062;54.708800080000060
579;01210602171013152021;01;0;56;044;2021;06;15;4;3;5;2;0;0;1;1;0;0;0;0;556528.887033957056701;5939168.802393462508917;9.854191194000066;53.598298220000061
580;01210520125013262021;01;0;01;000;2021;05;14;5;3;6;4;0;0;1;0;1;0;0;0;528013.544999999925494;6070457.795999838039279;9.435554322000030;54.780542098000069
581;01210419105132422021;01;0;53;046;2021;04;20;2;3;8;7;2;0;0;1;0;0;0;0;618199.161495364271104;5932277.194312455132604;10.783098675000076;53.526105348000044
582;01210423145013822021;01;0;58;092;2021;04;09;6;3;2;6;0;0;1;0;0;0;0;0;571252.939230572432280;6022591.102829523384571;10.096144349000042;54.346164927000075
583;01210508181013942021;01;0;51;035;2021;05;15;7;2;2;2;0;0;0;0;0;1;0;1;513584.050346801988780;6005368.126694494858384;9.208213635000050;54.196171079000067
584;01210108171013532021;01;0;60;010;2021;01;22;6;3;8;1;2;1;0;1;0;0;0;0;587371.433836745098233;5984408.654076775535941;10.332962473000066;54.000581472000079
585;01210118125013942021;01;0;54;076;2021;01;19;2;2;5;3;2;1;0;1;0;0;0;1;498375.077587623149157;6069478.645616244524717;8.974740801000053;54.772521819000076
586;01210220161013102021;01;0;62;060;2021;02;23;7;3;9;7;2;0;0;1;0;0;0;0;582947.013480603694916;5929501.598764862865210;10.250734792000060;53.507909616000063
587;01210614152013702021;01;0;03;000;2021;06;15;2;3;5;2;0;0;1;1;0;0;0;0;610122.756773712113500;5969914.502695620059967;10.674692334000042;53.866014540000037
588;01210603125013942023;01;0;54;168;2021;06;16;5;3;3;7;0;0;1;0;0;0;0;0;454899.294527019374073;6081521.017731294035912;8.297067666000032;54.878711775000056
589;01210514125013122021;01;0;59;075;2021;05;21;6;3;8;6;2;1;0;1;0;0;0;0;535518.125089326873422;6044016.560348723083735;9.549016698000059;54.542452719000039
590;01210430161013732021;01;0;53;069;2021;04;19;6;1;4;6;0;0;0;1;0;0;0;1;601685.122675934806466;5943659.796857422217727;10.537789705000023;53.631836567000050
591;01210314161013182021;01;0;53;085;2021;03;12;1;2;3;6;0;1;1;1;0;0;0;0;598088.958494968712330;5945324.825806226581335;10.483950249000031;53.647483747000081
592;01210202171013182021;01;0;56;050;2021;02;11;3;3;0;7;0;1;0;0;1;0;0;1;546778.589513175189495;5937178.682686325162649;9.706572503000075;53.581372252000051
593;01210308152013812021;01;0;55;039;2021;03;13;2;3;2;6;0;0;0;1;0;0;0;0;613977.820404803380370;5995028.815253432840109;10.742682439000021;54.090804673000036
594;01210608125013802021;01;0;54;168;2021;06;07;3;3;5;2;0;0;1;1;0;0;0;0;455676.923999999649823;6084168.784999843686819;8.308779422000043;54.902573946000075
595;01210610161013442021;01;0;53;084;2021;06;22;5;3;7;7;1;0;0;0;0;1;0;0;614753.860163101926446;5939956.236093821004033;10.733970756000076;53.595861029000048
596;01210522152013872021;01;0;55;017;2021;05;17;7;3;8;7;0;0;0;1;0;0;0;0;634640.983514966443181;6026005.793834885582328;11.072300151000036;54.364043223000067
597;01210406171013492021;01;0;60;085;2021;04;05;3;3;9;1;0;2;0;1;0;0;0;0;579611.114975090138614;5965430.305791903287172;10.209659866000038;53.831295875000080
598;01210511125013972021;01;0;01;000;2021;05;09;3;3;0;7;0;1;1;0;0;0;0;0;525543.739753481931984;6068300.155096082016826;9.396965034000061;54.761284122000063
599;01210319145013042021;01;0;04;000;2021;03;13;6;3;6;4;0;0;0;1;1;0;0;0;564443.531596703454852;5991427.470859559252858;9.984724641000071;54.067026010000063
600;01210125125013062021;01;0;59;008;2021;01;09;2;2;5;2;0;2;1;1;0;0;0;0;537723.058000000193715;6050529.222999827936292;9.583933234000028;54.600819909000052
601;01210226145013692021;01;0;58;139;2021;02;07;6;3;5;2;1;0;1;1;0;0;0;0;567523.264369467273355;6010953.359006267040968;10.036149413000032;54.242095568000082
602;01210306125013262021;01;0;54;099;2021;03;06;7;3;8;1;1;2;0;1;0;0;0;0;517345.740333589725196;6034754.599391583353281;9.267580334000058;54.460163482000041
603;01210519125013782021;01;0;59;103;2021;05;14;4;3;2;6;0;0;0;1;0;0;0;0;536512.983550551347435;6063691.725785983726382;9.566847232000043;54.719193490000066
604;01210418125013962021;01;0;54;075;2021;04;13;1;3;5;2;0;0;1;1;0;0;0;0;497254.078157133422792;6059970.329018944874406;8.957404733000033;54.687067397000078
605;01210113161013122021;01;0;53;100;2021;01;10;4;3;5;2;0;1;1;0;0;0;0;1;616973.168462293222547;5951568.022474916651845;10.771856985000056;53.699692642000059
606;01210421125013752021;01;0;59;131;2021;04;16;4;3;5;3;0;0;0;1;0;0;0;0;524092.230958245694637;6058733.575787663459778;9.373616885000047;54.675384346000044
607;01210507152013882021;01;0;03;000;2021;05;14;6;3;5;3;0;0;0;1;0;0;0;0;610278.182382189668715;5967983.123518969863653;10.676361015000055;53.848629491000054
608;01210205181013232021;01;0;51;044;2021;02;12;6;3;2;6;0;1;0;1;0;0;0;0;505888.565764296799898;6003814.247369457036257;9.090228621000051;54.182351505000042
609;01210215181013792021;01;0;61;027;2021;02;19;2;3;8;1;2;2;0;1;0;0;0;0;531816.540686563588679;5960161.302893241867423;9.482945119000021;53.789062879000028
610;01210611181013212021;01;0;61;026;2021;06;14;6;3;5;2;0;0;0;1;0;1;0;0;531691.974316685460508;5962458.041063541546464;9.481290703000070;53.809713337000062
611;01210602145013042021;01;0;04;000;2021;06;11;4;3;2;6;0;0;0;1;0;0;0;0;565078.953591332770884;5993281.128210676833987;9.994830783000054;54.083603943000071
612;01210103125013442021;01;0;59;008;2021;01;16;1;2;6;4;2;1;0;1;1;0;0;0;537575.547607053071260;6050509.177668027579784;9.581647413000042;54.600650762000043
613;01210428171013512021;01;0;56;028;2021;04;19;4;2;5;2;0;0;0;1;0;0;0;0;548185.435000001452863;5941773.380999764427543;9.728530776000071;53.622541069000079
614;01210330134013092021;01;0;02;000;2021;03;18;3;3;2;6;0;0;0;1;0;0;0;0;570685.989000005647540;6020222.309999806806445;10.086862648000022;54.324958332000051
615;01210406105132132021;01;0;53;060;2021;04;14;3;3;8;1;0;2;0;1;0;0;0;0;594802.949497679248452;5935480.949005782604218;10.431260788000031;53.559635327000080
616;01210201145013452021;01;0;58;018;2021;02;18;2;3;4;6;2;1;0;1;0;0;0;1;563860.436961288563907;6009794.946605680510402;9.979705787000057;54.232155773000045
617;01210607152013412021;01;0;03;000;2021;06;16;2;2;0;7;0;0;1;0;0;0;0;0;613019.414708382450044;5966121.016121264547110;10.717325804000041;53.831310878000068
618;01210521105132332021;01;0;03;000;2021;05;00;6;3;2;6;2;0;0;1;0;0;1;0;608372.443859844468534;5970693.813201960176229;10.648362011000074;53.873384547000057
619;01210425152013602021;01;0;03;000;2021;04;18;1;3;6;2;0;0;0;1;1;0;0;0;612546.965101988054812;5969707.834345305338502;10.711464757000044;53.863637866000033
620;01210510171013812021;01;0;60;005;2021;05;10;2;3;2;6;0;0;0;1;0;0;0;1;584226.437420558184385;5976541.494344167411327;10.282822230000022;53.930411865000053
621;01210318161013042021;01;0;62;018;2021;03;14;5;3;5;3;0;0;0;1;0;0;0;0;581407.261508459225297;5930862.953908430412412;10.227876870000046;53.520384168000078
622;01210121134013762021;01;0;02;000;2021;01;05;5;3;5;3;2;1;1;1;0;0;0;0;572391.191000005230308;6018441.955999806523323;10.112644545000023;54.308721535000075
623;01210223171013472021;01;0;56;002;2021;02;16;3;3;0;7;0;0;1;0;0;0;0;0;550643.739236892201006;5960758.073625916615129;9.768799265000041;53.792934997000032
624;01210303171013692021;01;0;56;015;2021;03;19;4;3;8;1;2;0;0;1;0;0;0;0;546126.025662018917501;5955498.033129075542092;9.699437575000047;53.746079914000063
625;01210606105132672021;01;0;60;027;2021;06;19;1;3;3;7;0;0;0;1;0;0;0;0;561873.470923454500735;5981971.915747107937932;9.943533610000031;53.982367201000045
626;01210414145013032021;01;0;58;121;2021;04;17;4;2;9;7;0;0;0;0;0;1;0;0;566426.523345842957497;6032400.360264841467142;10.024101819000066;54.434961339000040
627;01210505134013112021;01;0;57;074;2021;05;07;4;3;5;7;0;1;1;1;0;0;0;0;579549.858750468119979;6022004.794129259884357;10.223595848000059;54.339670185000045
628;01210215105132602021;01;0;62;081;2021;02;22;2;2;9;6;2;2;0;0;0;0;1;0;587230.130920859053731;5958894.691730519756675;10.323544294000044;53.771345158000031
629;01210608161013662021;01;0;03;000;2021;06;00;3;3;0;7;2;0;1;0;0;0;0;0;605380.167362716980278;5970624.471820155158639;10.602845091000063;53.873377809000033
630;01210601152013432021;01;0;03;000;2021;06;06;3;3;5;3;0;0;1;1;0;0;0;0;612516.497771253809333;5970564.607041625306010;10.711315910000053;53.871341806000032
631;01210527145013312021;01;0;58;135;2021;05;09;5;3;2;6;0;0;0;0;0;0;1;1;542851.652240235358477;6017762.331545162945986;9.658572258000049;54.305946774000063
632;01210531125013022021;01;0;59;087;2021;05;14;2;3;9;1;0;0;0;1;0;0;0;0;533196.035645731724799;6024022.680208468809724;9.510882860000038;54.362927701000046
633;01210326161013652021;01;0;62;059;2021;03;20;6;3;8;1;2;0;0;1;0;0;0;0;596262.472732693888247;5969001.117624515667558;10.463706723000030;53.860563154000033
634;01210403152013962021;01;0;03;000;2021;04;09;7;2;5;2;0;0;1;1;0;0;0;0;622024.103363998234272;5980917.211377548053861;10.859970909000026;53.962194285000066
635;01210128161013082021;01;0;62;082;2021;01;14;5;3;0;7;0;1;1;0;0;0;0;0;592574.272368262521923;5940184.525355245918036;10.399020200000052;53.602298859000030
636;01210302161013802021;01;0;53;100;2021;03;10;3;3;2;6;0;0;0;1;0;0;0;0;618085.564969482831657;5950708.019403055310249;10.788370468000039;53.691716040000074
637;01210519181013862021;01;0;61;042;2021;05;18;4;3;5;3;0;0;0;1;0;0;0;0;540501.746000000275671;5979325.896999783813953;9.617302340000037;53.960702963000074
638;01210419125013382021;01;0;01;000;2021;04;17;2;3;4;6;0;0;1;0;0;0;0;0;528206.313724379055202;6070850.771008394658566;9.438589600000057;54.784062765000044
639;01210423152013042022;01;0;03;000;2021;04;21;6;3;5;3;2;0;1;1;0;0;0;0;611241.007280892692506;5969111.560075685381889;10.691398949000074;53.858562302000053
640;01210508152013102021;01;0;03;000;2021;05;13;7;3;1;5;0;0;1;1;0;0;0;0;621510.381758236326277;5980436.464016212150455;10.851953471000058;53.957996527000034
641;01210112171013102021;01;0;60;028;2021;01;21;3;2;9;1;2;2;0;1;0;0;0;0;571681.375825108028948;5986894.761616092175245;10.094230153000069;54.025338100000056
642;01210315152013922021;01;0;03;000;2021;03;18;2;3;5;3;1;1;0;1;0;0;0;1;609454.697603086940944;5967586.638819333165884;10.663707609000028;53.845241516000044
643;01210119125013802021;01;0;54;042;2021;01;17;3;3;5;3;2;1;0;1;0;0;0;0;501978.639653680846095;6041438.058244038373232;9.030568017000064;54.520521280000082
644;01210222125013612021;01;0;59;159;2021;02;09;2;3;9;1;0;2;0;1;0;0;0;0;530362.576950028538704;6054605.866795510053635;9.470424034000075;54.637951341000075
645;01210615125013782021;01;0;54;164;2021;06;14;3;3;6;4;0;0;0;1;1;0;0;0;472188.042049266397953;6060647.053172059357166;8.568517781000025;54.692388495000046
646;01210604134013882021;01;0;02;000;2021;06;10;6;3;6;4;0;0;0;1;1;0;0;0;574125.778320993296802;6020946.987323252484202;10.139921356000059;54.330982086000063
647;01210412152013762021;01;0;03;000;2021;04;14;2;2;2;6;0;0;0;1;0;0;1;0;609410.308551495894790;5971505.083635779097676;10.664430287000073;53.880455475000076
648;01210514161013072021;01;0;53;116;2021;05;08;6;3;4;6;0;0;0;1;0;0;0;1;598447.546308880671859;5929876.292173882946372;10.484501297000065;53.508603222000033
649;01210502152013642021;01;0;55;035;2021;05;15;1;3;5;3;0;0;1;1;0;0;0;0;612689.278899432159960;5977245.518788712099195;10.716401613000073;53.931325868000044
650;01210315152013982021;01;0;03;000;2021;03;15;2;3;5;2;2;1;1;1;0;0;0;0;609355.500837267376482;5970294.573599956929684;10.663165204000052;53.869591426000056
651;01210204145013732021;01;0;58;054;2021;02;14;5;3;2;2;0;1;0;1;0;0;0;0;539261.365296894684434;6018583.326863557100296;9.603505859000052;54.313613614000076
652;01210311134013022021;01;0;02;000;2021;03;15;5;3;5;2;0;1;1;1;0;0;0;0;569355.987222037278116;6019335.540027303621173;10.066210506000061;54.317172377000077
653;01210608134013742021;01;0;02;000;2021;06;13;3;3;2;6;0;0;0;1;0;0;0;1;572832.738707762211561;6019590.673575093969703;10.119709879000027;54.318980824000050
654;01210610152013822021;01;0;03;000;2021;06;15;5;3;5;2;0;0;0;1;0;1;0;0;610597.874836829490960;5973418.043998101726174;10.683178410000039;53.897390104000067