OBJECTID;UIDENTSTLAE;ULAND;UREGBEZ;UKREIS;UGEMEINDE;UJAHR;UMONAT;USTUNDE;UWOCHENTAG;UKATEGORIE;UART;UTYP1;ULICHTVERH;USTRZUSTAND;IstRad;IstPKW;IstFuss;IstKrad;IstGkfz;IstSonstige;LINREFX;LINREFY;XGCSWGS84;YGCSWGS84
655;01210526105132862021;01;0;51;001;2021;05;14;4;3;2;6;0;0;0;1;0;0;1;0;516144.095050035975873;5999426.540034709498286;9.247134644000027;54.142696397000066
656;01210528171013632021;01;0;60;004;2021;05;11;6;3;2;6;0;0;0;1;0;0;0;0;557900.349000004120171;5975079.464999785646796;9.881646483000054;53.920885637000026
657;01210410181013522021;01;0;61;042;2021;04;15;7;3;5;3;0;0;0;1;0;0;0;0;541263.058000000193715;5980636.027999784797430;9.629082309000069;53.972417496000048
658;01210324125013052021;01;0;59;126;2021;03;18;4;3;5;3;0;0;0;1;0;0;0;0;535845.239736239425838;6066957.852746143937111;9.556883740000046;54.748592212000062
659;01210330171013362021;01;0;60;063;2021;03;20;3;3;5;3;2;0;0;1;0;0;0;0;569326.666289904154837;5950357.953806849196553;10.050037670000052;53.697318004000067
660;01210127125013892021;01;0;01;000;2021;01;14;4;2;1;6;0;0;0;1;0;0;0;0;524347.081795629113913;6070252.950537476688623;9.378532486000040;54.778892479000035
661;01210227181013732021;01;0;51;034;2021;02;17;7;3;0;7;1;0;1;0;0;0;0;0;490948.824525330215693;5986292.196971420198679;8.861836311000047;54.024821910000071
662;01210519152013692021;01;0;55;012;2021;05;14;4;3;2;6;0;1;0;1;0;0;0;0;606275.572352048009634;5998991.316202813759446;10.626364912000042;54.128051872000071
663;01210418171013932021;01;0;60;041;2021;04;18;1;2;5;3;0;0;0;1;0;0;0;0;582585.467411812394857;5975490.533719465136528;10.257551988000046;53.921232378000070
664;01210114171013512021;01;0;56;043;2021;01;14;5;3;8;7;0;1;0;1;0;0;0;0;557517.990235141478479;5945074.069536678493023;9.870226523000042;53.651263883000070
665;01210423125013452021;01;0;54;078;2021;04;14;6;3;2;6;0;0;0;1;0;0;0;0;461957.199785266071558;6095771.800923338159919;8.405176351000023;55.007356302000062
666;01210508105132802021;01;0;59;183;2021;05;14;7;3;3;6;0;0;0;1;0;0;0;0;525132.208944298326969;6065078.934470823034644;9.390291304000073;54.732357093000076
667;01210110105132932021;01;0;53;037;2021;01;18;1;2;2;6;2;1;0;1;0;0;0;0;612391.221206566318870;5934577.242592481896281;10.696352014000070;53.548044718000028
668;01210210161013992021;01;0;62;093;2021;02;05;4;3;9;1;2;2;0;1;0;0;0;0;594094.440229525789618;5964830.049463687464595;10.429475031000038;53.823482094000042
669;01210215171013042023;01;0;56;039;2021;02;19;2;3;4;6;2;2;0;1;0;0;0;0;552673.267000000923872;5948061.689999766647816;9.797442538000041;53.678625533000059
670;01210612152013892021;01;0;55;028;2021;06;16;7;3;0;7;0;0;0;0;0;1;0;0;602229.689921997487545;6004747.454289833083749;10.566427497000063;54.180587296000056
671;01210603152013592021;01;0;55;043;2021;06;14;5;3;8;7;0;0;0;1;0;0;0;0;614957.379343170672655;6018353.275773862376809;10.766567500000065;54.300119152000036
672;01210427125013272021;01;0;59;075;2021;04;16;3;3;2;6;0;0;0;1;0;1;0;0;535341.885129416361451;6040452.180654030293226;9.545865163000030;54.510432972000046
673;01210313171013582021;01;0;60;004;2021;03;14;7;3;9;1;0;1;0;1;0;0;0;0;557946.277701465412974;5973634.822603959590197;9.882072082000036;53.907897530000071
674;01210203125013932021;01;0;59;115;2021;02;12;4;3;9;1;0;2;0;1;0;0;0;0;515525.283202545717359;6060059.476836768910289;9.240834776000042;54.687636759000043
675;01210607181013472021;01;0;51;024;2021;06;13;2;2;4;6;0;0;0;1;0;0;1;0;508972.988813337869942;5977581.241397840902209;9.136713557000064;53.946529963000046
676;01210522161013492021;01;0;62;091;2021;05;17;7;2;4;6;0;1;0;1;0;0;0;0;593432.061847108416259;5953749.566349267959595;10.416059966000034;53.724037830000043
677;01210406181013262021;01;0;61;091;2021;04;16;3;3;5;3;0;1;0;1;0;0;0;0;537876.534815170802176;5989992.701077867299318;9.578621227000042;54.056769189000079
678;01210512125013852021;01;0;59;107;2021;05;08;4;3;2;2;0;1;0;1;0;0;0;1;524574.850993664003909;6052600.416215438395739;9.380585787000030;54.620243883000057
679;01210321161013152021;01;0;62;060;2021;03;11;1;3;8;7;0;0;0;1;0;0;0;0;585907.065962491557002;5935631.567866519093513;10.297038866000037;53.562520232000054
680;01210122125013502021;01;0;59;138;2021;01;00;6;3;8;1;2;1;0;1;0;0;0;0;525608.430988808162510;6053465.243693290278316;9.396667820000062;54.627964522000070
681;01210225145013372021;01;0;04;000;2021;02;10;5;3;5;2;0;0;1;1;0;0;0;0;562782.150399235077202;5990928.704294402152300;9.959238703000040;54.062748925000051
682;01210304181013362021;01;0;51;044;2021;03;15;5;3;5;3;0;0;1;1;0;0;0;0;507844.523658041842282;6005528.683199446648359;9.120243787000049;54.197734012000069
683;01210531152013732021;01;0;03;000;2021;05;12;2;3;2;6;0;0;0;1;0;0;0;0;611330.451026904396713;5971807.445919569581747;10.693736785000056;53.882763467000075
684;01210416125013702021;01;0;59;183;2021;04;08;6;2;5;3;0;0;0;1;0;0;0;0;522941.003930210135877;6063713.713893640786409;9.356156101000067;54.720193071000040
685;01210504181013862021;01;0;51;072;2021;05;15;3;3;5;3;0;1;1;1;0;0;0;0;500654.319000001065433;5977519.795999784022570;9.009969168000055;53.946055068000078
686;01210107152013402021;01;0;03;000;2021;01;08;5;3;5;2;0;1;0;1;0;0;0;0;610432.264665746130049;5969403.625175992026925;10.679213094000033;53.861358931000041
687;01210205125013032021;01;0;54;001;2021;02;12;6;3;4;6;0;1;0;1;0;0;0;0;500764.225122225470841;6072718.581690238788724;9.011888315000022;54.801640324000061
688;01210214125013572021;01;0;59;113;2021;02;16;1;3;0;7;0;0;1;0;0;0;0;0;534674.782113981433213;6075619.399194702506065;9.539736325000035;54.826509932000079
689;01210602152013072021;01;0;55;025;2021;06;00;4;2;0;7;2;0;1;0;0;0;0;0;633053.040519996546209;6007255.020253378897905;11.039538695000033;54.196044947000075
690;01210528125013152021;01;0;59;043;2021;05;16;6;2;0;7;0;0;0;0;0;0;0;1;535133.482451088726521;6035742.391584230586886;9.542086262000055;54.468121619000044
691;01210531161013902021;01;0;62;058;2021;05;17;2;3;0;7;0;0;1;0;0;0;0;0;588114.802540638484061;5939434.290676619857550;10.331435342000077;53.596325957000033
692;01210102181013062021;01;0;51;122;2021;01;07;7;1;4;6;1;1;0;1;0;0;0;1;505500.450894002802670;6008266.961900262162089;9.084363149000069;54.222375045000035
693;01210328161013862021;01;0;62;081;2021;03;14;1;3;0;1;0;1;1;0;0;0;0;0;587514.797084971331060;5957916.970948252826929;10.327585031000069;53.762511751000034
694;01210405152013512021;01;0;03;000;2021;04;09;2;3;5;3;0;1;1;1;0;0;0;0;612370.814206869341433;5967766.607143636792898;10.708076895000033;53.846235774000036
695;01210131161013142021;01;0;53;129;2021;01;15;1;3;2;6;0;1;0;1;0;0;0;0;584337.055000011809170;5927590.341999750584364;10.271175301000028;53.490513093000061
696;01210521171013592021;01;0;56;048;2021;05;15;6;2;4;6;0;0;1;0;0;0;0;0;547158.362000000663102;5950142.457999771460891;9.714274084000067;53.697853588000044
697;01210426152013422021;01;0;03;000;2021;04;13;2;3;5;2;0;0;1;0;0;0;0;0;611002.143726377747953;5968298.366242807358503;10.687474799000029;53.851307499000029
698;01210510171013462021;01;0;56;002;2021;05;18;2;3;8;1;0;0;0;0;0;1;0;0;550531.969054674729705;5958584.996317984536290;9.766746550000050;53.773415464000038
699;01210103134013232021;01;0;02;000;2021;01;19;1;3;6;4;2;0;0;1;1;0;0;0;569433.628482569009066;6019047.140590984374285;10.067336778000026;54.314570301000060
700;01210318152013822021;01;0;55;027;2021;03;15;5;3;5;3;0;0;1;1;0;0;0;0;621648.003574069589376;6009073.434265322983265;10.865556790000028;54.215211490000058
701;01210120105132092021;01;0;60;044;2021;01;01;4;2;2;6;2;1;0;1;0;0;1;0;560827.944330131635070;5965126.856032073497772;9.924244093000027;53.831106724000051
702;01210221125013882021;01;0;59;116;2021;02;16;1;1;2;2;0;0;0;1;0;1;0;0;532044.188586965203285;6060645.451152183115482;9.497139446000062;54.692122574000052
703;01210614161013792021;01;0;62;006;2021;06;16;2;3;5;3;0;0;0;1;0;1;0;0;583281.295978011563420;5954318.926816718652844;10.262411427000075;53.730873214000042
704;01210605171013302021;01;0;60;069;2021;06;08;7;3;9;7;0;0;0;1;0;0;0;0;590606.377506333403289;5979378.493754550814629;10.380804499000021;53.954826471000047
705;01210412125013872021;01;0;59;084;2021;04;13;2;3;0;1;0;1;0;0;0;0;0;1;539487.384632878005505;6049083.243858907371759;9.611047842000062;54.587690795000071
706;01210517105132712021;01;0;59;077;2021;05;07;2;3;3;6;0;0;0;1;0;0;0;0;531794.620240202173591;6041630.162648947909474;9.491206046000059;54.521254161000059
707;01210503171013972021;01;0;60;035;2021;05;12;2;2;5;3;0;0;0;1;0;0;0;0;554708.008731372654438;5981967.298295093700290;9.834277364000059;53.983133837000082
708;01210310152013142021;01;0;03;000;2021;03;12;4;3;5;2;0;0;1;1;0;0;0;0;609654.335859687998891;5971102.492990760132670;10.667996882000068;53.876786965000065
709;01210609145013542021;01;0;58;053;2021;06;17;4;3;0;7;0;0;1;0;0;0;0;0;569010.980000006034970;6010865.169999802485108;10.058953956000039;54.241104729000028
710;01210602125013432021;01;0;54;120;2021;06;11;4;3;0;7;0;0;1;0;0;0;0;0;500733.794399077072740;6034743.385236710309982;9.011319762000028;54.460358372000030
711;01210527125013682021;01;0;54;128;2021;05;14;5;3;5;2;0;1;0;1;0;0;0;1;499981.725999999791384;6048121.863999823108315;8.999717270000076;54.580593117000035
712;01210531105132242021;01;0;03;000;2021;05;17;2;3;9;7;0;0;0;1;0;0;0;0;606314.637328904122114;5969179.473316833376884;10.616551541000035;53.860204566000050
713;01210325181013772021;01;0;61;060;2021;03;12;5;3;0;1;0;0;0;0;0;0;0;1;513965.106288883835077;5975774.907615112140775;9.212691008000036;53.930184095000072
714;01210401181013122021;01;0;61;047;2021;04;12;5;3;5;3;0;0;0;1;0;0;0;1;532020.506219352595508;5983284.229186411947012;9.488458423000054;53.996873526000059
715;01210129181013492021;01;0;61;029;2021;01;14;6;3;2;6;0;1;0;1;0;0;0;0;526864.946997180581093;5961193.167189577594399;9.407876849000047;53.798616402000050
716;01210302125013672021;01;0;54;167;2021;03;17;3;2;2;6;0;0;1;1;0;0;0;0;503939.078740870580077;6062239.489515125751495;9.061134388000028;54.707452123000053
717;01210520152013722021;01;0;03;000;2021;05;07;5;3;2;6;0;0;1;0;0;0;0;0;609913.255296331830323;5971463.530847078189254;10.672063002000073;53.879975845000047
718;01210420145013132021;01;0;58;107;2021;04;13;3;3;5;2;0;0;1;1;0;0;0;0;569338.196177012287080;6013276.571775114163756;10.064531958000032;54.262729345000082
719;01210424125013242021;01;0;59;024;2021;04;17;7;3;0;7;0;0;1;0;0;0;0;0;520079.475589755922556;6017819.913855150341988;9.308607209000058;54.307867187000056
720;01210509152013922022;01;0;60;025;2021;05;17;1;3;8;1;0;0;0;0;0;1;0;0;601864.817637720145285;5988034.784492805600166;10.555208925000045;54.030505991000041
721;01210112125013782021;01;0;54;041;2021;01;11;3;3;2;2;0;1;0;1;0;0;1;0;511647.769570566713810;6049054.174110753461719;9.180247542000075;54.588837629000068
722;01210102152013452021;01;0;03;000;2021;01;20;7;2;3;6;2;1;0;1;0;1;0;0;609307.939833858050406;5970283.237994490191340;10.662438155000075;53.869499602000076
723;01210428145013862021;01;0;58;072;2021;04;12;4;2;2;2;0;0;0;1;0;1;0;0;526969.714999999850988;5997319.328999796882272;9.412661727000057;54.123303699000076
724;01210327171013202021;01;0;56;039;2021;03;10;7;3;5;3;0;0;1;1;0;0;0;0;552295.909963845275342;5945156.445780517533422;9.791240886000026;53.652552366000066
725;01210406105132442021;01;0;60;054;2021;04;10;3;3;8;1;0;2;0;1;0;0;0;0;562289.485125618055463;5969740.234262440353632;9.947383903000059;53.872393633000058
726;01210131134013212021;01;0;02;000;2021;01;16;1;3;5;3;1;1;0;1;0;0;0;0;574216.041787135414779;6018335.141590751707554;10.140659679000066;54.307499823000057
727;01210521161013882021;01;0;62;053;2021;05;11;6;3;2;2;0;0;0;1;0;0;0;0;577464.212285150773823;5931581.152708675712347;10.168594892000044;53.527434356000072
728;01210424152013372021;01;0;03;000;2021;04;13;7;3;2;6;0;0;0;1;0;0;0;0;611934.810942338779569;5968403.793006448075175;10.701684944000021;53.852054499000076
729;01210510181013492021;01;0;51;074;2021;05;15;2;3;2;2;0;0;0;1;0;0;0;0;504498.762368303723633;5993812.281099814921618;9.068784018000031;54.092470859000059
730;01210102145013662021;01;0;58;009;2021;01;10;7;3;7;7;0;1;0;1;0;0;0;0;549583.693564198911190;5989979.623182978481054;9.757448386000021;54.055658447000042
731;01210317171013652021;01;0;56;024;2021;03;06;4;3;6;4;1;0;0;1;1;0;0;0;544200.175000000745058;5945411.316999768838286;9.668798104000075;53.655589835000058
732;01210120152013152021;01;0;03;000;2021;01;08;4;3;2;6;0;1;0;1;0;0;0;0;607960.641715022735298;5970238.965863583609462;10.641941171000042;53.869383843000037
733;01210222125013272021;01;0;54;106;2021;02;07;2;3;8;1;1;2;0;1;0;0;0;0;509646.227673935703933;6032625.601631714031100;9.148736711000026;54.441234330000043
734;01210614161013362021;01;0;53;083;2021;06;11;2;3;5;3;0;0;0;1;0;0;0;0;603362.164000035263598;5916198.644999723881483;10.554086930000040;53.384760604000064
735;01210604171013632021;01;0;56;039;2021;06;14;6;3;5;3;0;0;1;1;0;0;0;0;552545.609847406856716;5946283.553162651136518;9.795209101000069;53.662657296000077
736;01210413161013022021;01;0;53;035;2021;04;11;3;2;5;2;0;0;0;1;0;0;0;0;614307.240797149017453;5933113.769678110256791;10.724722081000039;53.534482524000055
737;01210514171013892021;01;0;56;001;2021;05;17;6;2;4;1;0;1;0;1;0;0;0;0;548903.826022946275771;5942682.203015169128776;9.739534166000055;53.630642721000072
738;01210113105132542021;01;0;56;030;2021;01;10;4;3;2;6;0;1;0;1;0;0;1;0;545315.398877758532763;5961431.353691687807441;9.688018017000047;53.799477390000050
739;01210502125013962021;01;0;59;075;2021;05;15;1;3;5;3;0;1;0;1;0;0;0;0;536295.392158645205200;6042079.445240547880530;9.560791881000057;54.524989357000038
740;01210107105132622021;01;0;60;027;2021;01;06;5;3;8;1;2;2;0;1;0;0;0;0;561751.162011664360762;5982393.295269768685102;9.941754176000074;53.986168650000081
741;01210213125013362021;01;0;59;083;2021;02;13;7;2;2;2;0;1;0;1;0;0;0;0;554050.852725143544376;6055377.629917567595840;9.837548006000077;54.642905050000081
742;01210608171013912021;01;0;60;039;2021;06;18;3;2;5;2;0;0;0;1;0;0;0;0;564762.484000004827976;5962196.030999777838588;9.983400766000045;53.804292396000051
743;01210601134013012022;01;0;57;085;2021;06;15;3;3;5;3;0;0;1;1;0;0;0;0;578938.269169524312019;5997114.434009371325374;10.207644490000064;54.116111209000053
744;01210526171013562021;01;0;56;015;2021;05;06;4;3;5;2;0;1;0;1;0;0;0;0;543679.147000000812113;5958777.290999775752425;9.662800782000033;53.775763580000046
745;01210530145013802021;01;0;58;137;2021;05;13;1;2;4;6;0;0;1;0;0;0;0;0;553438.206960932351649;6047793.735047876834869;9.826673645000028;54.574820930000044
746;01210326152013512021;01;0;03;000;2021;03;18;6;2;5;2;1;0;1;1;0;0;0;0;605929.892409362830222;5970951.511266207322478;10.611315816000058;53.876204189000077
747;01210403125013692021;01;0;59;083;2021;04;08;7;3;5;2;0;0;1;1;0;0;0;0;549629.050999999977648;6054609.832999829202890;9.768906684000058;54.636459880000075
748;01210129125013362021;01;0;54;086;2021;01;20;6;3;8;1;2;2;0;1;0;0;0;0;484521.296136442571878;6079619.594119168817997;8.758844517000057;54.863418636000063
749;01210302152013182021;01;0;55;012;2021;03;16;3;3;5;3;0;0;0;1;0;1;0;0;605543.608528958633542;5997787.899724464863539;10.614747923000039;54.117390965000027
750;01210520161013542021;01;0;53;097;2021;05;16;5;2;5;3;0;1;0;1;0;0;0;0;607811.435437536798418;5947961.091918269172311;10.631890095000074;53.669257094000045
751;01210420145013542021;01;0;04;000;2021;04;16;3;3;9;7;0;0;0;0;0;1;0;0;563772.505638834089041;5991613.250373963266611;9.974511818000053;54.068779008000035
752;01210424152013102021;01;0;55;042;2021;04;16;7;3;2;2;0;0;0;1;0;0;0;0;618395.022000064142048;5983653.934999700635672;10.805747885000073;53.987622982000062
753;01210509152013842021;01;0;55;044;2021;05;19;1;2;5;2;0;0;0;1;0;1;0;0;613048.578030921518803;5988772.710172403603792;10.726149009000039;54.034806359000072
754;01210112125013292021;01;0;54;056;2021;01;08;3;3;5;2;1;1;0;1;0;0;0;0;502988.530000000260770;6037555.094999823719263;9.046130494000067;54.485619520000057
755;01210119134013392021;01;0;02;000;2021;01;12;3;3;9;1;0;1;0;1;0;0;0;0;575903.656412011012435;6017199.332927010953426;10.166302950000045;54.297045895000053
756;01210218152013122021;01;0;03;000;2021;02;12;5;3;5;2;0;1;1;1;0;0;0;0;610705.122943233698606;5968284.577204322442412;10.682956613000044;53.851247011000055
757;01210614152013842021;01;0;03;000;2021;06;17;2;2;5;3;0;0;1;1;0;0;0;0;610343.656472648493946;5971233.105886708945036;10.678524483000047;53.877814293000029
758;01210604152013782021;01;0;03;000;2021;06;19;6;2;0;7;0;0;1;0;0;0;0;0;612181.701000049710274;5970932.305999724194407;10.706360823000068;53.874717734000058
759;01210410171013092021;01;0;56;049;2021;04;17;7;3;5;2;0;0;1;1;0;0;0;0;543777.562221231870353;5948577.229486616328359;9.662850428000070;53.684080009000070
760;01210512152013982021;01;0;03;000;2021;05;09;4;3;1;5;0;0;0;0;0;0;0;1;613690.337986104190350;5970772.660531448200345;10.729237602000069;53.872955147000027
761;01210501161013282021;01;0;62;045;2021;05;11;7;3;5;3;0;0;0;1;0;1;0;0;592687.567214254289865;5947463.413777805864811;10.402900402000057;53.667685289000076
762;01210316145013112021;01;0;58;135;2021;03;08;3;3;5;3;0;0;0;1;0;0;0;0;542843.439552403055131;6017783.084572199732065;9.658449026000028;54.306133967000051
763;01210204134013602021;01;0;02;000;2021;02;16;5;3;9;7;1;2;0;1;0;0;0;0;571848.785325640812516;6020530.046622976660728;10.104812183000035;54.327561226000057
764;01210310152013652021;01;0;55;035;2021;03;16;4;3;5;3;0;0;0;1;0;0;0;0;617060.037344545125961;5977855.345006592571735;10.783172582000077;53.935834806000059
765;01210608145013462021;01;0;58;092;2021;06;15;3;3;5;2;0;0;1;0;0;0;0;1;571295.191678769886494;6022541.136478118598461;10.096782267000037;54.345710037000060
766;01210611161013562021;01;0;62;001;2021;06;14;6;2;5;2;0;0;0;1;0;0;0;0;581899.383540640585124;5948149.602540975436568;10.239838477000035;53.675652894000052
767;01210525181013312021;01;0;51;011;2021;05;11;3;3;5;3;0;1;1;1;0;0;0;0;508103.559751142747700;5971877.661587147042155;9.123315704000049;53.895280444000036
768;01210529181013092021;01;0;51;097;2021;05;17;7;3;5;3;0;0;0;1;0;0;0;0;507898.139000000432134;5982919.316999791190028;9.120475358000022;53.994525796000062
769;01210409145013982021;01;0;58;092;2021;04;13;6;3;2;6;0;1;0;1;0;0;0;0;571478.624116183258593;6022258.742475729435682;10.099535823000053;54.343146843000056
770;01210323171013302021;01;0;60;063;2021;03;18;3;3;2;2;1;0;0;1;0;0;0;0;565939.177624521777034;5948661.585497189313173;9.998378026000069;53.682511404000081
771;01210331152013402021;01;0;03;000;2021;03;12;4;3;5;3;0;0;1;1;0;0;0;0;610994.061893732286990;5968265.545422488823533;10.687340133000021;53.851014356000064
772;01210127171013912021;01;0;56;036;2021;01;14;4;3;4;6;0;1;0;1;0;0;0;0;545572.971141446381807;5946249.698654090985656;9.689691414000038;53.663007211000036
773;01210227145013652021;01;0;58;022;2021;02;17;7;3;5;2;1;0;0;1;0;0;0;0;566985.365000004880130;6003546.530999800190330;10.026245569000025;54.175607299000035
774;01210517145013842021;01;0;58;102;2021;05;15;2;3;8;1;0;0;0;0;0;0;1;0;554456.028829898685217;6032682.395012736320496;9.839628170000026;54.438919022000050
775;01210418145013642021;01;0;58;111;2021;04;13;1;2;2;6;0;0;0;1;0;0;0;0;545751.266825462691486;6024370.371475543826818;9.704145808000021;54.365079985000079
776;01210114134013402021;01;0;57;041;2021;01;06;5;3;9;1;2;2;0;1;0;0;0;0;591461.084302856586874;6025965.655733210965991;10.407967580000047;54.373260924000078
777;01210422171013292021;01;0;56;015;2021;04;07;5;3;2;6;0;0;0;1;0;0;0;1;546631.701819199137390;5955329.113885415717959;9.707079328000077;53.744516745000055
778;01210508145013922021;01;0;58;169;2021;05;18;7;3;5;2;0;0;0;1;0;1;0;0;558552.665618469007313;5991496.844596356153488;9.894735829000069;54.068352556000036
779;01210109152013002021;01;0;55;032;2021;01;17;7;3;2;6;2;1;0;1;0;0;0;0;617236.390549940988421;5996057.910192295908928;10.792877037000039;54.099317734000067
780;01210209171013192021;01;0;60;002;2021;02;20;3;3;8;1;2;2;0;1;0;0;0;0;562594.959198134951293;5959667.790539437904954;9.949978984000040;53.781836442000042
781;01210217171013252021;01;0;56;039;2021;02;16;4;3;5;3;0;0;0;1;0;0;0;0;552448.237491197884083;5947452.496597914025187;9.793933122000055;53.673173014000042
782;01210612125013352021;01;0;59;045;2021;06;14;7;3;2;6;0;0;0;1;0;0;0;0;559471.912385167554021;6057405.190188396722078;9.921951145000037;54.660514339000031
783;01210603125013882021;01;0;59;077;2021;06;08;5;3;2;6;0;0;0;1;0;0;0;0;532466.246506412513554;6042362.122606767341495;9.501662426000053;54.527789544000029
784;01210427181013412021;01;0;61;010;2021;04;18;3;3;2;2;0;0;0;1;0;0;0;0;529110.770912298001349;5975808.685750773176551;9.443359709000049;53.929857737000077
785;01210312152013282021;01;0;03;000;2021;03;14;6;3;5;3;0;0;1;1;0;0;0;0;616872.965162510983646;5974187.143254127353430;10.778922606000037;53.902923042000054
786;01210203145013482021;01;0;58;012;2021;02;16;4;3;9;3;0;1;0;1;0;0;0;0;555124.876775225624442;6039765.472898183390498;9.851259935000030;54.502497021000067
787;01210607134013322021;01;0;02;000;2021;06;07;2;3;5;3;0;0;1;1;0;0;0;0;572897.357211998663843;6017986.789240952581167;10.120311537000021;54.304559532000042
788;01210522134013662021;01;0;57;088;2021;05;19;7;3;2;2;0;1;0;1;0;0;0;0;587344.936180634424090;6029740.165946824476123;10.345732109000039;54.407896562000076
789;01210407152013722021;01;0;03;000;2021;04;17;4;3;2;6;0;1;1;1;0;0;0;0;610130.392000045627356;5969918.615999735891819;10.674809869000057;53.866049876000034
790;01210511152013952021;01;0;03;000;2021;05;16;3;3;5;2;0;0;1;0;0;0;0;1;612395.630136922933161;5970719.409709837287664;10.709535210000070;53.872758760000067
791;01210319181013702021;01;0;51;075;2021;03;11;6;3;0;7;0;0;1;0;0;0;0;0;499783.582183645106852;6009859.223862133920193;8.996679542000038;54.236715096000069
792;01210123152013492021;01;0;03;000;2021;01;16;7;3;5;3;2;0;1;1;0;0;0;0;618539.034981228411198;5975511.252707641571760;10.804780970000024;53.914440012000057
793;01210224171013972021;01;0;56;048;2021;02;14;4;3;0;7;0;0;1;0;0;0;0;0;546586.522589499130845;5950801.195479171350598;9.705712608000056;53.703825439000070
794;01210305105132452021;01;0;62;004;2021;03;15;6;3;2;6;0;0;0;1;0;0;0;0;593244.662355603650212;5960271.717493101954460;10.415189498000075;53.782676462000040
795;01210531152013512021;01;0;03;000;2021;05;14;2;3;5;3;0;0;1;0;0;0;0;0;610493.319942339323461;5966982.419518921524286;10.679269905000069;53.839593158000071
796;01210414125013042021;01;0;59;098;2021;04;09;4;3;2;2;0;0;0;1;0;0;0;0;538045.736140972003341;6044855.240633321925998;9.588193108000041;54.549806019000073
797;01210505171013332022;01;0;60;044;2021;05;17;4;3;2;6;0;1;0;1;0;0;0;0;561734.156847390346229;5966879.882948143407702;9.938363608000031;53.846754241000042
798;01210108125013592021;01;0;54;088;2021;01;07;6;3;8;1;1;2;0;1;0;0;0;0;489616.142365328967571;6070191.420103037729859;8.838559180000061;54.778822577000028
799;01210207125013772021;01;0;59;183;2021;02;09;1;3;8;1;0;2;0;1;0;0;0;0;520766.062326356768608;6070981.921504111960530;9.322910391000050;54.785604368000065
800;01210214105132662021;01;0;04;000;2021;02;06;1;3;8;7;2;1;0;1;0;0;0;0;562032.993449743837118;5996886.294668687507510;9.949015250000059;54.116377833000058
801;01210610134013512021;01;0;02;000;2021;06;20;5;3;5;2;0;0;1;1;0;0;0;0;572769.454953726381063;6020515.128868315368891;10.118962627000030;54.327296742000044
802;01210602161013082021;01;0;53;100;2021;06;23;4;3;2;6;2;0;0;1;0;0;0;0;614451.418693349696696;5952287.813556049019098;10.733943989000068;53.706718166000030
803;01210528134013772021;01;0;02;000;2021;05;08;6;3;5;3;0;0;1;1;0;0;0;0;572844.526000006124377;6018126.523999806493521;10.119533855000043;54.305822689000081
804;01210531152013392021;01;0;55;041;2021;05;11;2;3;5;2;0;0;0;1;0;0;0;0;610249.777482542209327;5994672.054561169818044;10.685579677000021;54.088411406000034
805;01210102145013492021;01;0;58;054;2021;01;21;7;2;8;1;2;1;0;1;0;0;0;0;537685.392236662097275;6015474.212452109903097;9.578890079000075;54.285790722000058
806;01210330105132802021;01;0;56;039;2021;03;18;3;1;5;3;0;0;0;1;0;1;0;0;552753.917943145148456;5947926.340692847967148;9.798640404000025;53.677400942000077
807;01210404125013272021;01;0;54;164;2021;04;14;1;2;5;3;0;0;1;1;0;0;0;0;470876.058556335978210;6060861.885875856503844;8.548142553000048;54.694244942000068
808;01210201152013822021;01;0;03;000;2021;02;07;2;3;2;6;1;1;0;1;0;0;0;0;608595.702081963419914;5966272.176494944840670;10.650192388000050;53.833612106000032
809;01210521134013472021;01;0;02;000;2021;05;16;6;3;5;2;0;1;1;1;0;0;0;0;572964.230374393984675;6019966.778513150289655;10.121822919000067;54.322341619000042
810;01210420181013692021;01;0;61;046;2021;04;00;3;3;2;6;2;0;0;1;0;0;1;0;533514.675683503970504;5975819.108688021078706;9.510429983000051;53.929685117000076
811;01210425134013912021;01;0;02;000;2021;04;14;1;3;5;3;0;0;0;1;0;0;0;0;573355.907791617326438;6017798.890918834134936;10.127311056000053;54.302805485000079
812;01210510125013422021;01;0;54;099;2021;05;15;2;3;5;2;0;0;0;1;0;0;0;1;514245.373881231993437;6035508.506835451349616;9.219789933000072;54.467035388000056
813;01210103105132262021;01;0;59;077;2021;01;07;1;3;8;1;1;2;0;1;0;0;0;0;531339.370828093029559;6042357.576673462986946;9.484250370000041;54.527819651000073
814;01210317145013952021;01;0;58;135;2021;03;14;4;3;2;6;0;0;0;1;0;0;0;0;542641.276316994801164;6016258.695776211097836;9.655124731000058;54.292451386000039
815;01210120171013982021;01;0;60;063;2021;01;11;4;3;2;6;0;1;0;1;0;0;1;0;569126.266000004485250;5948460.529999766498804;10.046579938000036;53.680292638000026
816;01210222145013442021;01;0;04;000;2021;02;11;2;3;4;6;0;0;0;1;0;0;0;0;566740.207287849858403;5990018.834722872823477;10.019502723000073;54.054075078000039
817;01210615152013522021;01;0;55;040;2021;06;14;3;3;5;3;0;0;0;1;0;0;0;1;608514.872276906855404;5972132.071992250159383;10.651036501000021;53.886276626000040
818;01210604171013522021;01;0;60;063;2021;06;13;6;3;1;3;0;0;0;1;0;0;0;0;565638.213695056736469;5948569.182633878663182;9.993802367000058;53.681718868000075