OBJECTID;UIDENTSTLAE;ULAND;UREGBEZ;UKREIS;UGEMEINDE;UJAHR;UMONAT;USTUNDE;UWOCHENTAG;UKATEGORIE;UART;UTYP1;ULICHTVERH;USTRZUSTAND;IstRad;IstPKW;IstFuss;IstKrad;IstGkfz;IstSonstige;LINREFX;LINREFY;XGCSWGS84;YGCSWGS84
819;01210412181013032021;01;0;51;074;2021;04;10;2;3;5;3;0;0;0;1;0;0;0;1;504859.910940863192081;5994213.112300474196672;9.074312248000069;54.096070154000074
820;01210516125013092021;01;0;59;183;2021;05;15;1;3;5;3;0;1;0;1;0;0;0;0;525198.398000000044703;6065312.845999836921692;9.391339419000076;54.734455852000053
821;01210503145013902021;01;0;58;058;2021;05;07;2;3;5;3;0;1;1;1;0;0;0;0;562575.071884174831212;6028948.142363915219903;9.964005109000027;54.404428329000041
822;01210310125013412021;01;0;59;009;2021;03;14;4;3;5;3;0;0;0;1;0;0;0;0;526171.898259554058313;6030687.952018940821290;9.403372757000056;54.423238267000045
823;01210609125013412021;01;0;59;045;2021;06;06;4;3;5;3;0;0;1;1;0;0;0;0;559386.741746298968792;6057732.611481240019202;9.920697526000026;54.663466509000045
824;01210601171013222021;01;0;56;041;2021;06;17;3;3;2;6;0;0;0;1;0;0;0;0;561501.464000003412366;5956200.382999772205949;9.932694949000052;53.750804904000063
825;01210527171013162021;01;0;56;050;2021;05;08;5;3;5;3;0;1;0;1;0;0;0;1;548116.535475769080222;5937509.834299579262733;9.726830957000061;53.584227538000050
826;01210115134013742021;01;0;02;000;2021;01;18;6;3;5;3;2;1;0;1;0;0;0;0;569802.724062480963767;6020129.000711109489202;10.073262455000076;54.324241422000057
827;01210530105132192021;01;0;53;046;2021;05;22;1;3;3;6;0;0;0;1;0;0;0;0;619666.512412180192769;5931721.429188786074519;10.805010134000042;53.520780196000032
828;01210326105132252021;01;0;62;011;2021;03;09;6;3;3;6;0;0;0;1;0;0;1;0;581767.115054546855390;5941994.171089470386505;10.236217520000025;53.620358733000046
829;01210403125013232021;01;0;54;116;2021;04;16;7;2;9;1;0;0;0;1;0;0;0;0;512532.378444094210863;6028701.513166660442948;9.193072647000065;54.405904669000051
830;01210128181013872021;01;0;61;046;2021;01;16;5;3;2;6;1;0;0;1;0;0;0;0;533563.162345018237829;5975195.473022097721696;9.511099924000064;53.924076946000071
831;01210303105132962021;01;0;60;009;2021;03;08;4;3;2;6;0;1;0;0;0;0;1;1;562205.435000002384186;5977592.626999784260988;9.947701937000033;53.942971817000057
832;01210520152013532021;01;0;55;040;2021;05;08;5;3;4;1;0;0;0;1;0;0;0;0;604538.086988349445164;5978351.964133307337761;10.592682125000067;53.942976444000067
833;01210420134013102021;01;0;02;000;2021;04;09;3;2;5;2;0;0;1;1;0;0;0;0;572430.216043174266815;6020241.652665961533785;10.113680911000074;54.324887614000033
834;01210112171013472021;01;0;60;041;2021;01;18;3;3;8;1;2;2;0;0;0;0;0;1;583429.478687923401594;5975105.910374710336328;10.270295586000032;53.917640976000030
835;01210423181013382021;01;0;51;076;2021;04;15;6;3;0;3;0;0;1;0;0;1;0;0;501588.069135810248554;5973954.101221326738596;9.024177203000022;53.914004503000058
836;01210509152013652021;01;0;03;000;2021;05;18;1;3;2;6;0;0;0;1;0;0;0;0;620387.926108675077558;5978375.820694390684366;10.834043096000073;53.939747388000058
837;01210111181013452021;01;0;51;102;2021;01;08;2;3;4;6;1;1;0;1;0;0;0;1;506979.140168251469731;6019833.285661181434989;9.107312237000031;54.326309248000030
838;01210116161013532021;01;0;53;116;2021;01;13;7;3;5;2;0;0;1;1;0;0;0;0;597565.221057333052158;5929058.192568719387054;10.470946888000071;53.501416466000080
839;01210218125013262021;01;0;54;161;2021;02;07;5;3;4;6;1;1;0;0;0;0;1;0;500339.718250514008105;6026598.949225408956409;9.005231279000043;54.387162452000041
840;01210614125013442021;01;0;54;078;2021;06;15;2;3;2;6;0;0;1;0;0;0;0;0;463129.751311603002250;6096502.087030449882150;8.423414760000071;55.014006851000033
841;01210604152013462021;01;0;03;000;2021;06;07;6;3;5;3;0;0;1;1;0;0;0;0;611268.861000047996640;5969082.181999728083611;10.691811607000034;53.858292395000035
842;01210514125013802021;01;0;54;103;2021;05;13;6;3;3;6;0;0;1;0;0;0;0;0;478070.333513833582401;6040310.596535556018353;8.661295536000068;54.509918170000049
843;01210430152013562021;01;0;03;000;2021;04;14;6;3;2;6;0;0;0;1;0;1;0;0;621932.488460625521839;5980307.986167607828975;10.858331779000025;53.956743068000037
844;01210313105132932021;01;0;62;086;2021;03;15;7;3;8;1;0;1;0;1;0;0;0;0;587465.448696985840797;5936139.373701179400086;10.320702942000025;53.566826071000037
845;01210203152013362021;01;0;55;016;2021;02;13;4;3;9;1;0;2;0;1;0;0;0;0;624415.941486746072769;6003161.293596537783742;10.905534634000048;54.161440337000045
846;01210308145013612021;01;0;04;000;2021;03;10;2;2;6;4;0;0;0;1;1;0;0;0;564988.390800000168383;5991814.217999791726470;9.993131885000025;54.070433065000032
847;01210608152013802021;01;0;55;017;2021;06;10;3;2;9;7;0;0;0;1;0;0;0;0;630503.604955404065549;6023951.601089913398027;11.007764401000031;54.346668795000028
848;01210611105132272021;01;0;58;049;2021;06;17;6;3;2;6;0;0;0;1;0;0;1;0;553818.870014688931406;6010186.437568837776780;9.825744096000051;54.236827612000070
849;01210524161013572021;01;0;53;098;2021;05;16;2;2;2;6;0;0;0;1;0;1;0;0;613959.246411156840622;5957241.299784999340773;10.728316023000048;53.751329121000026
850;01210529134013322021;01;0;57;080;2021;05;17;7;2;4;6;0;0;0;1;0;0;0;1;580856.963000012561679;6002059.182999793440104;10.238315209000064;54.160244758000033
851;01210409152013742021;01;0;03;000;2021;04;22;6;3;8;6;2;1;0;1;0;0;0;0;608899.976291424594820;5968148.638645691797137;10.655479011000068;53.850407327000028
852;01210513152013662021;01;0;03;000;2021;05;20;5;2;5;3;0;1;1;0;0;0;0;1;613049.750752929598093;5969804.004260685294867;10.719142101000045;53.864392617000078
853;01210322181013682021;01;0;51;017;2021;03;12;2;3;5;3;0;0;0;1;0;0;0;0;502718.768278887495399;5988350.150541717186570;9.041519731000051;54.043390731000045
854;01210330161013872021;01;0;53;030;2021;03;16;3;3;5;2;0;0;1;1;0;0;0;0;613384.915990247391164;5947123.376990085467696;10.715906760000053;53.660551731000055
855;01210127161013752021;01;0;62;071;2021;01;18;4;3;2;6;2;1;0;1;0;0;0;0;581685.550379709340632;5941515.006888749077916;10.234858991000067;53.616065498000069
856;01210226145013242021;01;0;04;000;2021;02;10;6;3;5;2;0;0;0;0;0;0;0;1;567103.052779014222324;5992162.932554861530662;10.025519079000048;54.073295656000028
857;01210517161013452021;01;0;53;116;2021;05;13;2;2;5;3;0;1;1;1;0;0;0;0;599577.123750462196767;5929684.656610574573278;10.501467063000064;53.506668585000057
858;01210417181013502021;01;0;51;140;2021;04;17;7;3;5;3;0;0;0;1;0;0;0;0;497080.313000001013279;6008974.714999800547957;8.955212406000044;54.228757237000082
859;01210422134013172021;01;0;02;000;2021;04;11;5;3;0;3;0;0;1;1;0;0;0;0;572234.232888581231236;6018284.490712942555547;10.110194534000073;54.307328812000037
860;01210506125013362021;01;0;01;000;2021;05;16;5;3;2;6;0;1;0;1;0;0;0;0;526979.416000002063811;6069309.030999835580587;9.419369390000043;54.770275354000034
861;01210107161013902021;01;0;62;058;2021;01;15;5;3;0;7;1;1;1;0;0;0;0;0;586702.300874259322882;5938411.279674861580133;10.309813921000057;53.587368533000074
862;01210211105132832021;01;0;62;009;2021;02;14;5;3;3;6;0;0;0;1;0;0;1;1;578821.775228787213564;5936113.117700384929776;10.190211988000044;53.567959712000061
863;01210216171013202021;01;0;56;039;2021;02;11;3;2;0;1;0;2;1;0;0;0;0;0;553033.422335388138890;5946076.969359893351793;9.802555438000070;53.660751368000035
864;01210612125013002021;01;0;54;078;2021;06;12;7;3;8;7;0;0;1;0;0;0;0;0;462839.129827629774809;6097710.899543620646000;8.418713081000021;55.024847538000074
865;01210603152013412021;01;0;03;000;2021;06;17;5;3;2;3;0;0;0;1;0;0;0;0;610128.343263543210924;5969960.526546239852905;10.674793771000054;53.866426846000081
866;01210106105132052021;01;0;53;089;2021;01;20;4;3;8;1;2;2;0;1;0;0;0;0;596435.895756962709129;5935870.733402349054813;10.456025352000040;53.562840329000039
867;01210428105132642022;01;0;56;039;2021;04;15;4;3;2;6;0;0;0;1;0;0;0;0;552930.497774977236986;5947707.585739644244313;9.801276042000040;53.675417023000080
868;01210329145013272021;01;0;58;135;2021;03;14;2;3;5;3;0;0;0;1;0;0;0;0;542997.492561739869416;6016455.110160464420915;9.660625356000025;54.294186691000050
869;01210406105132192021;01;0;51;099;2021;04;12;3;3;8;1;0;2;0;1;0;0;0;0;517409.343785535544157;5993663.843549320474267;9.266170882000040;54.090862019000042
870;01210202105132212021;01;0;58;146;2021;02;17;3;2;2;6;2;1;0;1;0;0;0;1;550311.485850501805544;6014961.898922435939312;9.772737857000038;54.280099925000059
871;01210204152013622021;01;0;55;046;2021;02;03;5;2;9;1;2;2;0;0;0;0;0;1;636205.437511196359992;6037558.170741278678179;11.101663929000040;54.467382493000059
872;01210119134013702021;01;0;02;000;2021;01;11;3;3;5;3;0;1;1;1;0;0;0;0;572139.620488584972918;6017908.283064473420382;10.108649847000038;54.303961667000067
873;01210220105132952021;01;0;62;009;2021;02;10;7;3;8;7;0;0;0;1;0;0;0;0;577609.872093522921205;5935446.246415428817272;10.171750772000053;53.562147395000068
874;01210614152013812021;01;0;03;000;2021;06;07;2;3;5;3;0;0;1;1;0;0;0;0;610085.165000047534704;5973476.415999734774232;10.675400199000023;53.898023642000055
875;01210604105132812021;01;0;62;009;2021;06;19;6;3;3;6;0;0;0;1;0;0;1;0;578302.873804118484259;5935641.383974604308605;10.182260152000026;53.563798094000049
876;01210512171013842021;01;0;60;071;2021;05;09;4;3;8;6;0;0;0;1;0;0;0;0;591016.258824842050672;5978595.445059325546026;10.386815407000029;53.947718559000066
877;01210430152013842021;01;0;55;022;2021;04;15;6;3;5;3;0;0;1;0;0;0;0;1;633894.861508539877832;6015925.981857346370816;11.056303188000072;54.273706574000073
878;01210316171013712021;01;0;56;015;2021;03;08;3;3;6;2;0;0;0;1;1;0;0;0;542826.525223887525499;5956348.080179948359728;9.649526713000057;53.754001396000035
879;01210204181013032021;01;0;51;030;2021;02;07;5;3;4;1;1;2;0;1;0;0;0;0;508658.371827727183700;6014658.175598841160536;9.132982281000068;54.279772543000036
880;01210308171013182021;01;0;60;089;2021;03;17;2;3;2;6;0;0;0;1;0;0;0;0;579832.349233575165272;5989265.849432907998562;10.219250196000075;54.045447750000051
881;01210608161013532021;01;0;62;061;2021;06;18;3;3;5;3;0;0;0;1;0;0;0;0;596949.431000025942922;5964675.787999760359526;10.472783647000028;53.821571454000036
882;01210611152013732021;01;0;03;000;2021;06;08;6;3;5;3;0;0;1;1;0;0;0;0;614239.986000054515898;5968586.217999715358019;10.736779595000030;53.853191467000045
883;01210525125013202022;01;0;54;168;2021;05;06;3;3;0;7;0;0;1;0;0;0;0;1;456763.630495964549482;6084208.360118729993701;8.325719399000036;54.903024775000063
884;01210529181013272021;01;0;51;051;2021;05;15;7;2;8;1;0;0;0;1;0;0;0;0;520036.430681412108243;5985613.894655533134937;9.305803937000064;54.018415892000064
885;01210410134013872021;01;0;02;000;2021;04;15;7;3;2;6;0;0;0;1;0;0;0;0;568308.162442779168487;6019320.799453180283308;10.050101926000025;54.317181180000034
886;01210323134013912021;01;0;02;000;2021;03;14;3;3;5;3;0;0;0;1;0;0;0;0;578114.557494428008795;6021006.153814729303122;10.201262568000061;54.330918756000074
887;01210331152013472021;01;0;03;000;2021;03;11;4;3;5;2;0;0;1;1;0;0;0;0;611022.841000048443675;5968299.812999729067087;10.687789815000031;53.851316073000078
888;01210126145013052021;01;0;04;000;2021;01;17;3;2;6;4;2;1;0;1;1;0;0;0;562169.657059615477920;5990564.820544788613915;9.949807323000073;54.059553105000077
889;01210226125013342021;01;0;59;120;2021;02;10;6;3;5;3;0;0;1;1;0;0;0;0;525177.491958101280034;6071763.707611793652177;9.391573977000064;54.792427980000070
890;01210517181013912021;01;0;51;023;2021;05;19;2;2;9;1;0;1;0;0;0;0;0;1;521203.888104625977576;6013181.531746463850141;9.325559433000024;54.266135022000071
891;01210417171013762021;01;0;60;044;2021;04;23;7;3;9;7;2;0;0;1;0;0;0;0;560405.852645200677216;5964172.290790742263198;9.917644065000047;53.822577254000066
892;01210422161013442021;01;0;62;001;2021;04;15;5;3;6;4;0;0;0;1;1;0;0;0;582161.876000013202429;5947894.346999764442444;10.243743632000076;53.673317897000061
893;01210507125013742021;01;0;54;056;2021;05;16;6;3;5;3;0;0;1;1;0;0;0;0;506074.325925864279270;6035915.405362876132131;9.093728618000057;54.470855764000078
894;01210109125013662021;01;0;54;056;2021;01;00;7;3;9;1;2;1;0;1;0;0;0;0;502445.910802441649139;6035676.809002200141549;9.037739166000051;54.468741896000040
895;01210209134013832021;01;0;02;000;2021;02;16;3;3;5;3;0;0;1;1;0;0;0;0;573480.018000007607043;6021434.420999806374311;10.130112976000021;54.335455394000064
896;01210217125013432021;01;0;01;000;2021;02;13;4;3;5;2;0;1;0;1;0;0;0;0;527696.992000000551343;6072190.857999837026000;9.430798242000037;54.796133796000049
897;01210611171013112021;01;0;56;041;2021;06;11;6;3;5;7;0;0;0;1;0;0;0;0;559805.235000002197921;5954999.380999771878123;9.906742110000039;53.740208673000041
898;01210603145013052021;01;0;58;063;2021;06;15;5;2;9;7;0;1;0;1;0;0;0;0;566899.001562350429595;6007237.393677767366171;10.025743590000047;54.208785351000074
899;01210106105132182021;01;0;56;005;2021;01;23;4;3;9;6;2;2;0;1;0;0;1;0;561510.344359135255218;5945315.564664211124182;9.930668727000068;53.652980065000065
900;01210428171013202021;01;0;56;022;2021;04;10;4;3;5;3;0;0;1;1;0;0;0;0;552503.357729037292302;5959285.826520731672645;9.796775574000037;53.779519085000061
901;01210314181013172021;01;0;61;046;2021;03;18;1;3;5;3;2;1;0;1;0;0;0;0;531809.834000000730157;5973357.647999780252576;9.484210179000058;53.907669734000081
902;01210131105132522021;01;0;53;010;2021;01;01;1;3;9;1;2;2;0;1;0;0;0;0;614170.544558770023286;5933701.042868698015809;10.722874817000047;53.539788632000068
903;01210607171013672021;01;0;60;085;2021;06;17;2;2;0;7;0;0;0;0;0;1;0;0;578073.779012093320489;5964482.115951968356967;10.186065482000060;53.823008423000033
904;01210523171013462021;01;0;60;063;2021;05;11;1;3;5;2;0;0;0;1;0;0;0;0;564968.109405008144677;5947453.387678587809205;9.983424628000023;53.671774874000050
905;01210406145013422021;01;0;58;018;2021;04;14;3;3;5;2;0;0;0;1;0;0;0;1;566149.370000005699694;6009029.347999799996614;10.014646393000021;54.224985463000053
906;01210512134013102021;01;0;57;025;2021;05;16;4;3;5;3;0;0;1;1;0;0;0;0;578107.451392358168960;6025251.819747991859913;10.202266483000074;54.369068908000031
907;01210321105132532021;01;0;55;039;2021;03;17;1;3;8;1;0;0;0;1;0;0;0;0;616531.746762930415571;5997058.997855477035046;10.782492557000069;54.108470935000071
908;01210124181013972021;01;0;51;119;2021;01;15;1;3;9;1;0;2;0;1;0;0;0;0;503836.852425927296281;5981039.193888111039996;9.058502329000021;53.977673501000027
909;01210224171013182021;01;0;56;049;2021;02;13;4;3;5;2;0;0;0;1;0;0;0;0;545237.526036074385047;5949196.613166933879256;9.685044859000072;53.689522508000039
910;01210303152013012021;01;0;55;004;2021;03;10;4;3;5;3;0;0;0;1;0;0;0;0;610628.008000048808753;5976101.430999729782343;10.684606892000033;53.921491675000027
911;01210531161013482022;01;0;62;094;2021;05;15;2;3;9;6;0;0;0;1;0;0;0;0;601983.578217863105237;5966302.108165372163057;10.549767986000063;53.835220681000067
912;01210414152013372021;01;0;03;000;2021;04;18;4;3;2;6;0;0;0;1;0;0;0;0;609405.762704730033875;5970943.430064959451556;10.664160739000067;53.875410365000050
913;01210504145013992021;01;0;58;029;2021;05;08;3;2;8;7;0;1;0;1;0;0;0;0;536354.788812593556941;6007362.509448608383536;9.557467710000026;54.212986276000038
914;01210107152013022021;01;0;55;033;2021;01;17;5;3;8;7;2;1;0;1;0;0;0;0;621945.972762106917799;6015491.589612090960145;10.872733784000047;54.272793386000046
915;01210205105132852021;01;0;59;183;2021;02;07;6;3;2;6;1;2;0;1;0;0;0;0;524874.525555899366736;6065277.290510134771466;9.386306661000049;54.734152456000061
916;01210212125013472021;01;0;59;075;2021;02;13;6;3;2;2;0;0;0;1;0;0;0;0;536298.012000001966953;6042080.737999824807048;9.560832517000051;54.525000787000067
917;01210610125013482021;01;0;54;084;2021;06;08;5;3;5;3;0;0;0;1;0;1;0;0;506551.385119074024260;6035810.017112493515015;9.101087433000032;54.469902687000058
918;01210602134013382021;01;0;02;000;2021;06;17;4;3;5;2;0;0;1;1;0;0;0;0;571274.024331642314792;6023919.923693293705583;10.096786619000056;54.358102421000069
919;01210528105132232021;01;0;56;039;2021;05;14;6;3;3;6;0;0;0;1;0;0;0;0;554659.829408078454435;5944598.993565579876304;9.826905115000045;53.647300588000064
920;01210116134013092021;01;0;02;000;2021;01;18;7;3;0;1;2;2;0;0;0;1;0;0;572776.968266215175390;6021878.720747279003263;10.119410918000028;54.339548499000045
921;01210531152013922021;01;0;03;000;2021;05;18;2;3;5;2;0;0;1;1;0;0;0;0;612304.883660229854286;5972074.257837591692805;10.708651947000021;53.884950498000080
922;01210329161013412021;01;0;62;006;2021;03;11;2;3;2;6;0;0;0;1;0;0;0;0;585251.934455530717969;5952697.244193386286497;10.291828131000045;53.715982350000047
923;01210406105132702021;01;0;60;044;2021;04;13;3;3;9;1;0;2;0;1;0;0;0;0;560821.854227245785296;5963457.959901439025998;9.923821553000039;53.816109045000076
924;01210129171013512021;01;0;56;049;2021;01;19;6;3;5;2;2;2;0;1;0;0;0;0;543777.260809418745339;5948578.518864298239350;9.662846047000073;53.684091623000029
925;01210520181013722021;01;0;51;081;2021;05;14;5;2;4;6;0;0;0;1;0;0;1;0;501926.657959047704935;6004245.505608525127172;9.029524347000063;54.186257672000067
926;01210420171013112021;01;0;56;015;2021;04;16;3;3;2;6;0;0;0;1;0;0;0;1;543759.234199521131814;5958751.192807206884027;9.664012257000024;53.775522295000030
927;01210425125013072021;01;0;59;132;2021;04;22;1;3;7;7;2;0;0;1;0;0;0;0;520364.393977408297360;6049462.198411466553807;9.315162565000037;54.592228496000075
928;01210510145013062021;01;0;58;124;2021;05;13;2;3;5;3;0;0;1;0;0;1;0;0;544540.899393896572292;6015722.069950515404344;9.684227638000038;54.287466776000031
929;01210112171013012021;01;0;60;063;2021;01;07;3;3;5;2;2;1;1;1;0;0;0;0;566107.989210662432015;5948697.758350826799870;10.000941264000062;53.682815160000075
930;01210319125013422021;01;0;59;075;2021;03;14;6;3;2;6;0;0;0;0;0;0;0;1;534087.244150858372450;6042811.690380871295929;9.526760647000060;54.531723223000029
931;01210122105132652021;01;0;60;004;2021;01;11;6;3;2;6;0;0;0;1;0;0;1;0;561566.623150147497654;5973062.374422775581479;9.937058807000028;53.902335588000028
932;01210221105132632021;01;0;55;035;2021;02;16;1;3;5;3;0;0;0;1;0;0;0;0;613087.355942920781672;5975808.349959705024958;10.721930208000060;53.918327613000031
933;01210614171013812021;01;0;56;039;2021;06;18;2;3;5;3;0;0;1;1;0;0;0;0;552043.929348831064999;5945826.590004632249475;9.787541049000026;53.658600476000061
934;01210606125013562021;01;0;59;187;2021;06;18;1;3;0;1;0;0;1;0;0;0;0;0;553031.307913492433727;6048693.820672674104571;9.820542247000049;54.582952043000034
935;01210413152013332021;01;0;55;046;2021;04;14;3;2;8;1;0;0;0;1;0;0;0;0;643115.149786652997136;6040275.709889680147171;11.209511443000054;54.489887207000038
936;01210515105132952021;01;0;56;018;2021;05;21;7;2;3;6;2;0;0;1;0;0;0;0;554994.270832687616348;5944263.338865175843239;9.831904653000038;53.644248843000071
937;01210503145013672021;01;0;58;054;2021;05;04;2;2;0;1;2;1;0;1;0;0;0;0;537797.952018401585519;6017752.538450153544545;9.580907158000059;54.306257751000032
938;01210309152013672022;01;0;55;033;2021;03;15;3;3;2;6;0;0;0;1;0;1;0;0;623675.457481813617051;6017583.664661783725023;10.900142436000067;54.291170267000041
939;01210609125013722021;01;0;01;000;2021;06;15;4;3;2;6;0;0;0;1;0;0;0;0;529576.314000000245869;6067638.727999839931726;9.459564232000048;54.755118955000057
940;01210601125013742022;01;0;59;112;2021;06;15;3;3;5;2;0;0;0;1;0;0;0;1;557722.557128875516355;6066927.883825002238154;9.896721460000037;54.746286333000057
941;01210527152013622021;01;0;55;007;2021;05;15;5;3;5;3;0;0;0;1;0;0;0;0;596438.658000024966896;5994499.643999777734280;10.474452944000063;54.089634533000037
942;01210530171013712021;01;0;56;013;2021;05;17;1;2;2;6;0;0;0;1;0;1;0;0;559084.397341929376125;5943704.160481907427311;9.893662233000043;53.638777446000063
943;01210327145013442021;01;0;04;000;2021;03;01;7;1;4;6;2;0;0;1;0;0;0;0;565976.841935689561069;5988207.768078265711665;10.007450046000031;54.037898270000028
944;01210402125013262021;01;0;59;018;2021;04;11;6;3;2;7;0;1;0;1;0;0;0;0;535955.300631997175515;6038163.191923769190907;9.555060219000040;54.489819280000063
945;01210127171013422021;01;0;60;063;2021;01;08;4;2;2;6;0;1;0;1;0;0;0;1;568478.877963379956782;5949374.072002656757832;10.036981870000034;53.688587803000075
946;01210302125013762021;01;0;01;000;2021;03;16;3;3;5;3;0;0;0;1;0;1;0;0;527092.449660575948656;6071845.624004898592830;9.421363227000029;54.793064370000081
947;01210520171013572021;01;0;56;015;2021;05;11;5;3;2;2;0;0;0;1;0;0;0;0;543901.087224232032895;5956658.088703293353319;9.665866883000035;53.756698243000073
948;01210419125013192021;01;0;54;076;2021;04;20;2;2;0;6;0;0;1;0;0;0;0;0;497694.363306907005608;6066748.596806099638343;8.964180860000056;54.747984815000052
949;01210423171013552021;01;0;60;094;2021;04;00;6;3;8;1;2;0;0;1;0;0;0;0;570833.333050720393658;5960487.036280911415815;10.075174931000049;53.788143104000028
950;01210508171013852021;01;0;56;039;2021;05;15;7;3;3;6;0;0;0;1;0;0;0;0;552581.181564633734524;5946280.206716630607843;9.795746809000036;53.662623644000064
951;01210110171013412021;01;0;60;063;2021;01;02;1;3;8;1;2;2;0;1;0;0;0;0;567189.300212858244777;5950907.053330918774009;10.017789397000058;53.702532088000055
952;01210118134013252021;01;0;02;000;2021;01;13;2;3;5;2;0;1;0;1;0;0;0;0;577418.493982725776732;6020753.510933814570308;10.190495347000024;54.328754710000055
953;01210219171013882021;01;0;56;023;2021;02;14;6;3;5;3;0;0;0;1;0;0;0;0;545666.186000002548099;5950986.218999769538641;9.691799359000072;53.705569683000078
954;01210613171013142021;01;0;60;063;2021;06;17;1;3;5;2;0;0;1;1;0;0;0;0;567740.620621796697378;5953214.580650929361582;10.026644202000057;53.723198388000071
955;01210603125013832021;01;0;59;032;2021;06;16;5;3;5;3;0;1;0;1;0;0;0;0;539404.941999999806285;6035561.712999816983938;9.607964078000066;54.466184382000051
956;01210512171013692021;01;0;60;043;2021;05;13;4;3;5;3;0;0;1;1;0;0;0;0;576573.928775014355779;5963055.029302233830094;10.162930449000044;53.810407219000069
957;01210430152013232021;01;0;55;040;2021;04;13;6;2;5;2;0;0;1;1;0;0;0;0;608596.572701025754213;5972107.149605521932244;10.652270158000022;53.886035616000072
958;01210311161013152021;01;0;53;115;2021;03;10;5;3;8;7;0;1;0;0;0;0;0;1;601451.609646048396826;5926839.335627371445298;10.528800413000056;53.480743755000049
959;01210203105132482022;01;0;59;019;2021;02;11;4;3;8;1;0;2;0;0;0;0;0;1;533482.341244017705321;6038867.963833548128605;9.516965587000072;54.496322165000038
960;01210307145013292021;01;0;04;000;2021;03;16;1;3;5;3;0;1;0;1;0;0;0;1;564975.648000004701316;5993012.206999793648720;9.993194155000026;54.081200343000035
961;01210607181013632021;01;0;51;021;2021;06;09;2;2;4;6;0;0;0;1;0;0;0;0;501483.582999999634922;5977013.183999786153436;9.022601327000075;53.941499926000063
962;01210610145013272021;01;0;58;107;2021;06;19;5;3;9;7;0;0;0;0;0;1;0;0;569729.702586065977812;6013989.620581148192286;10.070707548000030;54.269083552000041
963;01210522181013592021;01;0;51;044;2021;05;14;7;3;2;6;0;1;0;1;0;0;0;0;506944.369164060801268;6005370.567765381187201;9.106442260000051;54.196325913000067
964;01210406152013182021;01;0;55;021;2021;04;16;3;3;5;3;0;0;0;1;0;0;0;0;627764.734851907938719;6025888.264925338327885;10.966486169000063;54.364757484000052
965;01210512125013462022;01;0;54;152;2021;05;12;4;2;4;6;0;0;0;1;0;0;0;0;510351.677693847566843;6039663.728681925684214;9.159860531000049;54.504473315000041
966;01210322161013112021;01;0;62;020;2021;03;07;2;3;3;6;0;0;0;1;0;0;0;0;590359.021160909906030;5938830.940011013299227;10.365160760000037;53.590522210000074
967;01210331171013812021;01;0;60;039;2021;03;13;4;3;2;6;0;0;0;1;0;0;0;0;564537.520264357328415;5960479.231351919472218;9.979625662000046;53.788891632000059
968;01210126105132202021;01;0;60;063;2021;01;15;3;3;2;6;0;1;0;1;0;0;0;0;562461.729747839272022;5948980.057989802211523;9.945798603000071;53.685800828000026
969;01210226125013012021;01;0;01;000;2021;02;16;6;3;6;6;0;0;0;1;1;0;0;0;530593.719560939818621;6074535.064151354134083;9.476099808000072;54.817031474000032
970;01210307181013552021;01;0;51;074;2021;03;14;1;3;9;1;0;1;0;1;0;0;0;0;506966.671609699726105;5995986.623047046363354;9.106567251000058;54.111985813000047
971;01210517134013752021;01;0;02;000;2021;05;16;2;3;0;2;0;1;1;1;0;0;0;0;572142.011044912040234;6017903.784923048689961;10.108685492000063;54.303920910000045
972;01210418125013752021;01;0;59;161;2021;04;17;1;3;0;7;0;0;0;0;0;1;0;0;542491.694456879980862;6064164.335703942924738;9.659726569000043;54.722971028000075
973;01210421181013752021;01;0;61;116;2021;04;17;4;3;5;3;0;0;0;1;0;0;0;1;549104.654000001028180;5976103.618999782949686;9.747892989000036;53.930998452000040
974;01210507105132662021;01;0;59;179;2021;05;15;6;3;5;2;0;0;0;1;0;0;1;0;513021.140113425441086;6060175.416533112525940;9.201994914000068;54.688749655000038
975;01210107105132672021;01;0;61;073;2021;01;04;5;3;8;1;2;2;0;0;0;0;0;1;537094.767167480662465;5969005.741718776524067;9.564126674000022;53.868204996000031
976;01210209171013252021;01;0;56;015;2021;02;13;3;3;5;3;0;2;1;1;0;0;0;0;544195.932595681399107;5956237.845653302967548;9.670278459000031;53.752896314000054
977;01210217105132762021;01;0;51;082;2021;02;11;4;3;3;6;0;1;0;0;0;0;1;1;511031.281785087659955;6001771.742865037173033;9.168953708000060;54.163909459000081
978;01210612152013442021;01;0;55;039;2021;06;10;7;3;5;3;0;0;1;1;0;0;0;0;616211.348875541239977;5993290.027829451486468;10.776147082000023;54.074685031000058
979;01210602152013422021;01;0;55;040;2021;06;21;4;3;0;1;0;0;0;0;0;1;0;0;607768.836000042036176;5974205.159999744966626;10.640420316000075;53.905057594000027
980;01210106134013372021;01;0;57;070;2021;01;17;4;3;4;6;2;1;0;1;0;0;0;1;587987.577922360971570;6008364.832594437524676;10.349331748000054;54.215729697000029
981;01210428161013652021;01;0;62;061;2021;04;05;4;3;5;3;0;0;0;1;0;0;0;1;598608.438000028952956;5965198.023999756202102;10.498144059000026;53.825951799000052