OBJECTID;UIDENTSTLAE;ULAND;UREGBEZ;UKREIS;UGEMEINDE;UJAHR;UMONAT;USTUNDE;UWOCHENTAG;UKATEGORIE;UART;UTYP1;ULICHTVERH;USTRZUSTAND;IstRad;IstPKW;IstFuss;IstKrad;IstGkfz;IstSonstige;LINREFX;LINREFY;XGCSWGS84;YGCSWGS84
1145;01210114152013112021;01;0;03;000;2021;01;12;5;3;0;7;0;1;0;0;0;0;0;1;606679.975945323705673;5970285.861378658562899;10.622488875000045;53.870069987000079
1146;01210421161013072021;01;0;62;006;2021;04;16;4;3;8;1;0;0;0;1;1;0;1;0;582831.040880152024329;5953611.857505273073912;10.255398774000071;53.724591063000048
1147;01210506171013342021;01;0;60;011;2021;05;17;5;3;7;7;0;0;0;0;0;1;0;0;566601.483516721054912;5987184.674265148118138;10.016762153000059;54.028624013000069
1148;01210110105132512021;01;0;56;039;2021;01;20;1;3;5;3;2;1;0;1;0;0;0;1;552532.122730601578951;5947972.901740541681647;9.795290890000047;53.677841753000052
1149;01210210105132942021;01;0;56;039;2021;02;16;4;3;0;7;0;1;0;1;0;0;1;0;553043.962404595687985;5947537.953612936660647;9.802964521000035;53.673880947000043
1150;01210216145013432021;01;0;58;081;2021;02;07;3;3;8;1;0;1;0;1;0;0;0;0;546438.781655824743211;6026311.421564590185881;9.715029293000043;54.382461355000032
1151;01210612181013162021;01;0;51;081;2021;06;23;7;3;5;2;2;0;0;1;0;0;0;0;503039.964068800210953;6004618.283474780619144;9.046588550000024;54.189602673000081
1152;01210603125013512021;01;0;59;083;2021;06;12;5;3;5;3;0;0;1;1;0;0;0;0;549796.903733961284161;6054732.224583534523845;9.771527800000058;54.637543172000051
1153;01210429105132692021;01;0;62;078;2021;04;23;5;2;6;4;2;1;0;0;1;0;0;1;587969.947643538005650;5952277.740724416449666;10.332883101000050;53.711761676000037
1154;01210312125013712021;01;0;54;010;2021;03;13;6;3;5;3;0;0;0;1;0;0;0;0;497219.292000001296401;6061666.659999832510948;8.956848950000051;54.702311918000078
1155;01210203125013472021;01;0;54;168;2021;02;15;4;3;8;1;0;2;0;1;0;0;0;0;460977.500159433111548;6081108.825621956959367;8.391850969000075;54.875518961000068
1156;01210607171013052021;01;0;56;008;2021;06;15;2;3;9;7;0;0;0;1;0;0;0;0;547660.821790389716625;5959905.848677378147840;9.723389283000074;53.785557336000068
1157;01210523171013382021;01;0;56;050;2021;05;22;1;2;7;7;2;0;0;1;0;0;0;0;547283.317129201255739;5939551.188011050224304;9.714555245000042;53.602650672000038
1158;01210407152013732021;01;0;55;040;2021;04;13;4;3;5;3;0;1;1;1;0;0;0;0;607429.043383698910475;5976650.586726101115346;10.636109301000033;53.927098767000075
1159;01210511171013792021;01;0;56;002;2021;05;19;3;3;0;7;1;1;1;0;0;0;0;0;549161.704000001773238;5960133.622999776154757;9.746203694000030;53.787464875000069
1160;01210413161013932021;01;0;62;060;2021;04;07;3;2;4;6;0;0;0;1;0;0;0;0;582744.188557917252183;5931904.192377299070358;10.248311827000066;53.529532499000027
1161;01210515125013762021;01;0;59;121;2021;05;16;7;2;3;6;0;0;1;0;0;1;0;0;563282.866430582478642;6062093.853437650948763;9.982036786000037;54.702180750000082
1162;01210502145013932021;01;0;58;047;2021;05;20;1;3;7;7;1;0;0;1;0;0;0;0;535710.925187108106911;6013187.682342156767845;9.548288757000023;54.265383226000040
1163;01210315171013202021;01;0;56;036;2021;03;16;2;3;5;3;0;1;1;1;0;0;0;0;544728.753000001423061;5947711.964999768882990;9.677126877000035;53.676222647000031
1164;01210311145013702021;01;0;58;031;2021;03;16;5;3;7;7;0;1;0;1;0;0;0;0;540929.674104430712759;6000956.765295807272196;9.626743772000054;54.155072265000058
1165;01210608161013112021;01;0;53;032;2021;06;12;3;3;2;6;0;0;0;1;0;0;1;0;590659.922256484627724;5922263.665641190484166;10.364911821000021;53.441595314000040
1166;01210610152013692021;01;0;03;000;2021;06;07;5;3;2;6;0;0;0;1;0;0;1;1;607988.829876666888595;5970244.273327715694904;10.642371550000064;53.869425664000062
1167;01210524145013942021;01;0;58;031;2021;05;17;2;3;0;2;0;0;0;1;0;1;0;0;541047.707093485631049;6001653.273341773077846;9.628645914000060;54.161322459000075
1168;01210528161013852021;01;0;62;011;2021;05;16;6;3;5;2;0;0;0;1;0;0;0;0;582646.156000011600554;5940935.768999762833118;10.249223232000077;53.610709573000065
1169;01210410145013812021;01;0;58;157;2021;04;15;7;2;5;7;0;0;1;1;0;0;0;0;575078.917000006884336;6032774.228999812155962;10.157562595000059;54.437116547000073
1170;01210322171013052021;01;0;56;029;2021;03;06;2;3;0;7;0;0;0;0;0;1;0;0;542684.277288679033518;5952938.769958037883043;9.646898745000044;53.723371081000039
1171;01210331152013372021;01;0;03;000;2021;03;21;4;3;5;3;2;0;0;1;0;0;0;0;609179.630551164969802;5968333.599181447178125;10.659794065000028;53.852010369000027
1172;01210126145013342021;01;0;58;107;2021;01;15;3;3;5;3;0;0;1;1;0;0;0;0;569947.662000005133450;6014336.670999804511666;10.074134784000023;54.272172362000049
1173;01210228125013392021;01;0;59;138;2021;02;13;1;3;5;3;0;0;0;1;0;0;0;0;524894.543999999761581;6052224.124999828636646;9.385504717000060;54.616846573000032
1174;01210519134013302021;01;0;02;000;2021;05;08;4;3;0;7;0;0;1;0;0;0;0;0;573067.844807379879057;6018243.656313246116042;10.122993925000060;54.306843311000080
1175;01210418125013812021;01;0;59;068;2021;04;12;1;3;4;6;0;0;0;1;0;0;0;1;555965.840095258317888;6055393.909092791378498;9.867221203000042;54.642842533000078
1176;01210114171013572021;01;0;56;049;2021;01;12;5;3;5;3;0;0;0;1;0;0;0;0;544417.512000000104308;5948845.314999770373106;9.672577782000076;53.686435489000075
1177;01210422134013152021;01;0;02;000;2021;04;18;5;3;5;2;0;0;1;1;0;0;0;0;572758.209115565754473;6020530.211044194176793;10.118793416000074;54.327433869000060
1178;01210506152013862021;01;0;03;000;2021;05;02;5;3;1;1;2;1;0;1;0;0;0;0;608160.801381069235504;5970273.210568377748132;10.644996033000041;53.869649838000043
1179;01210110171013422021;01;0;60;005;2021;01;03;1;3;8;1;2;1;0;1;0;0;0;0;587948.420217550359666;5975648.976960016414523;10.339236894000067;53.921773350000080
1180;01210209125013502021;01;0;59;174;2021;02;14;3;3;5;3;0;2;0;1;0;0;0;0;521388.677016706205904;6061419.060041133314371;9.331888461000062;54.699640096000053
1181;01210220105132462021;01;0;55;044;2021;02;14;7;3;3;6;0;0;0;1;0;0;0;0;613356.621261275373399;5988249.845595080405474;10.730655047000027;54.030041474000029
1182;01210613152013682021;01;0;03;000;2021;06;18;1;3;3;6;0;0;0;1;0;0;0;0;609653.406000045128167;5971101.709999738261104;10.667982464000033;53.876780127000075
1183;01210603145013002022;01;0;58;150;2021;06;19;5;2;7;7;0;1;0;1;0;0;0;0;568784.040743238292634;6032220.719538386911154;10.060399338000025;54.433033627000043
1184;01210430145013622021;01;0;58;043;2021;04;13;6;2;2;6;0;0;0;1;0;0;0;0;550965.277138036675751;6038259.651128567755222;9.786772827000050;54.489400327000055
1185;01210314105132902021;01;0;53;060;2021;03;16;1;3;2;6;0;0;0;1;0;0;0;0;594315.585827631875873;5935465.486081505194306;10.423900788000026;53.559584180000058
1186;01210203152013582021;01;0;55;040;2021;02;18;4;2;6;2;2;1;0;1;1;0;0;0;608412.043797892518342;5972172.870772818103433;10.649487131000058;53.886664679000035
1187;01210305171013652021;01;0;60;063;2021;03;18;6;3;2;6;2;0;0;1;0;0;0;1;565319.566104047000408;5947929.903490345925093;9.988844059000030;53.676013556000044
1188;01210607125013212021;01;0;54;168;2021;06;14;2;2;4;6;0;0;1;0;0;0;0;0;454445.253853589296341;6074530.007783668115735;8.291093894000028;54.815849694000065
1189;01210523171013612021;01;0;60;067;2021;05;11;1;3;1;5;0;0;1;1;0;0;0;0;598674.664876954630017;5980457.630585279315710;10.504066147000060;53.963046599000052
1190;01210407171013062021;01;0;56;048;2021;04;11;4;3;2;6;0;1;0;1;0;0;0;1;549856.526000000536442;5952272.197999773547053;9.755480259000024;53.716744172000062
1191;01210512152013692021;01;0;55;044;2021;05;18;4;3;5;3;0;0;0;1;0;0;0;0;613973.560000052675605;5986859.891999725252390;10.739547997000045;54.017418598000063
1192;01210319134013632021;01;0;57;057;2021;03;16;6;3;5;2;0;0;0;1;0;0;0;1;593439.635075906291604;6002332.111760430037975;10.431040065000047;54.160561715000028
1193;01210123105132772021;01;0;58;139;2021;01;18;7;3;2;6;2;1;0;1;0;0;0;0;567375.106759226880968;6012551.396320004016161;10.034235542000033;54.256475175000048
1194;01210225145013902021;01;0;04;000;2021;02;14;5;3;3;6;0;0;0;1;0;0;0;0;564970.901028074324131;5993127.860601201653481;9.993146421000063;54.082240257000080
1195;01210305152013102021;01;0;55;042;2021;03;14;6;3;4;6;0;0;0;1;0;0;0;0;616343.291994703933597;5984105.232232635840774;10.774644250000051;53.992143233000036
1196;01210531145013912021;01;0;04;000;2021;05;16;2;3;3;6;0;0;0;0;1;0;0;1;563921.207381497137249;5991929.316791560500860;9.976850448000050;54.071600913000054
1197;01210414145013522021;01;0;04;000;2021;04;16;4;2;0;7;0;0;1;0;0;0;0;0;563750.200248930603266;5991885.018256064504385;9.974228197000059;54.071224014000052
1198;01210505134013732021;01;0;02;000;2021;05;18;4;3;5;2;0;1;1;1;0;0;0;0;573716.458000007085502;6019530.642999805510044;10.133278178000069;54.318314575000045
1199;01210108134013542021;01;0;02;000;2021;01;20;6;3;5;3;2;1;0;1;0;0;0;0;575631.568191745318472;6019048.714760378003120;10.162591355000075;54.313704061000067
1200;01210206145013402021;01;0;58;009;2021;02;12;7;3;2;2;0;2;0;1;0;0;0;0;550292.802508349530399;5991364.133916452527046;9.768509456000061;54.068032368000047
1201;01210215105132932021;01;0;51;044;2021;02;16;2;3;8;1;0;2;0;1;0;0;0;0;507467.052695505321026;6002141.942614875733852;9.114373753000052;54.167300893000061
1202;01210612105132482021;01;0;59;183;2021;06;06;7;2;0;7;0;0;0;0;0;0;1;1;521146.246500523760915;6073101.462790509685874;9.328976739000041;54.804635916000052
1203;01210602161013432021;01;0;53;129;2021;06;15;4;3;5;2;0;0;0;1;0;0;0;0;583396.435000011697412;5927279.291999749839306;10.256918860000042;53.487867754000035
1204;01210528145013692021;01;0;04;000;2021;05;07;6;2;2;6;0;1;0;1;0;0;0;0;562958.080632600001991;5993396.076430110260844;9.962439054000072;54.084900596000068
1205;01210104145013972021;01;0;04;000;2021;01;21;2;3;0;7;2;1;1;0;0;0;0;0;564344.047629987820983;5992613.909273488447070;9.983456696000076;54.077700352000079
1206;01210428125013162021;01;0;01;000;2021;04;17;4;3;0;7;0;0;0;0;0;1;0;0;529842.235000000335276;6071400.727999836206436;9.464082785000073;54.788910316000056
1207;01210329152013562021;01;0;03;000;2021;03;15;2;3;5;2;0;0;0;1;0;0;0;1;607971.777105797082186;5968863.367693986743689;10.641626432000066;53.857022561000065
1208;01210403171013122021;01;0;56;039;2021;04;15;7;3;3;6;0;0;0;1;0;1;0;0;552527.101000001654029;5947970.332999767735600;9.795214439000063;53.677819171000067
1209;01210131171013532021;01;0;56;002;2021;01;17;1;3;5;3;1;1;0;1;0;0;0;0;551394.139407580718398;5960016.010722121223807;9.780065849000039;53.786192217000064
1210;01210521171013552021;01;0;56;015;2021;05;16;6;3;2;6;0;0;0;1;0;0;0;0;544737.364748287945986;5955866.370229577645659;9.678435429000046;53.749511425000037
1211;01210427125013082021;01;0;59;008;2021;04;09;3;3;5;2;0;0;1;1;0;0;0;0;537769.209925980307162;6050529.728355549275875;9.584647665000034;54.600821003000078
1212;01210510161013582021;01;0;53;023;2021;05;18;2;3;5;3;0;0;1;1;0;0;0;0;589353.247268957085907;5927619.642592845484614;10.346768214000065;53.489948524000056
1213;01210104161013252021;01;0;53;032;2021;01;17;2;3;6;2;2;1;0;1;1;0;0;0;591233.521000019274652;5921721.810999745503068;10.373387760000071;53.436627148000071
1214;01210318171013252021;01;0;60;004;2021;03;09;5;3;5;2;0;0;1;1;0;0;0;0;557899.672544426284730;5973992.877122558653355;9.881430493000039;53.911120570000037
1215;01210120125013582021;01;0;59;129;2021;01;17;4;3;8;1;2;1;0;1;0;0;0;0;514299.294518351554871;6074857.954884000122547;9.222545074000038;54.820662835000064
1216;01210222161013232021;01;0;62;004;2021;02;07;2;3;9;1;0;2;0;1;0;0;0;0;593675.235000022687018;5962996.263999765738845;10.422550473000058;53.807080463000034
1217;01210614171013902021;01;0;60;044;2021;06;13;2;3;5;3;0;0;0;1;0;0;0;0;564429.881550721824169;5965766.066961430013180;9.979098791000069;53.836417164000068
1218;01210605134013292021;01;0;02;000;2021;06;15;7;3;2;6;0;0;0;1;0;0;0;1;574866.491254745982587;6018478.963669018819928;10.150690559000054;54.308697229000074
1219;01210411145013562021;01;0;58;029;2021;04;01;1;3;0;7;2;1;1;0;0;0;0;0;534236.648191127926111;6006739.360684573650360;9.524918488000026;54.207531772000038
1220;01210514145013312021;01;0;58;172;2021;05;18;6;2;5;3;0;1;1;1;0;0;0;0;541771.642000000923872;6014786.587999805808067;9.641559312000027;54.279293491000033
1221;01210502181013142021;01;0;61;049;2021;05;23;1;2;8;1;2;1;0;1;0;0;0;0;545611.669000000692904;5978606.926999783143401;9.695071145000043;53.953815999000028
1222;01210212171013542021;01;0;56;044;2021;02;19;6;3;5;3;2;0;1;1;0;0;0;0;556415.348434298299253;5939187.630093311890960;9.852479162000066;53.598479668000039
1223;01210609152013732021;01;0;03;000;2021;06;15;4;3;2;6;0;0;0;1;0;0;0;0;609743.267553104087710;5971312.116987438872457;10.669424060000040;53.878651485000034
1224;01210602125013992021;01;0;59;023;2021;06;09;4;3;2;6;0;0;0;1;0;0;0;0;527653.444780917838216;6035769.387592934072018;9.426680809000061;54.468826723000063
1225;01210526145013592021;01;0;04;000;2021;05;17;4;3;3;6;0;1;0;1;0;0;0;0;564784.470405759289861;5991797.074007287621498;9.990012487000058;54.070304684000064
1226;01210529181013412021;01;0;51;129;2021;05;16;7;3;2;2;0;0;0;1;0;1;0;0;492402.448052447289228;6009896.992263507097960;8.883431364000046;54.236998223000057
1227;01210326152013272021;01;0;03;000;2021;03;12;6;2;5;3;0;0;1;1;0;0;0;0;611495.126056631095707;5970303.003123402595520;10.695693831000028;53.869211941000060
1228;01210402145013912021;01;0;58;029;2021;04;11;6;3;4;6;0;0;0;1;0;0;0;0;539957.142700763419271;6011201.646038312464952;9.613214399000071;54.247220624000079
1229;01210128181013592021;01;0;51;044;2021;01;11;5;3;5;3;0;0;0;1;0;0;0;0;506835.985231929458678;6005346.646866515278816;9.104780426000048;54.196112378000066
1230;01210302134013752022;01;0;02;000;2021;03;10;3;3;6;7;0;0;1;0;1;0;0;0;571271.714887421578169;6017559.372916122898459;10.095231256000034;54.300948254000048
1231;01210519171013352021;01;0;56;041;2021;05;00;4;3;3;7;2;0;1;0;0;0;0;0;561753.645071124657989;5955982.716087438166142;9.936475309000059;53.748818895000056
1232;01210419125013302021;01;0;59;144;2021;04;18;2;2;5;3;0;0;0;1;0;1;0;0;514687.000711709260941;6067514.069971907883883;9.228207098000041;54.754654582000057
1233;01210113105132072021;01;0;60;062;2021;01;15;4;3;7;7;0;1;0;1;0;0;0;0;585868.252794488333166;5968395.333685586228967;10.305537216000062;53.856942959000037
1234;01210424145013902021;01;0;58;037;2021;04;16;7;3;7;7;0;0;0;1;0;0;0;0;573139.793251113966107;6032558.779075931757689;10.127618618000042;54.435463319000064
1235;01210509152013992021;01;0;03;000;2021;05;15;1;3;0;7;0;0;0;0;0;1;0;0;610118.948670033365488;5969883.365988047793508;10.674623274000055;53.865735607000033
1236;01210112152013412022;01;0;03;000;2021;01;19;3;3;2;6;2;1;0;1;0;0;0;0;611591.016070625744760;5969642.797194782644510;10.696911359000069;53.863259929000037
1237;01210117134013652021;01;0;57;041;2021;01;18;1;3;8;1;2;1;0;1;0;0;0;0;590676.916000017896295;6026621.915999799966812;10.396100017000037;54.379297368000039
1238;01210220181013162021;01;0;51;088;2021;02;18;7;2;5;3;2;0;1;1;0;0;0;0;518977.933000000193715;6013420.613999804481864;9.291398323000067;54.268371180000031
1239;01210614145013912021;01;0;58;043;2021;06;07;2;3;5;2;0;0;1;1;0;0;0;0;553222.957000002264977;6038156.850999819114804;9.821603187000051;54.488244725000072
1240;01210604105132982021;01;0;58;146;2021;06;04;6;2;2;7;1;0;0;1;0;0;1;0;550519.262030780315399;6014574.198837926611304;9.775863322000021;54.276595302000032
1241;01210410181013742021;01;0;61;018;2021;04;07;7;3;9;7;0;1;0;1;0;0;0;0;522897.961465276777744;5969958.150588337332010;9.348302564000051;53.877585733000046
1242;01210513105132512021;01;0;60;044;2021;05;07;5;3;9;7;0;0;0;1;0;0;0;0;562242.208484544418752;5969045.746467400342226;9.946524036000028;53.866158023000082
1243;01210501152013352021;01;0;55;028;2021;05;20;7;3;8;1;0;0;0;1;0;0;0;0;600046.104397165589035;6001178.352238059043884;10.531797470000072;54.148951237000063
1244;01210317125013132021;01;0;01;000;2021;03;12;4;3;5;2;0;0;0;1;0;0;0;1;524645.955614394508302;6070020.176780169829726;9.383159295000041;54.776786061000053
1245;01210204171013022021;01;0;56;039;2021;02;12;5;3;6;4;0;1;0;1;1;0;0;0;552927.091502712108195;5946166.658439783379436;9.800961788000052;53.661568225000053
1246;01210305152013172021;01;0;03;000;2021;03;07;6;3;5;3;0;0;0;1;0;0;0;0;610332.415000046603382;5971165.712999733164907;10.678329309000048;53.877211209000052
1247;01210608134013602021;01;0;02;000;2021;06;19;3;3;0;6;0;0;0;1;0;1;0;0;576286.611247149296105;6019274.234768720343709;10.172715830000072;54.315633046000073
1248;01210611161013262022;01;0;62;082;2021;06;14;6;3;8;3;0;0;1;1;0;0;0;0;593450.733785365708172;5940765.998485580086708;10.412435589000040;53.607368295000072
1249;01210525134013352021;01;0;02;000;2021;05;15;3;3;5;3;0;0;1;1;0;0;0;0;573506.368284624069929;6017857.744272826239467;10.129637270000046;54.303312696000035
1250;01210529125013142021;01;0;54;099;2021;05;20;7;2;0;1;1;0;0;0;0;1;0;0;516270.952467855066061;6034744.251395374536514;9.250999963000027;54.460106053000061
1251;01210408145013312021;01;0;58;078;2021;04;06;5;3;8;1;0;2;0;1;0;0;0;0;533283.515788869000971;6018669.176779193803668;9.511631369000042;54.314809796000077
1252;01210323161013632021;01;0;62;060;2021;03;16;3;3;2;6;0;0;0;1;0;0;0;0;581763.686406600289047;5932115.012493615970016;10.233578430000023;53.531580530000042
1253;01210330145013542021;01;0;04;000;2021;03;16;3;3;5;3;0;0;0;1;0;0;0;0;566944.903697788715363;5989878.796509470790625;10.022598147000053;54.052790097000070
1254;01210126171013942021;01;0;56;031;2021;01;14;3;3;5;7;0;1;1;1;0;0;0;0;545400.629752926528454;5956646.535982659086585;9.688607620000028;53.756465926000033
1255;01210227145013302021;01;0;58;039;2021;02;16;7;2;5;3;0;0;1;1;0;0;0;0;547692.255000001750886;6030888.319999814033508;9.735062718000052;54.423476160000064
1256;01210519125013842021;01;0;01;000;2021;05;14;4;3;0;7;0;0;0;0;0;1;0;0;525354.785282491706312;6070392.531033689156175;9.394211393000035;54.780096936000064
1257;01210418171013722021;01;0;60;041;2021;04;05;1;3;9;7;1;0;0;1;0;0;0;0;584097.945598635822535;5976417.677016170695424;10.280831686000056;53.929320153000049
1258;01210114145013642021;01;0;04;000;2021;01;12;5;3;5;3;0;1;1;1;0;0;0;0;562152.197000002488494;5990554.660999793559313;9.949538532000076;54.059463911000080
1259;01210421171013992021;01;0;60;044;2021;04;16;4;3;5;3;0;0;1;1;0;0;0;0;562309.491630078293383;5966296.668885901570320;9.946989133000045;53.841444242000080
1260;01210508145013452021;01;0;58;047;2021;05;21;7;2;9;1;2;1;0;1;0;0;0;0;535161.769993131980300;6012719.597910661250353;9.539802745000031;54.261214537000058
1261;01210109134013372021;01;0;02;000;2021;01;18;7;3;3;1;2;1;0;1;0;0;0;0;576328.562596431002021;6019303.918485643342137;10.173368167000035;54.315893502000051
1262;01210210181013162021;01;0;61;046;2021;02;09;4;3;5;3;0;1;0;1;0;0;0;0;532337.201999999582767;5978831.433999786153436;9.492816761000029;53.956833771000049
1263;01210217161013422021;01;0;53;009;2021;02;05;4;3;2;2;2;1;0;1;0;0;0;0;607959.857000041753054;5954962.121999729424715;10.636574749000033;53.732128653000075
1264;01210612145013792021;01;0;58;173;2021;06;22;7;2;0;1;0;0;1;0;0;0;0;0;551324.766567691229284;6035124.285384751856327;9.791777485000068;54.461188611000068
1265;01210603181013572021;01;0;51;114;2021;06;02;5;3;1;5;2;0;0;1;0;0;1;0;517862.014534401707351;6008850.239682324230671;9.273991735000038;54.227335395000068
1266;01210106125013472022;01;0;59;019;2021;01;13;4;3;2;6;0;1;0;1;0;0;0;0;532563.904647518880665;6036901.689587092027068;9.502568831000076;54.478711370000042
1267;01210427125013752021;01;0;59;045;2021;04;08;3;3;8;1;0;0;0;1;0;0;0;0;558151.014899127185345;6057001.052748899906874;9.901396653000063;54.657036915000049
1268;01210315134013602021;01;0;02;000;2021;03;07;2;3;0;1;0;1;0;1;0;1;0;0;573698.736000007018447;6022062.334999810904264;10.133631331000061;54.341066063000028
1269;01210203125013332021;01;0;59;183;2021;02;10;4;3;8;1;0;2;0;1;0;0;0;0;522132.686019978486001;6072576.711327401921153;9.344282605000046;54.799877644000048
1270;01210607171013902021;01;0;60;063;2021;06;09;2;3;5;2;0;0;0;1;0;1;0;0;565935.319000004790723;5948661.113999767228961;9.998319512000023;53.682507654000062
1271;01210524134013072021;01;0;02;000;2021;05;15;2;3;5;3;0;0;0;0;0;1;0;1;574015.803254673257470;6017850.237153841182590;10.137462646000074;54.303171681000038
1272;01210407105132472021;01;0;60;027;2021;04;11;4;3;3;6;0;0;0;1;0;0;1;0;562311.675324146635830;5979971.303399663418531;9.949805967000032;53.964335612000070
1273;01210512145013022021;01;0;04;000;2021;05;10;4;3;0;7;0;0;0;1;0;0;0;0;564701.456015146337450;5994922.901398777961731;9.989412110000046;54.098405208000031
1274;01210319125013732021;01;0;59;075;2021;03;07;6;3;5;7;0;0;0;1;0;0;1;0;535404.429304722696543;6040748.740165725350380;9.546866723000051;54.513093711000067
1275;01210125145013942021;01;0;58;009;2021;01;07;2;3;0;3;0;1;1;0;0;0;0;1;550958.689253944903612;5992689.820179754868150;9.778906638000024;54.079880850000052
1276;01210224171013682021;01;0;60;063;2021;02;08;4;3;5;3;0;0;1;1;0;0;0;0;565354.945800124667585;5947977.207016335800290;9.989389531000029;53.676434253000082
1277;01210304171013542021;01;0;56;020;2021;03;04;5;1;4;6;2;0;0;1;0;0;0;0;541263.994661066681147;5942524.482046982273459;9.623990310000067;53.629883077000045
1278;01210531171013622021;01;0;60;036;2021;05;11;2;2;5;2;0;0;0;1;0;0;0;0;566321.895303381606936;5973440.372505372390151;10.009505154000067;53.905145939000079
1279;01210414181013072021;01;0;51;137;2021;04;14;4;3;5;2;0;0;0;1;0;1;0;0;501882.836423514410853;5995472.832089740782976;9.028798054000049;54.107411718000037
1280;01210113125013242021;01;0;59;098;2021;01;06;4;3;8;1;2;2;0;1;0;0;0;0;538599.718999999575317;6046024.781999822705984;9.596910717000071;54.560274278000065
1281;01210505145013362021;01;0;58;003;2021;05;14;4;3;2;2;0;1;0;1;0;0;0;0;538078.687123417854309;6022141.968086211010814;9.585781719000067;54.345684519000031
1282;01210108125013042021;01;0;54;088;2021;01;10;6;3;2;6;0;1;0;1;0;0;0;0;489810.333999999798834;6070266.348999837413430;8.841575689000024;54.779499921000081
1283;01210205134013222021;01;0;02;000;2021;02;20;6;3;2;6;1;1;0;1;0;0;0;0;573824.108944195322692;6019488.155877405777574;10.134922280000069;54.317917245000046
1284;01210212134013792021;01;0;02;000;2021;02;22;6;2;1;5;2;0;0;1;0;0;0;0;571806.771814201958477;6017908.515448795631528;10.103535700000066;54.304010652000045
1285;01210609181013902021;01;0;51;087;2021;06;07;4;3;5;3;0;0;1;0;0;0;0;0;508061.273414480499923;6007842.835040666162968;9.123628285000052;54.218529284000056
1286;01210602145013392021;01;0;58;043;2021;06;13;4;3;5;3;0;0;0;0;1;0;1;1;554307.884349900297821;6035047.618360828608274;9.837778104000051;54.460189435000075
1287;01210528152013882021;01;0;03;000;2021;05;14;6;3;5;2;0;0;0;1;0;0;0;0;611237.610000048764050;5971694.752999730408192;10.692284120000068;53.881770930000073
1288;01210531171013662021;01;0;56;015;2021;05;14;2;3;5;2;0;0;0;1;0;0;1;0;542618.382986204698682;5955460.989200649783015;9.646247779000021;53.746045532000039
1289;01210328145013552021;01;0;58;009;2021;03;17;1;3;9;1;0;1;0;1;0;0;0;0;550282.309717188589275;5991374.478737762197852;9.768350851000037;54.068126361000054
1290;01210404181013272021;01;0;61;055;2021;04;04;1;2;9;1;2;0;0;1;0;0;0;0;531733.870431670919061;5965944.203849097713828;9.482286663000025;53.841043932000048
1291;01210130145013272021;01;0;58;066;2021;01;16;7;3;9;1;1;2;0;1;0;0;0;0;548204.517459150403738;6028128.603107269853354;9.742509057000063;54.398627546000057
1292;01210521152013942021;01;0;03;000;2021;05;09;6;3;5;2;0;0;1;1;0;0;0;0;610821.641534185968339;5967831.120799202471972;10.684563479000076;53.847148193000066
1293;01210420181013482021;01;0;51;011;2021;04;20;3;3;0;7;0;0;1;0;0;0;0;0;508588.116403511725366;5972138.894297292456031;9.130696738000040;53.897620617000030
1294;01210427105132612021;01;0;56;048;2021;04;14;3;2;1;7;0;0;0;1;0;0;0;0;551131.021626733243465;5950754.323504803702235;9.774540277000028;53.702978913000038
1295;01210510181013062021;01;0;61;042;2021;05;10;2;3;5;2;0;0;0;1;0;0;0;0;540420.303999999538064;5979832.922999788075686;9.616128328000059;53.965266206000081
1296;01210112125013302021;01;0;54;076;2021;01;15;3;3;5;3;0;0;0;1;0;0;0;0;499225.614539154805243;6070306.268649073317647;8.987960074000057;54.779961496000055
1297;01210318125013082021;01;0;54;019;2021;03;12;5;3;1;5;0;0;1;1;0;0;0;0;497949.658467561006546;6051912.572524629533291;8.968251198000075;54.614656132000050
1298;01210121125013522021;01;0;54;113;2021;01;15;5;2;8;7;0;0;0;1;0;0;0;0;478620.692161650396883;6017272.061555063351989;8.671454861000029;54.302890711000032
1299;01210221161013572021;01;0;53;003;2021;02;12;1;3;5;3;0;0;1;1;0;0;0;0;588798.857457244768739;5931283.616864414885640;10.339452516000051;53.522967596000058
1300;01210615125013122021;01;0;54;149;2021;06;15;3;3;0;7;0;0;1;0;0;0;0;0;458402.146416511386633;6087353.626852398738265;8.350815765000050;54.931427130000031
1301;01210606152013392021;01;0;55;021;2021;06;15;1;2;2;2;0;0;0;1;0;1;0;0;629778.281979546882212;6026140.947440041229129;10.997567082000046;54.366518386000052
1302;01210412152013892021;01;0;03;000;2021;04;00;2;2;9;1;2;0;0;1;0;0;0;0;609739.932509958744049;5970411.157616751268506;10.669050927000058;53.870557711000060
1303;01210515171013972021;01;0;60;088;2021;05;11;7;3;8;7;0;0;0;1;0;0;0;0;576338.658277783542871;5971242.026774406433105;10.161393033000024;53.884012641000027
1304;01210502105132792021;01;0;53;037;2021;05;21;1;3;2;6;2;1;0;1;0;0;0;1;612651.720864512957633;5934474.383017826825380;10.700244859000065;53.547064743000078
1305;01210320171013002021;01;0;62;076;2021;03;11;7;3;5;3;0;0;1;1;0;0;0;0;571611.586662548594177;5954439.451367888599634;10.085582970000075;53.733689023000068
1306;01210123125013822021;01;0;54;010;2021;01;21;7;3;5;2;2;1;0;1;0;0;0;0;497203.647907535545528;6062468.120432056486607;8.956598496000026;54.709514442000057