OBJECTID;UIDENTSTLAE;ULAND;UREGBEZ;UKREIS;UGEMEINDE;UJAHR;UMONAT;USTUNDE;UWOCHENTAG;UKATEGORIE;UART;UTYP1;ULICHTVERH;USTRZUSTAND;IstRad;IstPKW;IstFuss;IstKrad;IstGkfz;IstSonstige;LINREFX;LINREFY;XGCSWGS84;YGCSWGS84
1794;01210602152013912021;01;0;03;000;2021;06;11;4;3;5;2;0;0;1;0;0;1;0;0;611499.717848981730640;5970240.313548412173986;10.695740846000035;53.868647740000029
1795;01210528134013572021;01;0;02;000;2021;05;16;6;3;9;3;0;0;0;1;0;1;0;0;568366.307243181392550;6019714.885068876668811;10.051085889000035;54.320714621000036
1796;01210531145013982021;01;0;04;000;2021;05;12;2;2;3;6;0;0;1;0;0;0;0;1;564826.444112055934966;5992916.184052556753159;9.990893300000039;54.080356241000061
1797;01210104145013952021;01;0;04;000;2021;01;17;2;3;6;2;2;1;0;1;1;0;0;0;562979.964180023409426;5991846.138693440705538;9.962451242000043;54.070969357000081
1798;01210330105132142021;01;0;59;010;2021;03;23;3;2;8;1;2;0;0;1;0;0;0;0;531023.028995531611145;6047505.400703635066748;9.479905242000029;54.574101460000065
1799;01210405105132152021;01;0;53;007;2021;04;16;2;3;2;6;0;2;0;1;0;0;0;0;600386.451539522968233;5936643.035582482814789;10.515898013000026;53.569039032000035
1800;01210130152013532021;01;0;55;017;2021;01;13;7;3;2;6;0;1;0;1;0;0;0;0;636590.896691386587918;6028872.990476865321398;11.103606254000056;54.389275607000059
1801;01210521152013392021;01;0;03;000;2021;05;13;6;3;5;2;0;0;1;1;0;0;0;0;611240.796222892589867;5969080.479162259027362;10.691384478000032;53.858283110000059
1802;01210421125013122021;01;0;59;053;2021;04;06;4;3;0;7;0;0;1;0;0;0;0;0;534491.723100587725639;6031245.350287145003676;9.531660999000053;54.427751351000040
1803;01210425161013572021;01;0;62;016;2021;04;08;1;3;0;7;0;0;0;0;0;1;0;0;583134.155676896683872;5958177.357738424092531;10.261219740000058;53.765569006000078
1804;01210510171013222021;01;0;56;015;2021;05;11;2;3;5;3;0;0;1;1;0;0;0;0;544247.503000000491738;5956216.869999773800373;9.671057516000076;53.752703416000031
1805;01210318171013102021;01;0;60;044;2021;03;11;5;2;5;3;0;0;1;1;0;0;0;0;563477.459122895263135;5965907.888420129194856;9.964657020000061;53.837808922000079
1806;01210122125013142021;01;0;01;000;2021;01;14;6;3;5;2;0;0;0;1;0;0;0;0;527997.303999999538064;6069359.474999837577343;9.435195858000043;54.770672947000037
1807;01210222152013092021;01;0;03;000;2021;02;17;2;3;2;6;1;0;0;1;0;0;0;0;609749.825801331549883;5970414.302525583654642;10.669202451000046;53.870583874000033
1808;01210615152013752021;01;0;03;000;2021;06;23;3;3;5;3;2;0;0;1;0;0;0;0;621976.710367666557431;5980334.742415988817811;10.859016055000041;53.956973002000041
1809;01210605125013562021;01;0;54;138;2021;06;11;7;3;2;2;0;0;0;1;0;0;0;0;491672.641000000759959;6021115.202999809756875;8.871921618000044;54.337810130000037
1810;01210413145013322021;01;0;04;000;2021;04;08;3;3;8;1;0;1;0;1;0;0;0;0;564737.016438309103251;5993803.560871168971062;9.989716336000072;54.088341856000056
1811;01210515161013672021;01;0;53;090;2021;05;11;7;3;2;6;0;0;0;1;0;0;0;0;612226.209374553523958;5944976.388559790328145;10.697604806000072;53.641512058000046
1812;01210503145013912021;01;0;04;000;2021;05;08;2;2;9;7;0;0;0;1;0;0;0;0;565654.429462577216327;5989639.740907851606607;10.002837497000030;54.050807794000036
1813;01210310145013132021;01;0;58;092;2021;03;15;4;3;5;2;0;0;1;1;0;0;0;0;571340.010153302922845;6022474.408909268677235;10.097455625000066;54.345104173000038
1814;01210609161013662021;01;0;62;004;2021;06;09;4;3;5;3;0;0;0;1;0;1;0;0;591379.003094830550253;5963004.142102954909205;10.387693680000041;53.807559693000030
1815;01210601171013962021;01;0;60;045;2021;06;17;3;3;9;1;0;0;0;0;0;0;0;1;567383.776008326560259;5968109.539497613906860;10.024493587000052;53.857102611000073
1816;01210527171013212021;01;0;56;018;2021;05;16;5;3;5;3;0;1;1;1;0;0;0;0;555392.331429841928184;5942911.642737746238708;9.837684729000046;53.632058485000073
1817;01210530125013152021;01;0;54;166;2021;05;16;1;3;0;7;0;0;0;0;0;0;0;1;479961.054963602684438;6076953.244702994823456;8.687982774000034;54.839295627000070
1818;01210116125013522021;01;0;59;024;2021;01;20;7;2;2;6;2;1;0;0;0;0;0;1;524281.680700099095702;6018502.942803412675858;9.373246259000041;54.313823248000062
1819;01210326105132082021;01;0;59;077;2021;03;13;6;2;3;6;0;0;0;1;0;0;0;0;531396.284796250984073;6042278.607329597696662;9.485121346000028;54.527106445000072
1820;01210401152013902021;01;0;55;001;2021;04;12;5;3;0;7;0;0;0;1;0;0;0;0;603096.635509000159800;5985812.620386593043804;10.573254046000045;54.010296314000072
1821;01210130105132772021;01;0;56;039;2021;01;12;7;3;9;1;0;1;0;1;0;0;0;0;554529.325916037894785;5944729.981540076434612;9.824954034000029;53.648491462000038
1822;01210301152013762021;01;0;55;001;2021;03;06;2;3;2;6;1;0;0;1;0;0;0;0;599091.666487216018140;5984453.151949765160680;10.511719417000052;53.998865912000042
1823;01210519152013942021;01;0;55;004;2021;05;05;4;3;0;3;0;0;0;1;0;1;0;0;611250.286240953952074;5976384.275909570977092;10.694181098000058;53.923899521000067
1824;01210419125013152021;01;0;59;073;2021;04;20;2;2;2;6;2;0;0;1;0;1;0;0;539584.511589053086936;6045256.043382760137320;9.612035264000042;54.553289877000054
1825;01210423181013802021;01;0;61;084;2021;04;16;6;1;8;7;0;0;0;1;0;0;0;0;540424.159071914851665;5988595.898902643471956;9.617351495000037;54.044022179000081
1826;01210509152013802021;01;0;03;000;2021;05;18;1;3;8;7;0;0;0;1;0;0;0;0;620524.735230351798236;5979406.052445467561483;10.836532750000060;53.948970521000035
1827;01210111152013962021;01;0;55;035;2021;01;07;2;3;8;6;2;1;0;0;0;0;1;0;615415.398957675322890;5980338.771595411002636;10.759071758000061;53.958514530000059
1828;01210118181013572021;01;0;51;004;2021;01;18;2;3;8;1;2;1;0;1;0;0;0;0;510245.292385541833937;5994069.763402303680778;9.156654291000052;54.094702748000032
1829;01210220171013872021;01;0;56;036;2021;02;01;7;3;0;7;2;0;1;0;0;0;0;0;544569.599720600061119;5947325.344146233052015;9.674662194000064;53.672761379000065
1830;01210614134013962021;01;0;02;000;2021;06;07;2;3;5;3;0;0;1;1;0;0;0;0;568803.975840679369867;6020299.656050257384777;10.057948323000062;54.325910515000032
1831;01210604152013562021;01;0;03;000;2021;06;15;6;3;3;6;0;0;0;1;0;1;0;0;611445.362104903906584;5971927.167488712817430;10.695527686000048;53.883814391000044
1832;01210514125013912021;01;0;59;120;2021;05;12;6;3;5;2;0;1;0;1;0;0;0;0;523422.869007758796215;6073585.551170637831092;9.364433036000037;54.808885025000052
1833;01210430171013122021;01;0;60;043;2021;04;17;6;3;5;3;0;0;0;1;0;0;0;0;576663.325451362878084;5963143.000904340296984;10.164309720000062;53.811184593000064
1834;01210315161013792021;01;0;53;121;2021;03;09;2;3;9;7;0;1;0;0;0;0;1;0;598926.980529166758060;5947855.426755556836724;10.497429465000039;53.670064335000063
1835;01210203105132072021;01;0;59;057;2021;02;11;4;3;8;1;0;1;0;0;0;0;0;1;530748.854898056015372;6043159.504127375781536;9.475209875000075;54.535062605000064
1836;01210308134013992021;01;0;02;000;2021;03;16;2;3;6;7;0;0;0;0;1;0;0;1;568416.137595429085195;6019877.891194250434637;10.051889225000025;54.322172706000060
1837;01210608161013002021;01;0;53;032;2021;06;19;3;3;1;5;0;0;0;1;0;0;1;0;591176.340914105996490;5921988.018351677805185;10.372604368000054;53.439029228000038
1838;01210611125013662021;01;0;54;144;2021;06;11;6;3;3;6;0;0;0;1;0;0;1;0;511157.763394300825894;6047380.410623280331492;9.172601220000047;54.573806562000073
1839;01210524161013372021;01;0;53;123;2021;05;14;2;3;2;2;0;0;0;1;0;1;0;0;619291.900643112137914;5947080.138977577909827;10.805235720000042;53.658849306000036
1840;01210529161013732021;01;0;62;022;2021;05;11;7;3;4;6;0;0;0;1;0;1;0;0;589073.867491570301354;5943416.986272951588035;10.347061546000077;53.631952426000055
1841;01210408171013822021;01;0;56;049;2021;04;06;5;3;5;3;1;0;1;1;0;0;0;0;543756.054166766814888;5948679.873346429318190;9.662539272000060;53.685004352000078
1842;01210513125013392021;01;0;54;087;2021;05;04;5;3;7;1;1;0;0;0;0;1;0;0;468414.739202152937651;6060024.096231190487742;8.510047420000035;54.686567727000067
1843;01210325134013592021;01;0;02;000;2021;03;10;5;3;2;6;0;0;0;1;0;0;0;0;573330.297736327163875;6017874.130018863826990;10.126936041000022;54.303485239000054
1844;01210331125013112021;01;0;59;186;2021;03;16;4;2;0;1;0;0;1;0;0;0;0;0;546798.670958511531353;6073272.759687911719084;9.728058719000046;54.804437507000046
1845;01210126134013502021;01;0;02;000;2021;01;16;3;3;2;6;0;1;0;1;0;0;0;0;576079.959000008180737;6019263.555999804288149;10.169537081000044;54.315567924000050
1846;01210226145013102021;01;0;58;028;2021;02;18;6;3;5;3;2;0;0;1;0;0;0;0;557061.316000001505017;6019928.974999809637666;9.877345000000048;54.324027333000060
1847;01210517152013162021;01;0;03;000;2021;05;07;2;3;5;3;0;0;1;1;0;0;0;0;614656.581119757145643;5968130.275554081425071;10.742939594000063;53.849003482000057
1848;01210416171013212021;01;0;60;014;2021;04;14;6;3;5;2;0;0;0;1;0;0;0;0;571717.863541191443801;5975193.447685761377215;10.092033923000031;53.920181275000061
1849;01210422134013772021;01;0;02;000;2021;04;07;5;3;5;2;0;0;1;0;0;0;0;1;575126.228518763557076;6028491.110799806192517;10.157207257000039;54.398623796000038
1850;01210506105132682021;01;0;58;168;2021;05;08;5;3;2;6;0;1;0;1;0;0;1;0;556290.115545775741339;6007539.409633316099644;9.863159442000040;54.212774249000063
1851;01210111125013152021;01;0;54;118;2021;01;06;2;3;9;1;2;1;1;0;0;0;0;0;507608.631128435023129;6040681.101480338722467;9.117526132000023;54.513665161000063
1852;01210210181013632021;01;0;51;044;2021;02;17;4;3;5;3;2;0;0;1;0;0;0;0;510965.878615619614720;6004126.807543687522411;9.168037777000052;54.185077278000051
1853;01210216171013772021;01;0;60;094;2021;02;05;3;3;9;1;2;2;0;1;0;0;0;0;573337.367571976035833;5960814.047356823459268;10.113253566000026;53.790735034000079
1854;01210612171013542021;01;0;56;005;2021;06;10;7;3;5;2;0;0;0;1;0;0;0;0;559832.174924288876355;5946510.953738706186414;9.905511323000042;53.663918042000034
1855;01210603125013812021;01;0;59;075;2021;06;18;5;3;2;6;0;1;0;1;0;0;0;1;534144.025804056786001;6042822.219050340354443;9.527639290000025;54.531814017000045
1856;01210106125013472021;01;0;54;109;2021;01;17;4;3;4;6;2;1;0;1;0;0;0;1;489696.658424246124923;6066110.477784732356668;8.839955731000032;54.742149857000072
1857;01210428125013482021;01;0;59;127;2021;04;15;4;3;2;2;0;0;0;1;0;0;0;0;536708.784437002614141;6068869.069436734542251;9.570540321000067;54.765704713000048
1858;01210329161013122021;01;0;62;090;2021;03;13;2;3;7;7;0;0;0;1;0;0;0;0;578471.621150836348534;5950768.361878810450435;10.188622304000035;53.699712127000055
1859;01210403171013322021;01;0;56;015;2021;04;20;7;3;6;4;1;0;0;1;1;0;0;0;544825.746989765204489;5956512.581470660865307;9.679869404000044;53.755311757000072
1860;01210201161013512021;01;0;62;022;2021;02;22;2;2;8;1;2;2;0;1;0;0;0;0;589891.253183662891388;5941045.729634154587984;10.358734448000064;53.610504699000046
1861;01210607171013242021;01;0;56;050;2021;06;15;2;3;2;6;0;0;0;1;0;0;0;0;547213.216510673984885;5937286.646837871521711;9.713153153000064;53.582303671000034
1862;01210524125013262021;01;0;54;131;2021;05;03;2;2;9;1;2;0;0;1;0;0;0;0;494041.138787543401122;6080511.244915599003434;8.907143189000067;54.871635467000033
1863;01210406161013322021;01;0;62;027;2021;04;07;3;3;2;6;0;1;0;1;0;0;0;0;588553.087949100881815;5952878.808441134169698;10.341887847000066;53.717064198000060
1864;01210512125013962021;01;0;54;109;2021;05;15;4;3;5;3;0;0;0;1;0;1;0;0;492413.908999999985099;6069152.866999836638570;8.882083886000032;54.769539450000082
1865;01210320171013542021;01;0;60;077;2021;03;19;7;3;1;5;2;1;0;1;0;1;0;0;572679.162970977835357;5966499.471917724236846;10.104606982000064;53.841919566000058
1866;01210122181013552021;01;0;51;001;2021;01;17;6;2;5;2;2;0;0;1;0;0;0;1;517573.158021523617208;5997223.229186795651913;9.268882290000022;54.122846992000063
1867;01210224134013502021;01;0;57;091;2021;02;13;4;3;2;2;0;0;0;1;0;0;0;1;582157.013178655877709;6014150.138068668544292;10.261527064000063;54.268680730000028
1868;01210303134013542021;01;0;02;000;2021;03;15;4;3;0;1;0;0;0;0;0;0;0;1;573206.033489142544568;6018150.389966297894716;10.125094463000039;54.305985459000055
1869;01210606125013432021;01;0;54;125;2021;06;12;1;2;5;3;0;0;0;1;0;0;0;0;503486.864920208230615;6066082.474466690793633;9.054162075000022;54.741991701000074
1870;01210414145013142021;01;0;04;000;2021;04;07;4;3;5;3;0;0;0;1;0;0;0;0;564199.473591544665396;5991144.211768431589007;9.980935938000073;54.064510968000036
1871;01210505134013732022;01;0;57;080;2021;05;17;4;3;5;3;0;1;0;1;0;0;0;0;578488.076000008732080;6002527.242999797686934;10.202166849000037;54.164818136000065
1872;01210206145013972021;01;0;58;003;2021;02;15;7;3;0;1;0;2;1;0;0;0;0;0;542683.655295436270535;6024647.343423930928111;9.656976286000031;54.367835209000077
1873;01210212105132922021;01;0;56;048;2021;02;08;6;3;2;6;0;1;0;1;0;0;0;0;548904.517659930512309;5952898.102100420743227;9.741154633000065;53.722459621000041
1874;01210610105132572021;01;0;56;030;2021;06;18;5;3;3;6;0;0;0;1;0;0;0;1;545554.448809681460261;5961167.725543456152081;9.691608206000069;53.797087140000031
1875;01210602145013982021;01;0;04;000;2021;06;13;4;3;6;4;0;0;0;1;1;0;0;0;566408.008538997732103;5990515.360874483361840;10.014537763000021;54.058579973000064
1876;01210526181013502021;01;0;51;131;2021;05;09;4;3;4;6;0;0;0;1;0;0;0;0;515987.406531639397144;6008275.331869065761566;9.245206150000058;54.222230351000064
1877;01210531125013382021;01;0;54;103;2021;05;13;2;2;0;7;0;0;1;0;0;0;0;0;479602.933000002056360;6041567.958999823778868;8.684879206000062;54.521282076000034
1878;01210327125013112021;01;0;59;075;2021;03;15;7;3;1;5;0;1;0;0;0;1;0;1;536020.001264581456780;6040891.658998772501945;9.556391981000047;54.514334715000075
1879;01210401134013732021;01;0;02;000;2021;04;17;5;3;3;6;0;0;0;1;0;0;0;1;574026.487273096106946;6017829.103829763829708;10.137621564000028;54.302980235000064
1880;01210129125013582021;01;0;01;000;2021;01;17;6;3;2;6;2;1;0;1;0;0;0;0;528946.308192806318402;6072176.180619712918997;9.450227953000024;54.795931367000037
1881;01210210134013542021;01;0;57;016;2021;02;21;4;3;8;7;2;2;0;1;0;0;0;0;584126.643727881833911;6017596.632849467918277;10.292731824000043;54.299328028000048
1882;01210217134013272021;01;0;02;000;2021;02;20;4;3;3;6;2;1;0;1;0;0;0;1;573099.498011558316648;6021622.040368029847741;10.124307879000071;54.337195939000082
1883;01210613134013142021;01;0;02;000;2021;06;21;1;3;2;6;0;0;0;1;0;1;0;0;568305.851853921078146;6019355.095015667378902;10.050074260000031;54.317489667000075
1884;01210603171013282021;01;0;60;044;2021;06;09;5;3;5;3;0;0;1;0;0;0;1;0;560341.984480127692223;5964175.160769147798419;9.916674524000030;53.822610464000036
1885;01210105161013022021;01;0;62;008;2021;01;07;3;2;9;1;2;1;0;1;0;0;0;0;598329.852401901036501;5961377.018307760357857;10.492692733000069;53.791672260000041
1886;01210428181013742021;01;0;51;076;2021;04;17;4;3;8;1;0;0;0;0;0;0;0;1;503370.590043449774384;5973992.945763969793916;9.051315213000066;53.914345109000067
1887;01210314181013382021;01;0;51;011;2021;03;15;1;3;8;7;0;0;0;1;0;0;0;0;508023.811295541934669;5974216.591545172035694;9.122163459000035;53.916304077000063
1888;01210203105132092021;01;0;60;074;2021;02;21;4;3;8;1;2;2;0;0;0;0;0;1;584198.932000012136996;5972535.129999779164791;10.281300804000068;53.894415957000035
1889;01210615161013862021;01;0;53;014;2021;06;15;3;2;2;6;0;0;0;1;0;1;0;0;607798.694912887178361;5940863.843114009127021;10.629237819000025;53.605492206000065
1890;01210607171013722021;01;0;60;002;2021;06;17;2;2;5;3;0;0;0;1;0;1;0;0;559882.709000000730157;5962784.248999778181314;9.909427812000047;53.810163361000036
1891;01210524105132602021;01;0;59;057;2021;05;01;2;3;7;7;2;0;0;1;0;0;0;0;530242.953760795295238;6045806.479707727208734;9.467663678000065;54.558880899000030
1892;01210406171013122021;01;0;60;086;2021;04;17;3;3;1;5;0;2;0;1;0;1;0;0;583335.645656592212617;5990364.276026817038655;10.273042198000041;54.054763556000069
1893;01210512134013482021;01;0;02;000;2021;05;08;4;3;3;6;0;1;0;1;0;0;1;0;577287.058319364674389;6020338.190302010625601;10.188367092000021;54.325042771000028
1894;01210319145013502021;01;0;04;000;2021;03;12;6;3;5;3;0;0;1;1;0;0;0;0;565140.141000005416572;5989757.538999792188406;9.995008614000028;54.051931620000062
1895;01210122161013502021;01;0;53;023;2021;01;19;6;2;0;7;2;0;1;0;0;0;0;0;590590.210347070358694;5929200.349495066329837;10.365862931000038;53.503941453000039
1896;01210224171013212021;01;0;60;052;2021;02;09;4;3;2;2;0;0;0;1;0;0;0;0;569487.718130656518042;5984849.739803109318018;10.060282544000074;54.007260862000066
1897;01210303171013402021;01;0;60;094;2021;03;17;4;3;9;7;0;0;0;1;0;0;0;0;570615.451052414253354;5958370.258385654538870;10.071383688000026;53.769149908000031
1898;01210531152013072021;01;0;03;000;2021;05;08;2;3;5;3;0;0;1;1;0;0;0;0;610654.296816855669022;5968268.210674999281764;10.682178416000056;53.851110801000061
1899;01210414152013822021;01;0;03;000;2021;04;06;4;3;3;6;0;0;1;0;0;0;0;1;611805.408788139000535;5972118.252852572128177;10.701072485000054;53.885453651000034
1900;01210504134013082021;01;0;02;000;2021;05;07;3;3;6;4;0;1;0;1;1;0;0;0;572156.886000006459653;6021330.692999809980392;10.109742544000028;54.334712155000034
1901;01210107125013492021;01;0;54;105;2021;01;09;5;3;9;1;0;2;0;1;0;0;0;0;511093.746884689666331;6028771.905989881604910;9.170911971000066;54.406570703000057
1902;01210206152013462021;01;0;55;028;2021;02;11;7;3;5;3;0;0;0;1;0;0;0;0;601737.594508465379477;6003516.817472547292709;10.558474590000060;54.169628653000075
1903;01210212171013762021;01;0;60;085;2021;02;16;6;3;5;2;0;0;0;1;0;0;0;0;578102.984344441443682;5964491.076014028862119;10.186511328000051;53.823084553000058
1904;01210610125013512022;01;0;59;171;2021;06;17;5;3;9;1;0;0;0;0;0;1;0;0;526424.588000001385808;6055411.585999831557274;9.409485234000044;54.645413715000075
1905;01210602145013122021;01;0;04;000;2021;06;05;4;3;5;3;0;0;0;1;0;0;0;0;564956.540710003115237;5993105.450575001537800;9.992922138000040;54.082040682000070
1906;01210527181013542021;01;0;51;011;2021;05;03;5;3;3;6;2;1;1;1;0;0;0;0;511410.128375140950084;5973934.683462658897042;9.173709792000068;53.913706774000048
1907;01210531134013952021;01;0;02;000;2021;05;12;2;3;3;6;0;0;0;1;0;0;1;0;573030.355301638133824;6017936.271456493064761;10.122342713000023;54.304086595000058
1908;01210328145013822021;01;0;58;077;2021;03;15;1;3;2;6;0;1;0;1;0;0;0;0;543748.264599591493607;5993153.532989766448736;9.668770836000022;54.084711300000038
1909;01210406105132742021;01;0;60;039;2021;04;17;3;3;9;1;0;1;0;1;0;0;0;0;561247.234152628108859;5961837.693547779694200;9.929959350000047;53.801497750000067
1910;01210129181013452021;01;0;51;097;2021;01;16;6;3;2;6;0;2;0;1;0;0;0;0;507341.864000000059605;5982887.252999791875482;9.111989386000062;53.994245813000077
1911;01210520181013792021;01;0;51;069;2021;05;16;5;3;5;3;0;0;1;1;0;0;0;0;503829.679861144162714;6004862.623992504552007;9.058694335000041;54.191793426000061
1912;01210420161013242021;01;0;53;032;2021;04;16;3;3;5;2;0;0;1;1;0;0;0;0;592044.876907581463456;5921646.825652807950974;10.385575717000052;53.435812297000041
1913;01210425134013002021;01;0;02;000;2021;04;12;1;3;2;6;0;0;0;1;0;0;0;0;574557.560698671266437;6014535.080934092402458;10.144959874000051;54.273303941000052
1914;01210510171013742021;01;0;60;027;2021;05;13;2;3;2;6;0;0;0;1;0;0;0;0;561141.092989875003695;5984041.761759214103222;9.932782582000073;54.001055520000079
1915;01210112125013652021;01;0;59;185;2021;01;08;3;3;8;1;0;1;0;1;0;0;0;0;538894.844738540239632;6057710.755696292966604;9.603024851000043;54.665267702000051
1916;01210318181013272021;01;0;51;011;2021;03;07;5;3;0;1;0;0;0;0;0;0;0;1;512424.869615918025374;5974895.691973492503166;9.189197345000025;53.922320970000044
1917;01210120152013522021;01;0;03;000;2021;01;18;4;3;5;2;2;0;0;1;0;0;0;0;610685.916564062237740;5972231.045562688261271;10.684088771000063;53.886707093000041
1918;01210221145013102021;01;0;58;157;2021;02;13;1;3;4;6;0;0;1;0;0;0;0;0;574866.412004365585744;6032576.800155986100435;10.154237064000029;54.435373904000073
1919;01210614161013432021;01;0;62;092;2021;06;18;2;3;4;6;0;0;0;1;0;0;0;0;583008.658000010997057;5965331.375999771058559;10.261244001000023;53.829875354000080
1920;01210605152013832021;01;0;55;044;2021;06;12;7;3;0;7;0;0;1;0;0;0;0;0;615462.777420538477600;5987161.931754492223263;10.762380455000027;54.019801079000047
1921;01210411171013472021;01;0;56;001;2021;04;15;1;3;2;6;0;1;0;1;0;0;0;0;549907.146627146750689;5943152.097520628944039;9.754780536000055;53.634771300000068
1922;01210515134013422021;01;0;02;000;2021;05;14;7;3;5;2;0;0;1;1;0;0;0;0;573776.613000006414950;6019497.609999807551503;10.134194604000072;54.318009062000044
1923;01210503145013832021;01;0;58;135;2021;05;14;2;3;2;6;0;0;0;1;0;0;0;0;540762.102252243086696;6019182.062978381291032;9.626654688000031;54.318876804000070
1924;01210309171013552021;01;0;56;039;2021;03;20;3;3;5;3;2;0;0;1;0;0;0;0;552434.260275551117957;5947638.663388971239328;9.793753017000029;53.674847599000032
1925;01210608181013082021;01;0;61;114;2021;06;15;3;3;2;2;0;0;0;0;0;1;0;1;539391.144577026367188;5978475.208672011271119;9.600266455000053;53.953143181000030
1926;01210601134013762021;01;0;02;000;2021;06;18;3;3;5;6;0;0;0;1;0;1;0;0;574766.193379128351808;6021125.894776938483119;10.149812455000074;54.332496254000034
1927;01210526152013872021;01;0;03;000;2021;05;11;4;3;5;3;0;1;1;1;0;0;0;0;610099.329950747080147;5969764.396737100556493;10.674282374000029;53.864670916000080
1928;01210115145013712021;01;0;58;092;2021;01;07;6;3;2;6;2;2;0;1;0;0;1;0;571692.017258209176362;6021985.041540483012795;10.102751883000053;54.340657491000059
1929;01210531125013262021;01;0;59;183;2021;05;07;2;3;5;3;0;0;1;1;0;0;0;0;525682.826320468448102;6067396.296656435355544;9.399046567000028;54.753154447000043
1930;01210327152013912021;01;0;03;000;2021;03;11;7;2;3;7;0;0;0;1;0;0;0;0;610955.333751400932670;5968142.879729416221380;10.686707347000038;53.849920572000030
1931;01210402161013962021;01;0;62;009;2021;04;00;6;3;6;4;2;0;0;1;1;0;0;0;579240.115968527272344;5936144.097586128860712;10.196535300000050;53.568175107000059
1932;01210126125013692021;01;0;54;076;2021;01;14;3;3;4;6;0;1;0;1;0;0;0;0;494843.522835376672447;6069281.071129508316517;8.919846808000045;54.770722417000059
1933;01210303105132752021;01;0;59;183;2021;03;18;4;3;2;6;2;0;0;1;0;0;0;0;525101.464273273944855;6065138.661871707066894;9.389819018000026;54.732895376000045
1934;01210520125013532021;01;0;54;163;2021;05;08;5;3;0;2;0;0;0;1;0;0;0;1;469494.098458884283900;6060679.156544046476483;8.526721371000065;54.692521006000050
1935;01210419171013442021;01;0;56;005;2021;04;11;2;3;6;2;0;0;0;0;1;0;1;0;559823.952739977277815;5946531.540747372433543;9.905390870000076;53.664104004000080
1936;01210423171013592021;01;0;56;009;2021;04;07;6;3;5;3;0;0;0;1;0;0;0;0;552752.677665113471448;5948134.323268597945571;9.798656990000040;53.679270317000032
1937;01210509125013242021;01;0;01;000;2021;05;18;1;3;0;7;0;0;1;0;0;0;0;0;527998.698367414064705;6069124.279195623472333;9.435194849000027;54.768559281000080
1938;01210110171013462021;01;0;60;040;2021;01;03;1;3;9;1;2;1;0;1;0;0;0;0;555268.757346744649112;5976344.609570968896151;9.841808974000060;53.932543024000040
1939;01210119125013292021;01;0;59;127;2021;01;17;3;3;9;1;2;1;0;1;0;0;0;0;538686.501363942399621;6068741.951690373942256;9.601259897000034;54.764413947000037
1940;01210218125013282021;01;0;59;075;2021;02;11;5;3;5;3;0;0;0;1;0;1;0;0;537013.356667409650981;6042498.417238159105182;9.571937005000052;54.528702586000065
1941;01210614134013542021;01;0;02;000;2021;06;16;2;3;2;6;0;0;0;1;0;0;0;0;575255.260907980613410;6018931.080827776342630;10.156778504000044;54.312702645000059
1942;01210604145013602021;01;0;04;000;2021;06;15;6;3;6;4;0;0;0;1;1;0;0;0;564278.503447741270065;5991090.341318340972066;9.982131856000024;54.064017010000043
1943;01210514105132222021;01;0;58;001;2021;05;09;6;3;8;7;0;0;0;1;0;0;0;0;563904.494232874363661;6019457.710934577509761;9.982445009000060;54.318981654000027
1944;01210430145013422021;01;0;58;018;2021;04;07;6;3;2;6;0;0;0;1;0;0;1;0;566157.247000006027520;6009048.129999807104468;10.014771335000034;54.225153224000053
1945;01210312134013812021;01;0;02;000;2021;03;20;6;3;5;2;2;1;1;1;0;0;0;0;573694.298806916922331;6022077.224483070895076;10.133566775000077;54.341200496000056
1946;01210203105132162021;01;0;62;011;2021;02;13;4;3;8;7;0;1;0;1;0;0;0;0;582041.305714899674058;5942353.994363280013204;10.240456693000056;53.623549361000073
1947;01210308105132862021;01;0;58;098;2021;03;14;2;3;9;7;0;0;0;1;0;0;0;0;562983.277098987251520;6000635.637350419536233;9.964333260000046;54.149955602000034
1948;01210608145013202021;01;0;58;157;2021;06;18;3;3;5;3;0;0;0;1;0;0;0;0;575496.978479315526783;6032564.772465538233519;10.163953411000023;54.435172577000060
1949;01210610171013182021;01;0;56;015;2021;06;19;5;3;3;6;0;0;0;1;0;0;0;0;545915.109137319028378;5955652.503027036786079;9.696262530000070;53.747486852000065
1950;01210525134013322021;01;0;02;000;2021;05;05;3;3;0;7;0;1;0;1;0;0;1;0;574527.767414076253772;6014628.714112922549248;10.144525764000036;54.274149645000080
1951;01210529125013572021;01;0;59;024;2021;05;16;7;3;5;3;0;0;0;1;0;0;0;0;521051.702087217010558;6018022.677335333079100;9.323563672000034;54.309650336000061
1952;01210408152013762021;01;0;03;000;2021;04;06;5;3;0;1;0;2;0;0;0;1;0;0;609510.530475510284305;5969872.389611652120948;10.665371214000061;53.865765704000069
1953;01210513125013442021;01;0;54;168;2021;05;08;5;3;0;2;0;0;1;1;0;0;0;0;455687.351999999955297;6084751.302999844774604;8.308852376000061;54.907809324000027
1954;01210324171013382021;01;0;56;040;2021;03;08;4;3;5;2;0;0;1;1;0;0;0;0;551034.628769134171307;5947455.356419123709202;9.772537316000069;53.673338649000073
1955;01210331181013762021;01;0;61;046;2021;03;15;4;3;2;2;0;0;0;1;0;1;0;0;532419.028085867874324;5973767.324528895318508;9.493526379000059;53.911314042000072
1956;01210125134013972021;01;0;02;000;2021;01;08;2;3;0;7;0;0;1;0;0;0;0;0;570759.673492250032723;6019638.896018333733082;10.087857047000057;54.319705674000033