OBJECTID;UIDENTSTLAE;ULAND;UREGBEZ;UKREIS;UGEMEINDE;UJAHR;UMONAT;USTUNDE;UWOCHENTAG;UKATEGORIE;UART;UTYP1;ULICHTVERH;USTRZUSTAND;IstRad;IstPKW;IstFuss;IstKrad;IstGkfz;IstSonstige;LINREFX;LINREFY;XGCSWGS84;YGCSWGS84
2119;01210429152013392021;01;0;55;001;2021;04;12;5;3;5;3;0;1;0;1;0;0;0;0;603088.550105375237763;5986093.437057452276349;10.573225905000072;54.012820928000053
2120;01210315171013612021;01;0;56;039;2021;03;14;2;3;0;7;0;1;1;0;0;0;0;0;552464.179900753311813;5947195.150221271440387;9.794130927000026;53.670858502000044
2121;01210204145013422021;01;0;04;000;2021;02;11;5;3;5;3;0;2;0;1;0;0;0;0;564432.526158233173192;5990975.623420739546418;9.984460452000064;54.062966863000042
2122;01210309145013762021;01;0;58;056;2021;03;17;3;2;6;4;1;0;0;1;1;0;0;0;527814.234207964502275;6017437.042850786820054;9.427446123000038;54.304063585000051
2123;01210608125013362021;01;0;54;168;2021;06;18;3;3;2;6;0;0;1;0;0;0;0;0;456757.426358768716455;6086842.622507141903043;8.325226753000038;54.926695522000045
2124;01210611125013982021;01;0;54;126;2021;06;10;6;2;6;7;0;0;0;1;1;0;0;0;495614.921933757141232;6065776.441038437187672;8.931890449000036;54.739234407000026
2125;01210525145013402021;01;0;58;043;2021;05;11;3;3;0;1;0;1;0;0;0;1;0;0;555544.807709676213562;6038006.295651549473405;9.857412947000057;54.486642937000056
2126;01210528171013122021;01;0;60;099;2021;05;23;6;3;2;6;2;0;0;1;0;0;0;0;560056.975117092952132;5981789.122465481981635;9.915801058000056;53.980938739000067
2127;01210410171013932021;01;0;56;029;2021;04;23;7;2;6;4;2;1;0;0;1;0;0;1;542694.491614223457873;5952866.777412533760071;9.647043604000032;53.722723194000082
2128;01210322181013522021;01;0;51;044;2021;03;19;2;3;5;3;2;1;0;1;0;1;0;0;507842.458000000566244;6005528.587999802082777;9.120212122000055;54.197733188000029
2129;01210330171013462021;01;0;56;044;2021;03;10;3;3;5;2;0;0;0;1;0;0;1;0;556189.041200233623385;5939231.934636285528541;9.849067884000021;53.598902167000062
2130;01210126161013612021;01;0;53;125;2021;01;16;3;3;2;6;0;1;0;1;0;0;0;0;604863.282821826636791;5938837.712839966639876;10.584210408000047;53.587882890000060
2131;01210227171013402021;01;0;60;044;2021;02;19;7;3;5;3;2;0;0;1;0;0;0;0;562733.788396599702537;5965612.371219564229250;9.953296984000076;53.835243455000068
2132;01210518145013762021;01;0;58;034;2021;05;19;3;3;5;2;0;0;0;1;0;0;0;1;543745.658471371047199;6018658.845078235492110;9.672442226000044;54.313927805000048
2133;01210418152013772021;01;0;03;000;2021;04;15;1;3;7;7;0;0;0;0;1;1;0;0;610245.769606179557741;5970923.756542259827256;10.676924923000058;53.875055829000075
2134;01210114152013502021;01;0;03;000;2021;01;13;5;3;5;3;0;0;1;1;0;0;0;0;618457.280000065453351;5974516.426999695599079;10.803151801000070;53.905521594000049
2135;01210423125013092021;01;0;59;042;2021;04;14;6;3;5;3;0;0;0;1;0;0;0;0;531198.207575086504221;6047726.267053652554750;9.482638482000027;54.576075553000067
2136;01210507171013682021;01;0;60;063;2021;05;16;6;3;5;3;0;0;1;1;0;0;0;0;565487.538478646427393;5948154.799308717250824;9.991433963000077;53.678013688000078
2137;01210111134013612021;01;0;02;000;2021;01;13;2;3;2;6;0;1;0;1;0;0;0;0;573041.264298837631941;6017933.756842732429504;10.122509714000046;54.304062440000052
2138;01210209145013772021;01;0;58;061;2021;02;06;3;3;9;1;1;2;0;1;0;0;0;0;529408.050584170967340;5996656.839622577652335;9.449904819000039;54.117215929000054
2139;01210215171013592021;01;0;56;001;2021;02;14;2;3;6;4;0;0;0;1;1;0;0;0;548814.130000001750886;5945971.942999769002199;9.738694418000023;53.660218304000068
2140;01210611181013872021;01;0;61;097;2021;06;19;6;3;0;1;0;0;0;0;0;1;0;0;531450.239172254689038;5989258.710462670773268;9.480377956000041;54.050604604000057
2141;01210603125013942022;01;0;01;000;2021;06;17;5;3;5;2;0;0;0;1;0;0;0;0;527997.303999999538064;6069359.474999837577343;9.435195858000043;54.770672947000037
2142;01210429125013812021;01;0;59;155;2021;04;10;5;3;2;6;0;0;0;1;0;0;0;0;558015.360394460149109;6064385.472180876880884;9.900762585000052;54.723407260000045
2143;01210313105132772021;01;0;55;039;2021;03;13;7;3;9;1;0;1;0;1;0;0;0;0;615005.229908702895045;5992926.989345800131559;10.757584870000073;54.071694319000073
2144;01210203145013702021;01;0;58;022;2021;02;06;4;3;5;2;2;1;0;0;0;0;1;1;566711.377000004053116;6004841.574999801814556;10.022335736000059;54.187280528000031
2145;01210607181013112021;01;0;61;046;2021;06;14;2;3;5;3;0;0;1;1;0;0;0;0;533831.234000000171363;5975964.624999783933163;9.515267075000054;53.930972384000029
2146;01210523171013602021;01;0;60;034;2021;05;13;1;3;5;3;0;0;0;1;0;0;0;0;568915.119554548524320;5974350.135540686547756;10.049175122000065;53.912983262000068
2147;01210407152013732022;01;0;55;040;2021;04;16;4;3;5;7;0;1;1;1;0;0;0;0;608551.944000043906271;5972197.363999739289284;10.651623412000049;53.886855475000061
2148;01210512105132922021;01;0;55;035;2021;05;14;4;2;2;6;0;0;0;1;0;1;0;0;613444.815243955701590;5984934.901855792850256;10.730764028000067;54.000241340000059
2149;01210320171013742021;01;0;62;076;2021;03;13;7;3;2;6;0;0;0;1;0;0;0;1;573788.777815038338304;5955125.127066669985652;10.118744519000074;53.739547442000060
2150;01210124105132162021;01;0;58;128;2021;01;12;1;2;2;6;0;0;0;1;0;0;0;0;560838.709222026169300;5988946.877604570239782;9.929152037000051;54.045172036000054
2151;01210225134013762021;01;0;02;000;2021;02;12;5;3;5;2;0;0;0;1;0;1;0;0;569637.899124355986714;6019343.908227285370231;10.070545458000026;54.317209200000036
2152;01210303134013862021;01;0;57;068;2021;03;09;4;3;2;6;0;0;0;1;0;0;0;0;574672.823304672725499;5991284.855633215978742;10.140965565000045;54.064363596000078
2153;01210531145013242021;01;0;58;124;2021;05;07;2;3;5;2;0;0;0;0;0;1;0;1;546226.615986246615648;6016636.048970665782690;9.710262412000077;54.295530832000054
2154;01210415171013982021;01;0;60;063;2021;04;08;5;3;5;2;0;0;1;0;0;0;0;1;564242.148468007333577;5948717.927872294560075;9.972699284000043;53.683229155000049
2155;01210504171013952021;01;0;56;015;2021;05;14;3;3;5;2;0;1;1;1;0;0;0;0;542919.203498959541321;5955714.436617832630873;9.650844180000036;53.748298766000062
2156;01210205181013982021;01;0;61;012;2021;02;22;6;3;7;1;2;1;0;1;0;0;0;0;529683.315327011048794;5961994.126412866637111;9.450742515000059;53.805662222000080
2157;01210211125013512021;01;0;54;131;2021;02;12;5;2;5;3;0;0;0;1;0;0;1;0;494131.247999999672174;6082167.449999842792749;8.908513650000032;54.886520168000061
2158;01210602134013802021;01;0;02;000;2021;06;13;4;3;5;2;0;0;1;1;0;0;0;0;572475.864584999158978;6021125.545953972265124;10.114597414000059;54.332823554000072
2159;01210528125013482021;01;0;01;000;2021;05;07;6;3;5;3;0;0;1;1;0;0;0;0;524975.749586930498481;6067906.614300074055791;9.388104519000024;54.757776102000037
2160;01210531134013882021;01;0;02;000;2021;05;13;2;3;1;5;0;0;1;1;0;0;0;0;573469.616790409199893;6021405.756660668179393;10.129945978000023;54.335199323000040
2161;01210104171013092021;01;0;62;076;2021;01;07;2;3;0;7;2;0;1;1;0;0;0;0;571613.675000006332994;5954438.024999771267176;10.085614291000070;53.733675918000074
2162;01210330125013092021;01;0;54;062;2021;03;15;3;2;0;7;0;0;1;0;0;0;0;0;499126.939702392555773;6073973.302216777577996;8.986414859000035;54.812915953000072
2163;01210405125013142021;01;0;59;076;2021;04;15;2;3;9;7;0;0;0;1;0;0;0;0;540558.240734583698213;6054670.410369658842683;9.628390756000044;54.637814853000066
2164;01210130171013772021;01;0;60;004;2021;01;15;7;3;5;2;0;2;1;1;0;0;0;0;558021.025000004097819;5972887.252999782562256;9.883068041000058;53.901170764000028
2165;01210521161013842021;01;0;62;004;2021;05;11;6;3;5;3;0;1;0;1;0;0;0;0;590111.927320685237646;5964606.081198856234550;10.368926852000072;53.822175168000058
2166;01210426125013082021;01;0;54;020;2021;04;17;2;3;5;3;0;0;1;0;0;0;0;1;498938.282382402569056;6050642.608457829803228;8.983564282000032;54.603246007000052
2167;01210510125013642021;01;0;59;084;2021;05;08;2;2;3;6;0;0;0;1;0;0;0;1;538285.322705498896539;6049977.751982385292649;9.592564324000023;54.595821803000035
2168;01210101161013372021;01;0;62;056;2021;01;13;6;3;8;1;0;0;0;1;0;0;0;0;593452.624862680211663;5956579.883744567632675;10.417226938000056;53.749466145000042
2169;01210430161013602021;01;0;62;082;2021;04;14;6;3;5;3;0;0;1;1;0;0;0;0;592919.403000019490719;5941186.042999753728509;10.404532858000039;53.611237225000082
2170;01210314134013482021;01;0;02;000;2021;03;21;1;3;8;1;2;1;0;1;0;0;0;0;576609.361428395844996;6020359.225706245750189;10.177954664000026;54.325333949000026
2171;01210203145013422021;01;0;58;115;2021;02;16;4;3;9;1;1;1;0;1;0;0;0;0;547852.773094546049833;5998186.861316351220012;9.732306870000059;54.129580855000029
2172;01210306105132352021;01;0;03;000;2021;03;04;7;3;8;7;2;0;0;1;0;0;0;0;609506.350067327730358;5963836.801394252106547;10.663157008000042;53.811540654000055
2173;01210606161013652021;01;0;53;048;2021;06;11;1;2;5;3;0;0;1;1;0;0;0;0;611362.416000049561262;5933562.191999711096287;10.680469997000046;53.539143942000067
2174;01210523134013162021;01;0;02;000;2021;05;15;1;3;5;3;0;0;0;1;0;1;0;0;570782.471864140592515;6023353.036586608737707;10.089089237000053;54.353076995000038
2175;01210407145013952021;01;0;04;000;2021;04;10;4;3;5;3;0;1;1;1;0;0;0;0;563997.330927694216371;5990979.451938206329942;9.977813013000059;54.063055496000061
2176;01210511145013452021;01;0;58;167;2021;05;13;3;3;8;1;0;0;0;1;0;0;0;0;539414.722321666777134;5992427.607501121237874;9.602434631000051;54.078537143000062
2177;01210320152013802021;01;0;55;021;2021;03;11;7;3;5;3;0;0;0;1;0;0;0;0;630597.126495733857155;6025899.014505397528410;11.010056149000036;54.364136237000082
2178;01210122171013062021;01;0;56;015;2021;01;04;6;3;5;3;2;1;0;1;0;0;1;0;543693.692855980247259;5957118.061168350279331;9.662786563000054;53.760849759000052
2179;01210223134013122021;01;0;02;000;2021;02;12;3;3;5;2;0;0;1;1;0;0;0;0;573710.993446879088879;6021829.424401670694351;10.133762239000021;54.338971440000080
2180;01210305125013272021;01;0;59;183;2021;03;12;6;3;5;7;0;0;0;1;0;0;0;0;520890.850999999791384;6069128.810999836772680;9.324717399000065;54.768946010000036
2181;01210531125013952021;01;0;59;075;2021;05;14;2;3;2;6;0;0;0;1;0;0;0;0;534055.491029481403530;6042750.580102279782295;9.526262915000075;54.531176177000077
2182;01210415145013812021;01;0;58;030;2021;04;10;5;3;5;2;0;0;0;0;0;0;0;1;541442.301579779013991;6028901.983297452330589;9.638464244000033;54.406173175000049
2183;01210113105132822021;01;0;51;138;2021;01;07;4;3;9;1;1;2;0;1;0;0;0;0;516354.380155704915524;5998931.923989791423082;9.250326855000026;54.138244326000063
2184;01210504181013582021;01;0;51;044;2021;05;14;3;3;0;7;0;1;1;0;0;0;0;0;505871.046986828558147;6004756.858812095597386;9.089978580000036;54.190823545000057
2185;01210107161013852021;01;0;53;113;2021;01;10;5;3;8;1;0;2;0;0;0;0;0;1;600161.540878744795918;5938917.544560182839632;10.513232857000048;53.589519422000080
2186;01210207152013032021;01;0;55;028;2021;02;05;1;3;8;1;2;2;0;1;0;0;0;0;600672.264724895358086;6004325.489692788571119;10.542432172000076;54.177104108000037
2187;01210217181013252021;01;0;61;097;2021;02;06;4;2;5;3;2;1;1;1;0;0;0;0;531986.366573042236269;5988845.648098655045033;9.488523013000076;54.046859216000030
2188;01210611171013162021;01;0;56;048;2021;06;14;6;3;5;3;0;0;1;1;0;0;0;0;546552.532952894456685;5950857.865217696875334;9.705206277000059;53.704337800000076
2189;01210602161013562021;01;0;62;004;2021;06;14;4;3;2;6;0;0;0;1;0;0;0;0;589270.219402502290905;5962254.408093374222517;10.355462057000068;53.801188989000082
2190;01210428145013122021;01;0;58;135;2021;04;10;4;3;0;1;0;0;0;0;0;0;1;0;542543.557566033676267;6016659.838996084406972;9.653680619000056;54.296064561000037
2191;01210327161013912021;01;0;53;116;2021;03;09;7;2;4;1;0;1;0;1;0;0;0;0;597689.721743145026267;5930683.933293510228395;10.473329885000055;53.516001754000058
2192;01210406105132222021;01;0;62;060;2021;04;18;3;3;9;7;1;2;0;1;0;0;0;0;586316.834168367087841;5936295.476554723456502;10.303407296000046;53.568419045000041
2193;01210131105132662021;01;0;56;005;2021;01;20;1;2;8;1;2;1;0;1;0;0;0;1;561633.879837962798774;5946003.829227171838284;9.932674114000065;53.659151126000040
2194;01210521152013652021;01;0;55;042;2021;05;17;6;3;5;3;0;0;0;0;0;0;0;1;616384.408477289602160;5984130.210102695971727;10.775280636000048;53.992358365000030
2195;01210426134013722021;01;0;02;000;2021;04;13;2;3;5;3;0;0;1;1;0;0;0;0;576574.506501994095743;6020366.364900754764676;10.177420688000041;54.325403329000039
2196;01210510171013872021;01;0;60;014;2021;05;18;2;3;5;3;0;0;0;1;0;0;0;0;571699.523863938637078;5975189.133948408067226;10.091753713000060;53.920145049000041
2197;01210104171013102021;01;0;56;020;2021;01;13;2;3;5;2;0;0;0;1;0;0;0;0;540178.110713754780591;5942897.955384828150272;9.607618928000022;53.633324306000077
2198;01210318171013822021;01;0;56;015;2021;03;10;5;3;2;6;0;0;0;1;0;0;0;0;545462.987530366517603;5955778.635050302371383;9.689425609000068;53.748660109000070
2199;01210120145013722021;01;0;04;000;2021;01;22;4;1;6;1;2;1;0;1;1;0;0;0;566004.266147154383361;5999555.190684217959642;10.010343263000038;54.139867111000058
2200;01210222161013402021;01;0;53;028;2021;02;18;2;2;6;6;2;0;1;0;1;0;0;0;586900.677721853367984;5924634.430963141843677;10.308986860000061;53.463533091000045
2201;01210615125013412021;01;0;54;168;2021;06;14;3;3;8;7;0;0;1;0;0;0;0;0;454439.336435412056744;6074856.132567573338747;8.290950487000032;54.818779715000062
2202;01210606125013552022;01;0;59;187;2021;06;15;1;3;0;7;0;1;1;0;0;0;0;0;552963.650319806300104;6048812.722214812412858;9.819516958000065;54.584027598000034
2203;01210412125013052021;01;0;59;132;2021;04;07;2;3;2;2;0;0;0;1;0;0;0;1;516285.438927824608982;6053414.975495869293809;9.252256344000045;54.627899657000057
2204;01210517125013392021;01;0;54;144;2021;05;22;2;2;9;1;1;0;0;1;0;0;0;0;507737.117028740234673;6045866.340854033827782;9.119647002000022;54.560263441000075
2205;01210503161013972021;01;0;62;001;2021;05;13;2;3;2;6;0;0;0;1;0;0;0;0;581325.686602349393070;5947396.034358095377684;10.230958310000062;53.668970658000035
2206;01210107105132612021;01;0;60;064;2021;01;12;5;3;3;6;0;1;0;1;0;0;1;0;562250.158215036615729;5969274.533209182322025;9.946691336000072;53.868213150000031
2207;01210212171013242021;01;0;60;044;2021;02;07;6;3;6;2;0;1;0;1;1;0;0;0;563333.637186407111585;5965623.496286336332560;9.962413115000061;53.835270671000046
2208;01210609171013052021;01;0;60;045;2021;06;12;4;3;8;7;0;0;1;0;0;0;0;0;567256.872000004164875;5967200.577999778091908;10.022365382000032;53.848950495000054
2209;01210531171013692021;01;0;60;012;2021;05;10;2;3;2;6;0;0;0;1;0;0;0;0;582679.935078073292971;5992610.607981555163860;10.263640919000068;54.075053855000078
2210;01210526171013162021;01;0;56;041;2021;05;14;4;3;6;4;0;1;0;1;1;0;0;0;559190.620775939896703;5954166.653149388730526;9.897265437000044;53.732794903000070
2211;01210530161013892021;01;0;53;111;2021;05;12;1;2;0;7;0;0;1;0;0;0;0;0;598907.584619797766209;5916714.916210941970348;10.487297761000036;53.390252601000043
2212;01210106145013602021;01;0;58;139;2021;01;11;4;3;2;2;0;1;0;0;0;0;1;1;567313.749111744575202;6010802.867608966305852;10.032901184000025;54.240770828000052
2213;01210325134013872021;01;0;02;000;2021;03;07;5;3;2;6;0;0;0;1;0;1;0;1;570805.258837903849781;6023306.298764646053314;10.089428666000060;54.352653857000064
2214;01210401134013542021;01;0;02;000;2021;04;12;5;3;2;6;0;0;0;1;0;0;0;0;570405.123193584382534;6020114.702289780601859;10.082519539000032;54.324030206000032
2215;01210129125013172021;01;0;01;000;2021;01;09;6;3;2;6;0;1;0;1;0;0;1;0;528225.834916575811803;6071275.078944211825728;9.438934426000060;54.787874701000078
2216;01210302152013842021;01;0;03;000;2021;03;13;3;3;2;6;0;0;0;1;0;0;0;0;618545.130698386579752;5975383.292815100401640;10.804824144000065;53.913289079000037
2217;01210519152013832021;01;0;03;000;2021;05;19;4;3;5;3;0;0;0;1;0;0;0;1;609123.780352734960616;5970665.775726977735758;10.659774715000026;53.872975203000067
2218;01210419181013772021;01;0;51;081;2021;04;11;2;3;2;2;0;0;0;1;0;0;0;0;502903.292186976410449;6004573.424028346315026;9.044493572000022;54.189200285000027
2219;01210423181013942021;01;0;51;001;2021;04;11;6;3;5;2;0;0;0;1;0;0;0;0;518894.668414521962404;5997976.086405022069812;9.289149206000047;54.129566519000036
2220;01210509125013532021;01;0;54;095;2021;05;12;1;3;4;6;0;0;0;0;0;0;0;1;495214.629381615668535;6021613.052276039496064;8.926390870000034;54.342330020000077
2221;01210112152013992021;01;0;03;000;2021;01;20;3;3;8;1;2;2;0;0;0;0;1;0;620058.351776685565710;5977584.016154689714313;10.828713883000034;53.932710801000042
2222;01210118152013672021;01;0;03;000;2021;01;05;2;3;5;2;2;1;1;0;0;0;0;1;610732.128759531304240;5968280.565369669348001;10.683365518000073;53.851205210000046
2223;01210220161013892021;01;0;53;129;2021;02;15;7;3;5;3;0;0;0;1;0;1;0;0;584130.213532410562038;5928392.705749964341521;10.268273664000048;53.497756628000047
2224;01210614152013382021;01;0;03;000;2021;06;18;2;2;5;2;0;0;1;1;0;0;0;0;612017.543737591244280;5968298.652120934799314;10.702903721000041;53.851092058000063
2225;01210604134013622021;01;0;02;000;2021;06;16;6;3;5;3;0;0;0;1;0;1;0;0;573693.482692065648735;6022079.963045077398419;10.133554901000025;54.341225222000048
2226;01210409152013212021;01;0;55;044;2021;04;17;6;3;8;1;0;1;0;1;0;0;0;0;613618.438829165883362;5990630.001525161787868;10.735541077000050;54.051366572000063
2227;01210513161013192021;01;0;53;009;2021;05;21;5;2;8;1;2;0;0;1;0;0;0;0;609207.578334436751902;5956812.126572925597429;10.656133968000063;53.748490384000036
2228;01210430145013442021;01;0;58;070;2021;04;09;6;2;8;1;0;0;0;0;0;1;0;0;534356.701921065337956;6010593.616615723818541;9.527200214000061;54.242162705000055
2229;01210317125013622021;01;0;54;096;2021;03;13;4;3;0;7;0;0;1;0;0;0;0;0;510675.305349890142679;6032813.672240015119314;9.164610932000073;54.442903988000069
2230;01210204181013332021;01;0;51;001;2021;02;04;5;3;9;1;2;2;0;1;0;0;0;0;517728.632822601124644;6000417.156460981816053;9.271448774000021;54.151547428000072
2231;01210310152013302021;01;0;03;000;2021;03;14;4;3;5;2;0;0;1;1;0;0;0;0;611918.686125134117901;5968421.999532211571932;10.701446562000058;53.852221544000031
2232;01210608145013022022;01;0;58;116;2021;06;14;3;3;0;2;0;0;1;1;0;0;0;0;562854.278000002726912;6034944.325999815016985;9.969577212000047;54.458275533000062
2233;01210610152013472021;01;0;55;032;2021;06;14;5;3;0;7;0;0;1;0;0;0;0;0;618228.743714617565274;5996858.269241070374846;10.808357489000059;54.106280595000044
2234;01210524152013002021;01;0;55;036;2021;05;16;2;3;9;1;0;0;0;1;0;0;0;0;626370.470114424824715;6012539.787604140117764;10.939393692000067;54.245205136000038
2235;01210529152013382021;01;0;03;000;2021;05;22;7;3;5;3;2;0;0;1;0;0;0;0;621642.204403377138078;5981429.880737589672208;10.854357595000067;53.966889674000072
2236;01210409125013132021;01;0;54;168;2021;04;09;6;3;5;2;0;1;1;0;0;0;1;1;455736.296409756876528;6084630.808122867718339;8.309634232000064;54.906730907000053
2237;01210322171013442021;01;0;56;049;2021;03;10;2;3;5;2;0;0;1;1;0;0;0;0;544717.138994609937072;5948116.614665912464261;9.677009389000034;53.679860541000039
2238;01210330181013162021;01;0;61;055;2021;03;07;3;3;4;6;0;0;0;1;0;0;0;1;531919.522082269191742;5966193.672118784859776;9.485133977000032;53.843274738000048
2239;01210127125013072021;01;0;54;109;2021;01;04;4;2;8;7;2;1;0;0;0;0;1;0;491450.895411084406078;6068825.323848851025105;8.867124754000031;54.766580432000069
2240;01210226152013962021;01;0;55;035;2021;02;14;6;3;5;2;0;0;0;1;0;0;0;0;613978.459403939545155;5975681.430346580222249;10.735444506000022;53.916992108000045
2241;01210518134013722021;01;0;02;000;2021;05;19;3;3;2;6;0;0;0;1;0;0;0;0;577320.764894666150212;6020350.190372191369534;10.188888352000049;54.325145493000036
2242;01210418171013912021;01;0;56;041;2021;04;15;1;2;5;2;0;0;1;1;0;0;0;0;561834.696000003255904;5955929.124999772757292;9.937693516000024;53.748327658000051
2243;01210423125013032021;01;0;59;098;2021;04;08;6;3;9;7;0;0;0;1;0;0;0;0;538586.990817734040320;6045996.267641497775912;9.596710157000075;54.560019002000047
2244;01210508145013772021;01;0;04;000;2021;05;18;7;2;7;1;0;1;1;0;0;0;0;0;566405.086259729228914;5992084.032324226573110;10.014836796000054;54.072677072000033
2245;01210111125013222021;01;0;54;056;2021;01;07;2;2;0;7;2;1;1;0;0;0;0;0;503566.076162027195096;6037207.160105362534523;9.055041204000077;54.482488834000037
2246;01210211125013432021;01;0;54;076;2021;02;21;5;3;5;3;2;1;0;1;0;0;0;0;498013.523000000976026;6069602.942999837920070;8.969119634000037;54.773637549000057
2247;01210216125013772021;01;0;59;106;2021;02;16;3;2;4;6;0;1;0;1;0;0;0;1;542177.713316124863923;6071707.875157723203301;9.655947108000021;54.790785170000049
2248;01210611171013432021;01;0;62;076;2021;06;01;6;3;0;7;2;0;1;0;0;0;0;0;568569.979555762372911;5954498.873334089294076;10.039495987000066;53.734631792000073
2249;01210603125013012021;01;0;01;000;2021;06;01;5;3;9;1;2;1;0;1;0;0;0;0;528186.153375157155097;6072362.072832103818655;9.438423049000050;54.797645166000052
2250;01210105171013762022;01;0;60;063;2021;01;13;3;3;8;1;0;1;0;1;0;0;0;0;566711.934272556565702;5948717.638498272746801;10.010088318000044;53.682917065000026
2251;01210427171013152021;01;0;56;039;2021;04;09;3;3;5;3;0;0;1;1;0;0;0;0;552552.243000002577901;5946282.152999769896269;9.795309237000026;53.662644045000036
2252;01210313105132832021;01;0;62;086;2021;03;15;7;3;2;6;0;1;0;1;0;0;0;0;588584.069537967443466;5935731.828354757279158;10.337473211000031;53.562976173000038
2253;01210203134013522021;01;0;02;000;2021;02;15;4;3;5;3;0;1;1;1;0;0;0;0;573246.116584292612970;6018846.441694889217615;10.125881076000042;54.312234236000052
2254;01210606161013492021;01;0;53;090;2021;06;15;1;3;5;3;0;0;1;1;0;0;0;0;610978.699035524390638;5941686.126146262511611;10.677570011000057;53.612216328000045
2255;01210521181013652021;01;0;51;075;2021;05;10;6;3;0;1;0;0;1;0;0;0;0;0;501408.811959450133145;6007964.776294190436602;9.021606243000065;54.219686716000069
2256;01210407134013942021;01;0;02;000;2021;04;15;4;3;5;2;0;1;0;1;0;0;0;0;573870.665711238980293;6019565.713173013180494;10.135657051000067;54.318607415000031
2257;01210511134013022021;01;0;02;000;2021;05;09;3;3;3;6;0;1;0;1;0;0;1;0;573750.767585295252502;6019266.486560853198171;10.133740256000067;54.315935995000075
2258;01210319152013182021;01;0;03;000;2021;03;17;6;3;5;3;0;0;0;1;0;0;0;0;610787.623049695044756;5967754.291688468307257;10.684018911000067;53.846465196000054
2259;01210125171013602021;01;0;60;044;2021;01;17;2;3;2;2;2;1;0;1;0;0;0;0;561644.661212517879903;5966966.557351786643267;9.937020865000022;53.847543809000058
2260;01210225105132182021;01;0;62;048;2021;02;08;5;3;2;6;0;0;0;1;0;0;0;0;602918.896989986300468;5974022.859652211889625;10.566566047000038;53.904405359000066
2261;01210305105132082021;01;0;62;089;2021;03;14;6;3;3;6;0;0;0;1;0;0;1;0;590371.241687439382076;5956925.481995031237602;10.370613237000043;53.753114910000079
2262;01210531134013442021;01;0;02;000;2021;05;11;2;3;5;2;0;0;1;1;0;0;0;0;568351.549596303142607;6019711.696218907833099;10.050858312000059;54.320687943000053
2263;01210415145013412021;01;0;58;127;2021;04;10;5;2;0;7;0;0;1;0;0;0;0;0;538440.392489935271442;6027416.615119071677327;9.592027120000068;54.393060022000043
2264;01210504125013862021;01;0;59;121;2021;05;13;3;2;2;6;0;1;0;1;0;0;1;0;560855.052793957293034;6062358.263372857123613;9.944422463000024;54.704855989000066
2265;01210107145013432021;01;0;58;135;2021;01;13;5;3;5;2;0;1;1;1;0;0;0;0;542799.157001513987780;6017954.958341615274549;9.657793138000045;54.307682286000045
2266;01210206125013042021;01;0;59;127;2021;02;15;7;3;9;1;0;2;0;1;0;0;0;0;536379.151116184890270;6068555.660268329083920;9.565378068000030;54.762912299000050
2267;01210213105132152021;01;0;58;030;2021;02;16;7;3;3;6;0;0;0;1;0;0;0;0;541150.894237939268351;6028684.345753572881222;9.633944933000066;54.404240966000032
2268;01210610125013892021;01;0;59;075;2021;06;18;5;3;5;3;0;0;1;1;0;0;0;0;536634.878072442486882;6041117.127175882458687;9.565917331000037;54.516316864000032
2269;01210602152013512021;01;0;03;000;2021;06;11;4;3;5;3;0;0;1;1;0;0;0;0;613614.595000052824616;5969405.997999718412757;10.727580014000068;53.860693601000037
2270;01210527181013772021;01;0;51;046;2021;05;12;5;2;8;7;0;0;0;0;0;1;0;0;499221.357036202214658;5980038.686005810275674;8.988130210000065;53.968694632000052
2271;01210531134013252022;01;0;02;000;2021;05;17;2;3;5;3;0;0;1;1;0;0;0;0;574272.329469570890069;6019914.154969677329063;10.141917424000042;54.321680117000028
2272;01210101171013482021;01;0;56;015;2021;01;17;6;3;6;2;2;1;0;1;1;0;0;0;542902.458516772836447;5955700.055361492559314;9.650588273000039;53.748170890000040
2273;01210106152013292021;01;0;03;000;2021;01;06;4;3;5;3;2;1;1;1;0;0;0;0;612514.354168748483062;5969470.649176737293601;10.710882134000030;53.861514036000074
2274;01210329181013452021;01;0;51;096;2021;03;15;2;3;3;2;0;0;0;1;0;0;0;1;506607.494928988628089;6022329.346836069598794;9.101653101000068;54.348747285000059
2275;01210404171013482021;01;0;56;050;2021;04;01;1;3;8;7;2;1;0;1;0;0;0;0;548011.330431539565325;5941436.414471970871091;9.725846705000038;53.619528484000057
2276;01210201134013842021;01;0;02;000;2021;02;07;2;3;2;6;1;0;0;1;0;0;1;0;573272.161768743768334;6017820.282355349510908;10.126029595000034;54.303009721000080
2277;01210521171013872021;01;0;56;039;2021;05;10;6;2;5;2;0;1;0;1;0;0;0;1;552447.500065839849412;5946338.624627728015184;9.793733795000037;53.663162104000037
2278;01210420161013932021;01;0;62;016;2021;04;06;3;3;5;2;0;0;0;1;0;0;1;0;583380.995058606378734;5958342.059477819129825;10.265008005000027;53.767009580000035
2279;01210425145013002021;01;0;58;066;2021;04;17;1;2;9;1;0;0;0;0;0;1;0;0;551877.774235634133220;6028118.348854137584567;9.799081693000062;54.398174302000029
2280;01210510105132862021;01;0;55;035;2021;05;10;2;3;2;6;0;0;0;1;0;0;1;0;613382.476875275373459;5985212.485485680401325;10.729916871000057;54.002748787000030
2281;01210102171013672021;01;0;60;020;2021;01;20;7;2;9;1;2;1;0;1;0;0;0;0;582614.432275859639049;5977147.008065551519394;10.258440677000067;53.936112599000069