OBJECTID;UIDENTSTLAE;ULAND;UREGBEZ;UKREIS;UGEMEINDE;UJAHR;UMONAT;USTUNDE;UWOCHENTAG;UKATEGORIE;UART;UTYP1;ULICHTVERH;USTRZUSTAND;IstRad;IstPKW;IstFuss;IstKrad;IstGkfz;IstSonstige;LINREFX;LINREFY;XGCSWGS84;YGCSWGS84
2282;01210318134013482021;01;0;02;000;2021;03;15;5;3;5;3;0;0;1;1;0;0;0;0;572734.536427350714803;6018059.563440809026361;10.117827498000054;54.305236672000035
2283;01210121171013382021;01;0;56;044;2021;01;00;5;3;8;1;2;0;0;1;0;0;0;0;553276.454659448005259;5940558.157226109877229;9.805287658000054;53.611125917000038
2284;01210221181013022021;01;0;51;074;2021;02;11;1;2;5;3;0;0;1;1;0;0;0;0;506099.969839666970074;5993446.262036984786391;9.093258339000045;54.089164681000057
2285;01210615152013492021;01;0;55;046;2021;06;02;3;3;0;7;2;0;1;0;0;0;0;0;639323.521597507409751;6035825.770768372341990;11.148923643000046;54.450978116000044
2286;01210606134013412021;01;0;02;000;2021;06;12;1;3;0;7;0;0;1;0;0;0;0;0;574991.013473737984896;6021612.902607148513198;10.153391617000068;54.336839318000045
2287;01210412152013702021;01;0;55;012;2021;04;12;2;3;4;6;0;0;0;0;0;0;1;0;605195.750666727311909;6002906.854459861293435;10.611212842000043;54.163451704000067
2288;01210515161013652021;01;0;62;004;2021;05;19;7;3;5;3;0;0;0;1;0;0;0;1;593546.003291567787528;5960473.669893074780703;10.419822726000064;53.784437046000050
2289;01210113105132492021;01;0;56;030;2021;01;04;4;3;8;1;2;1;0;1;0;0;0;0;544053.697379375807941;5962640.474433740600944;9.669036209000069;53.810452839000050
2290;01210502134013752021;01;0;57;035;2021;05;01;1;3;8;1;2;0;0;1;0;0;0;0;599077.122510282322764;6017470.747455136850476;10.522343599000067;54.295516737000071
2291;01210310125013132021;01;0;54;076;2021;03;12;4;2;2;2;0;0;0;1;0;0;0;0;499987.500388100743294;6067424.988774053752422;8.999805784000046;54.754068698000026
2292;01210609134013092021;01;0;02;000;2021;06;04;4;3;4;6;1;0;0;0;0;0;1;1;576222.600283100269735;6016077.624700294807553;10.170916585000043;54.286919194000063
2293;01210601171013012021;01;0;60;101;2021;06;15;3;3;2;6;0;0;0;1;0;0;0;0;580317.338291004300117;5976011.368248555809259;10.223160181000026;53.926269222000030
2294;01210527161013892021;01;0;53;131;2021;05;19;5;3;5;2;0;1;0;1;0;0;0;0;596141.279000023379922;5922412.882999734953046;10.447452770000041;53.441964974000030
2295;01210529181013632021;01;0;61;044;2021;05;23;7;3;5;3;2;0;0;1;0;0;0;1;542145.602445432916284;5959364.329460885375738;9.639612153000030;53.781166072000076
2296;01210325161013072021;01;0;62;018;2021;03;12;5;3;2;6;0;0;0;1;0;0;0;0;581403.365097352303565;5930949.817713573575020;10.227840688000072;53.521165380000070
2297;01210402171013542021;01;0;60;036;2021;04;10;6;2;5;3;0;0;0;1;0;0;0;1;564327.368555576540530;5972813.158795332536101;9.979019032000053;53.899760704000073
2298;01210129161013642021;01;0;62;060;2021;01;16;6;3;4;6;0;2;0;1;0;0;0;1;582902.111869465559721;5932652.191853607073426;10.250891807000073;53.536229488000060
2299;01210302125013382021;01;0;59;075;2021;03;05;3;3;5;2;2;1;0;1;0;0;0;0;537493.096756474114954;6044143.790962047874928;9.579559076000066;54.543453712000030
2300;01210520125013622021;01;0;54;068;2021;05;11;5;3;5;3;0;0;1;0;0;0;0;1;492508.179959140717983;6072931.448337918147445;8.883451595000054;54.803497920000041
2301;01210419171013932021;01;0;56;015;2021;04;10;2;3;5;2;0;0;0;1;0;0;0;0;543686.509389415383339;5958774.894785942509770;9.662912153000036;53.775741426000081
2302;01210112171013312021;01;0;60;064;2021;01;06;3;2;5;2;2;1;0;1;0;0;0;0;561446.382000003941357;5967152.444999780505896;9.934044583000059;53.849237866000067
2303;01210423171013642021;01;0;56;050;2021;04;12;6;3;6;4;0;0;0;1;1;0;0;0;546290.092206663452089;5937400.969251113012433;9.699227519000033;53.583413481000036
2304;01210509152013272021;01;0;55;012;2021;05;14;1;2;0;7;0;0;0;0;0;1;0;0;602956.601000032387674;5998882.865999767556787;10.575558346000037;54.127752861000033
2305;01210111125013642021;01;0;59;123;2021;01;11;2;3;8;1;0;1;0;1;0;0;0;0;507810.146196817979217;6065883.285751430317760;9.121310880000067;54.740153053000029
2306;01210118145013432021;01;0;04;000;2021;01;16;2;3;2;6;2;1;0;1;0;0;0;0;564217.317617139779031;5994886.766480205580592;9.982002220000027;54.098141119000047
2307;01210220105132632021;01;0;51;138;2021;02;18;7;3;3;7;2;0;0;1;0;0;0;0;516822.153855429962277;5997081.591857463121414;9.257383615000037;54.121599124000056
2308;01210613171013282021;01;0;56;004;2021;06;20;1;2;5;3;0;0;0;1;0;1;0;0;557754.286230014637113;5958277.111208103597164;9.876263479000045;53.769897604000050
2309;01210604134013992021;01;0;02;000;2021;06;06;6;3;1;5;0;0;1;1;0;0;0;0;570541.914231322705746;6019612.755425361916423;10.084503709000046;54.319500914000059
2310;01210514125013722021;01;0;54;168;2021;05;13;6;2;8;7;0;0;1;0;0;0;0;0;454528.340969372540712;6076950.882669137790799;8.292006249000053;54.837611202000062
2311;01210429134013192021;01;0;02;000;2021;04;11;5;3;2;6;0;1;0;1;0;0;0;0;573544.701203227974474;6019118.003917973488569;10.130536587000051;54.314631498000040
2312;01210313105132072021;01;0;04;000;2021;03;15;7;3;8;1;0;1;0;1;0;0;0;0;562411.525706479325891;5997892.205926388502121;9.955013183000062;54.125371647000065
2313;01210203125013132021;01;0;59;073;2021;02;19;4;3;9;1;2;1;0;1;0;0;0;0;543661.295968435704708;6043465.550113094970584;9.674798194000061;54.536864409000032
2314;01210317171013152021;01;0;60;063;2021;03;17;4;3;2;2;0;0;0;1;0;0;1;0;565849.762839324772358;5955975.384738031774759;9.998580069000070;53.748251663000076
2315;01210121125013352021;01;0;54;075;2021;01;17;5;3;2;6;1;0;0;1;0;0;0;0;496940.467237326316535;6057323.313472786918283;8.952567675000068;54.663277119000043
2316;01210221152013412021;01;0;03;000;2021;02;13;1;3;3;6;0;0;1;0;0;1;0;0;609795.382000046782196;5971388.730999734252691;10.670243897000034;53.879328781000027
2317;01210615152013992021;01;0;03;000;2021;06;15;3;3;2;6;0;0;0;1;0;0;0;1;610194.829799096100032;5969943.138602308928967;10.675798153000073;53.866256518000057
2318;01210605125013692021;01;0;54;138;2021;06;11;7;3;0;7;0;0;1;0;0;0;0;0;491672.770439717918634;6021050.759248102083802;8.871925409000028;54.337230951000038
2319;01210413125013842021;01;0;01;000;2021;04;15;3;3;5;3;0;0;1;1;0;0;0;0;527435.989672154188156;6069448.097497636452317;9.426479320000055;54.771500338000067
2320;01210517105132032021;01;0;62;004;2021;05;11;2;3;3;6;0;0;0;1;0;0;1;1;587147.892798927612603;5963366.709814799949527;10.323561455000061;53.811543735000043
2321;01210503152013062021;01;0;03;000;2021;05;18;2;2;1;5;0;0;1;1;0;0;0;0;610313.681965403258801;5971073.892418058589101;10.678011449000053;53.876390254000057
2322;01210107105132122021;01;0;60;004;2021;01;08;5;3;9;1;1;2;0;1;0;0;0;0;561854.964113973081112;5971968.421334622427821;9.941225792000068;53.892470061000040
2323;01210310105132712021;01;0;62;065;2021;03;14;4;3;2;6;0;0;0;1;0;0;0;1;587450.424788003787398;5959622.738589202985168;10.327092212000025;53.777850334000050
2324;01210609152013672021;01;0;03;000;2021;06;11;4;3;0;7;0;0;1;0;0;0;0;0;607756.754165417514741;5968612.798533102497458;10.638270700000021;53.854816000000028
2325;01210531181013382021;01;0;61;006;2021;05;16;2;2;9;1;0;0;0;0;0;1;0;0;528804.458904806524515;5970062.292325628921390;9.438153915000044;53.878227440000046
2326;01210526161013812022;01;0;62;053;2021;05;08;4;2;0;7;0;1;1;0;0;0;0;0;578454.601629589684308;5933231.023898044601083;10.183945616000074;53.542114323000078
2327;01210530181013172021;01;0;51;013;2021;05;09;1;3;5;3;0;0;0;1;0;1;0;0;490454.282958108000457;5998978.255063172429800;8.853887363000069;54.138832309000065
2328;01210325161013612021;01;0;53;129;2021;03;10;5;2;8;1;0;0;0;1;0;0;0;0;584318.813759079203010;5927587.529291626065969;10.270899677000045;53.490490740000041
2329;01210403125013652021;01;0;59;182;2021;04;15;7;3;5;3;0;0;0;1;0;1;0;0;530464.931048532016575;6066326.627017319202423;9.473233759000038;54.743274678000034
2330;01210129161013832021;01;0;53;079;2021;01;17;6;2;9;1;2;2;0;1;0;0;0;0;599105.998595208860934;5952787.034535620361567;10.501714614000036;53.714342379000072
2331;01210302125013432021;01;0;59;024;2021;03;15;3;3;2;6;0;0;0;1;0;0;0;0;521657.990383801981807;6018270.675154063850641;9.332900110000026;54.311853815000063
2332;01210520134013472021;01;0;02;000;2021;05;20;5;3;0;7;0;0;1;0;0;0;0;0;573252.838251966983080;6018481.359888374805450;10.125894818000063;54.308952751000049
2333;01210420134013812021;01;0;02;000;2021;04;17;3;3;5;2;0;0;1;1;0;0;0;0;572817.992660750634968;6023502.847873723134398;10.120438714000045;54.354136527000037
2334;01210112171013492021;01;0;56;050;2021;01;17;3;2;8;7;2;1;0;0;0;0;0;1;546920.805271191522479;5938697.009759711101651;9.708948800000030;53.595006044000058
2335;01210424125013162021;01;0;59;144;2021;04;09;7;3;5;3;0;0;0;1;0;0;0;1;514687.415633963420987;6067365.719869937747717;9.228206047000072;54.753321390000053
2336;01210509152013922021;01;0;03;000;2021;05;20;1;3;0;6;0;0;1;0;0;0;0;0;609954.301220315508544;5970360.850083943456411;10.672291730000040;53.870060363000050
2337;01210112125013832021;01;0;59;188;2021;01;10;3;3;5;3;0;1;1;1;0;0;0;0;513523.342693313956261;6023560.109249984845519;9.208105369000066;54.359672047000061
2338;01210119125013562021;01;0;59;039;2021;01;16;3;3;0;6;1;0;0;0;1;0;1;0;522087.069193781353533;6036462.863522469997406;9.340847717000031;54.475331688000040
2339;01210220171013932021;01;0;60;063;2021;02;14;7;3;0;7;0;0;0;0;0;1;0;0;565045.044420151971281;5947557.627256210893393;9.984610851000070;53.672702117000028
2340;01210614152013342021;01;0;55;007;2021;06;06;2;3;5;2;0;0;0;1;0;0;0;0;597210.496000024490058;5994565.181999776512384;10.486270275000038;54.090078224000081
2341;01210604152013692021;01;0;55;001;2021;06;15;6;2;9;1;0;0;0;0;0;1;0;0;603247.768698844127357;5978800.756055239588022;10.573183555000071;53.947267645000068
2342;01210512171013002021;01;0;60;023;2021;05;21;4;1;5;2;1;1;0;1;0;1;0;0;558813.588571027852595;5977480.449833136051893;9.896012605000067;53.942360217000044
2343;01210501125013392021;01;0;59;075;2021;05;00;7;2;0;7;2;0;1;0;0;0;0;0;535336.433000001125038;6041122.306999823078513;9.545861248000051;54.516455603000054
2344;01210316171013612021;01;0;56;001;2021;03;18;3;3;5;3;1;0;1;1;0;0;0;0;548850.048000001348555;5942632.450999764725566;9.738713187000030;53.630200584000079
2345;01210203105132332021;01;0;62;078;2021;02;07;4;3;8;1;2;2;0;1;0;0;0;0;587502.938895862549543;5950744.488460918888450;10.325376200000051;53.698062436000043
2346;01210307134013202021;01;0;02;000;2021;03;03;1;3;8;1;2;0;1;0;0;0;0;0;575890.404400027357042;6019958.132568098604679;10.166800432000059;54.321837302000063
2347;01210608161013372021;01;0;62;059;2021;06;12;3;3;0;1;0;0;1;0;0;0;0;0;596608.917039562948048;5969616.173165086656809;10.469166275000077;53.866025180000065
2348;01210611145013822021;01;0;58;043;2021;06;13;6;3;2;6;0;0;0;1;0;0;0;0;555148.059056805446744;6034319.678253769874573;9.850601806000043;54.453557458000034
2349;01210525152013712021;01;0;55;046;2021;05;15;3;3;6;6;0;0;1;0;1;0;0;0;642467.131171374581754;6034692.580521484836936;11.196826517000034;54.439929707000033
2350;01210529171013542021;01;0;56;029;2021;05;18;7;3;2;2;0;0;0;1;0;0;0;0;542736.237358869053423;5951819.272021450102329;9.647531601000026;53.713305041000069
2351;01210410125013602021;01;0;54;099;2021;04;10;7;3;9;1;0;0;0;0;0;1;0;0;520380.107834259048104;6034843.059774575755000;9.314394721000042;54.460845787000039
2352;01210514105132162021;01;0;03;000;2021;05;05;6;3;3;6;1;1;0;1;0;0;1;0;615440.963657525368035;5975259.317786931991577;10.757541932000038;53.912876142000073
2353;01210325105132352021;01;0;04;000;2021;03;11;5;3;1;5;0;0;0;1;0;0;1;0;560733.107014157809317;5993652.320370284840465;9.928482353000049;54.087470593000035
2354;01210331145013472021;01;0;58;026;2021;03;17;4;2;4;6;0;0;0;1;0;1;0;0;553133.966000002808869;6020358.834999807178974;9.817043725000076;54.328314204000037
2355;01210128134013732021;01;0;02;000;2021;01;17;5;3;2;6;2;0;0;1;0;0;0;0;569610.426024345681071;6020162.801073044538498;10.070314205000045;54.324571408000054
2356;01210226181013752021;01;0;61;003;2021;02;16;6;2;2;6;0;0;0;1;0;0;0;1;529466.399252407252789;5987158.673495862632990;9.449873550000063;54.031847561000063
2357;01210517161013962021;01;0;53;083;2021;05;07;2;3;2;2;0;0;0;1;0;0;1;0;603875.112782619893551;5915064.535791138187051;10.561423258000048;53.374469431000080
2358;01210417161013282021;01;0;62;016;2021;04;13;7;3;5;2;0;0;0;1;0;1;0;0;583309.036000012420118;5956383.027999769896269;10.263388063000036;53.749417052000069
2359;01210421152013232021;01;0;55;044;2021;04;11;4;3;5;2;0;0;0;1;0;0;0;0;613118.256000052206218;5988769.538999732583761;10.727211214000022;54.034762596000064
2360;01210507125013652021;01;0;54;056;2021;05;07;6;3;2;6;0;1;0;1;0;0;0;0;505431.501349600031972;6036452.714441817253828;9.083819531000074;54.475691951000044
2361;01210108181013292021;01;0;51;113;2021;01;09;6;3;8;7;0;1;0;1;0;0;0;0;498231.776807375252247;6001626.920324508100748;8.972918905000029;54.162723305000043
2362;01210209134013972021;01;0;02;000;2021;02;15;3;3;3;6;0;0;1;0;0;0;0;1;573384.284068116918206;6020803.515734747052193;10.128485667000064;54.329800063000050
2363;01210215161013092021;01;0;53;006;2021;02;17;2;3;0;1;1;2;0;1;0;0;0;0;605052.304000035859644;5920250.320999724790454;10.580837465000059;53.420833106000032
2364;01210612134013992021;01;0;57;001;2021;06;17;7;3;2;6;0;0;0;1;0;0;0;0;587824.246559144929051;6000914.056563477963209;10.344653583000024;54.148811280000075
2365;01210603125013542021;01;0;59;043;2021;06;20;5;2;9;1;2;1;0;1;0;0;0;0;534783.172348840162158;6032933.560273999348283;9.536351381000031;54.442903222000041
2366;01210106134013142021;01;0;57;081;2021;01;16;4;3;9;1;2;1;0;1;0;0;0;0;587369.839632256887853;6022135.174513194710016;10.343882072000042;54.339562366000052
2367;01210428125013442021;01;0;01;000;2021;04;21;4;3;5;2;2;0;0;1;0;0;0;0;527886.415825150907040;6071589.560050070285797;9.433686599000055;54.790719755000055
2368;01210106161013852021;01;0;60;085;2021;01;19;4;3;9;1;2;2;0;1;0;0;0;0;582004.845166955143213;5962583.574544867500663;10.245263610000052;53.805342778000067
2369;01210313152013262021;01;0;03;000;2021;03;07;7;3;5;3;0;1;0;1;0;0;0;0;610606.030227977782488;5967490.071510259062052;10.681164800000033;53.844130067000037
2370;01210201181013212021;01;0;61;006;2021;02;11;2;3;5;3;0;1;0;1;0;0;0;0;530246.219000000506639;5969797.368999781087041;9.460058095000022;53.875764309000033
2371;01210607134013462021;01;0;57;024;2021;06;07;2;3;9;1;0;0;0;1;0;0;0;0;570261.968751684762537;5997756.318577360361814;10.075085986000033;54.123137713000062
2372;01210522105132272021;01;0;51;138;2021;05;17;7;3;8;1;0;1;0;1;0;0;0;0;517402.508609426207840;5994244.917652420699596;9.266099800000063;54.096084758000075
2373;01210407105132092021;01;0;60;044;2021;04;05;4;3;2;1;0;2;0;1;0;0;1;0;560958.928004927933216;5962800.557119552046061;9.925773055000036;53.810184899000035
2374;01210512125013992021;01;0;59;188;2021;05;11;4;3;0;7;0;0;1;0;0;0;0;0;515909.006000000052154;6023710.253999812528491;9.244825078000076;54.360952571000041
2375;01210319171013282021;01;0;56;050;2021;03;09;6;3;5;3;0;0;1;1;0;0;0;0;545894.166934288106859;5937681.972602538764477;9.693288748000043;53.585973907000039
2376;01210123152013442021;01;0;03;000;2021;01;19;7;3;0;1;2;0;0;0;0;0;0;1;612772.488920971751213;5969745.701896836981177;10.714906450000058;53.863929129000041
2377;01210224105132972021;01;0;62;009;2021;02;19;4;3;2;6;2;0;0;1;0;0;0;1;583515.222791546024382;5935784.619136994704604;10.260977085000036;53.564281678000043
2378;01210304125013292021;01;0;54;056;2021;03;12;5;3;5;3;0;0;1;1;0;0;0;0;506005.496289107017219;6035912.781195553019643;9.092666505000068;54.470832999000038
2379;01210531161013562021;01;0;62;053;2021;05;17;2;2;2;7;0;0;0;1;0;0;0;0;579005.119446698576212;5933096.307727303355932;10.192217402000040;53.540821151000046
2380;01210414134013142021;01;0;57;091;2021;04;16;4;3;5;3;0;0;0;1;0;1;0;0;581769.662100925110281;6014390.231363661587238;10.255646423000030;54.270900124000036
2381;01210504125013602021;01;0;54;076;2021;05;17;3;3;5;3;0;1;0;1;0;0;0;0;498914.962000002153218;6070027.456999840214849;8.983131179000054;54.777455310000050
2382;01210107161013072021;01;0;53;032;2021;01;10;5;3;2;6;0;2;0;1;0;0;0;1;588801.338000017218292;5924079.259999746456742;10.337451258000044;53.458227160000035
2383;01210205152013712021;01;0;55;004;2021;02;08;6;3;5;2;0;1;0;1;0;0;0;0;613268.509105702862144;5975847.736573383212090;10.724701756000059;53.918641888000082
2384;01210212152013372021;01;0;55;032;2021;02;18;6;3;5;3;2;2;0;1;0;0;0;0;619746.302000069059432;5997774.522999696433544;10.831919082000070;54.114160529000060
2385;01210609181013812021;01;0;61;088;2021;06;13;4;2;5;2;0;0;1;1;0;0;0;0;550581.907793504185975;5977802.375214371830225;9.770671546000074;53.946123313000044
2386;01210603105132152021;01;0;58;146;2021;06;06;5;3;3;6;0;0;0;1;0;0;1;0;548712.348014816641808;6018538.305890813469887;9.748761842000022;54.312394905000076
2387;01210527181013112021;01;0;51;068;2021;05;07;5;3;5;3;0;0;0;1;0;0;0;0;511358.831000000238419;6011555.135999804362655;9.174340216000076;54.251831182000046
2388;01210531125013762021;01;0;59;075;2021;05;19;2;3;0;7;0;0;1;0;0;0;0;0;535296.335853523574769;6040425.113518962636590;9.545158438000044;54.510192900000050
2389;01210328161013952021;01;0;62;009;2021;03;13;1;3;5;3;0;1;0;1;0;0;0;0;579277.508000011555851;5936157.645999759435654;10.197103227000071;53.568291213000066
2390;01210406105132622021;01;0;60;044;2021;04;13;3;3;8;1;0;2;0;1;0;0;0;0;561078.660000003874302;5962427.519999777898192;9.927517132000048;53.806818357000054
2391;01210129181013522021;01;0;51;024;2021;01;15;6;3;0;1;0;2;0;0;0;1;0;0;510573.714675465598702;5978635.860968338325620;9.161138851000032;53.955978606000031
2392;01210521152013602021;01;0;03;000;2021;05;21;6;3;5;7;2;0;0;1;0;0;0;0;610301.953681428916752;5969903.616199890151620;10.677412272000026;53.865878686000030
2393;01210421105132962021;01;0;59;018;2021;04;13;4;3;3;6;0;0;0;1;0;0;1;0;534583.647553356364369;6037352.006069248542190;9.533791391000022;54.482624673000032
2394;01210426171013682021;01;0;56;001;2021;04;17;2;1;4;6;0;0;0;1;0;0;0;0;547691.757449960336089;5945685.354086736217141;9.721667279000030;53.657746086000031
2395;01210510171013492022;01;0;56;036;2021;05;16;2;3;5;2;0;0;0;1;0;0;0;1;544731.050545478239655;5947866.306224333122373;9.677183904000060;53.677609635000067
2396;01210112152013072021;01;0;55;027;2021;01;19;3;3;8;1;2;2;0;1;0;0;0;0;620440.228511059656739;6010747.534008907154202;10.847716970000022;54.230535018000069
2397;01210319105132382021;01;0;59;183;2021;03;14;6;3;3;6;0;0;0;1;0;0;0;0;525037.776510885916650;6065260.603329617530107;9.388840483000024;54.733994392000056
2398;01210121161013372021;01;0;62;053;2021;01;18;5;3;2;2;2;0;0;1;0;0;0;0;577518.030546327121556;5933225.110176980495453;10.169813764000025;53.542200246000050
2399;01210223105132702021;01;0;56;039;2021;02;09;3;3;3;6;0;0;0;1;0;0;1;0;554240.953822266310453;5945682.106601182371378;9.820758041000033;53.657078680000041
2400;01210614161013412021;01;0;53;076;2021;06;13;2;3;0;7;0;0;0;0;0;0;1;1;592692.145000019110739;5937160.689999751746655;10.399902521000058;53.575106290000065
2401;01210604145013102021;01;0;58;034;2021;06;17;6;3;5;3;0;0;1;0;0;0;0;0;543814.309751126915216;6018683.575992625206709;9.673501057000067;54.314144171000066
2402;01210413134013522021;01;0;02;000;2021;04;18;3;3;5;2;0;0;1;1;0;0;0;0;573401.967000005766749;6019193.638999806717038;10.128361530000063;54.315331670000035
2403;01210515105132272021;01;0;62;008;2021;05;06;7;3;8;7;0;0;0;1;0;0;0;0;595691.666814247146249;5962700.377623513340950;10.453069289000041;53.804054806000067
2404;01210501181013132021;01;0;51;044;2021;05;13;7;3;0;7;0;0;1;0;0;0;0;0;507281.026453860104084;6005442.073508258908987;9.111604213000021;54.196963909000033
2405;01210309125013222022;01;0;59;081;2021;03;11;3;2;4;6;0;0;0;0;0;0;1;1;533270.757109278813004;6050441.845830738544464;9.515007329000071;54.600347469000042
2406;01210609105132312021;01;0;59;062;2021;06;19;4;3;3;6;0;0;1;0;0;0;0;0;534243.686983025632799;6045137.454505413770676;9.529448608000052;54.552613663000045
2407;01210601134013502021;01;0;02;000;2021;06;15;3;3;5;2;0;0;0;1;0;1;0;0;569295.826183100230992;6019570.653482489287853;10.065340411000022;54.319293248000065
2408;01210525125013302021;01;0;54;109;2021;05;16;3;3;5;3;0;0;0;1;0;0;0;0;492410.377693361602724;6069153.816233079880476;8.882028972000057;54.769547927000076
2409;01210529125013332021;01;0;59;178;2021;05;19;7;3;4;1;0;0;0;0;0;1;0;1;543183.901648988015950;6073212.527189482003450;9.671818344000030;54.804220543000042
2410;01210327125013362021;01;0;54;113;2021;03;02;7;3;8;1;2;1;0;1;0;0;0;0;521727.563202967867255;6018298.029513735324144;9.333971469000062;54.312096701000030
2411;01210401171013582021;01;0;60;011;2021;04;12;5;3;6;2;0;0;0;1;1;0;0;0;566743.571503000333905;5986075.062888637185097;10.018687226000054;54.018634175000045
2412;01210127105132452021;01;0;62;086;2021;01;16;4;3;3;6;0;0;0;1;0;0;0;0;588248.022494114935398;5935847.437385845929384;10.332433619000028;53.564071666000075
2413;01210301125013112021;01;0;59;109;2021;03;15;2;3;8;1;0;0;0;0;0;1;0;0;553077.381000000052154;6062412.347999833524227;9.823743853000053;54.706222229000048
2414;01210519161013862021;01;0;53;014;2021;05;15;4;3;2;6;0;0;0;1;0;0;0;0;607855.110641144216061;5940843.385829403996468;10.630083011000067;53.605296791000058
2415;01210419125013062021;01;0;59;053;2021;04;15;2;3;3;6;0;0;0;1;0;0;1;0;534466.389719886705279;6031004.839533697813749;9.531242567000049;54.425591625000038
2416;01210423161013762021;01;0;62;001;2021;04;17;6;3;5;3;0;0;1;1;0;0;0;0;580236.623038941994309;5946387.720620783045888;10.214217653000048;53.660077824000041
2417;01210508152013902021;01;0;03;000;2021;05;15;7;3;0;2;0;0;1;0;0;0;1;0;611063.055000049062073;5968650.749999728053808;10.688527799000042;53.854460375000031
2418;01210110171013552021;01;0;56;013;2021;01;18;1;3;0;7;2;0;1;0;0;0;0;0;558119.507256520912051;5946030.125589558854699;9.879504923000070;53.659789836000073
2419;01210118125013622021;01;0;54;057;2021;01;10;2;3;8;1;0;1;0;1;0;0;0;0;510547.894532128237188;6042618.871656199917197;9.162996403000022;54.531027449000078
2420;01210219125013962021;01;0;59;112;2021;02;19;6;2;8;1;2;0;0;1;0;0;0;0;558766.306893259286880;6066554.636130085214972;9.912858438000058;54.742811497000048
2421;01210614161013162021;01;0;53;090;2021;06;15;2;2;4;6;0;0;0;1;0;0;0;1;612586.187202870845795;5944193.351458558812737;10.702764003000027;53.634399552000048
2422;01210603105132432021;01;0;03;000;2021;06;18;5;2;8;1;0;0;0;1;0;0;0;0;609927.119259112514555;5973162.152683567255735;10.672883205000062;53.895233758000074
2423;01210514125013272021;01;0;01;000;2021;05;11;6;3;6;7;0;0;0;1;1;0;0;0;528052.441260319203138;6070463.585050819441676;9.436159621000058;54.780591949000041
2424;01210430171013932021;01;0;56;005;2021;04;16;6;3;5;3;0;0;1;1;0;0;0;0;559647.191787380725145;5947030.341315010562539;9.902811909000036;53.668607070000064
2425;01210315134013252021;01;0;57;007;2021;03;21;2;2;9;1;2;1;0;1;0;0;0;0;607607.536176439374685;6016534.494205716997385;10.653020507000065;54.285380595000049
2426;01210202125013832021;01;0;54;167;2021;02;12;3;3;4;6;0;0;0;1;0;0;1;0;500393.823389864526689;6064685.729871191084385;9.006115437000062;54.729451356000027
2427;01210306152013852021;01;0;03;000;2021;03;07;7;3;0;1;0;1;0;1;0;0;0;0;610440.325000045821071;5969402.853999730199575;10.679335323000032;53.861350288000040
2428;01210608105132252021;01;0;51;138;2021;06;15;3;3;3;6;0;0;0;1;0;0;0;0;517193.544290173798800;5995598.452338377013803;9.262981540000055;54.108256902000051
2429;01210610161013682021;01;0;62;061;2021;06;09;5;3;2;6;0;0;0;1;0;0;0;1;599007.968350099399686;5965287.719299374148250;10.504240643000060;53.826681777000033
2430;01210522171013972021;01;0;60;054;2021;05;00;7;3;0;7;2;1;1;0;0;0;0;0;558430.797740580514073;5969227.217204827815294;9.888605996000024;53.868231966000053
2431;01210407105132342021;01;0;62;001;2021;04;06;4;3;9;1;0;2;0;1;0;0;1;0;584022.272556302137673;5944278.315283996984363;10.270920348000061;53.640527709000082
2432;01210512125013402021;01;0;54;041;2021;05;07;4;3;7;7;0;1;0;1;0;0;0;0;514075.101071074604988;6051399.373309796676040;9.217922383000030;54.609852066000030
2433;01210322125013802021;01;0;54;109;2021;03;11;2;2;8;7;0;0;0;1;0;0;0;0;489248.824367425404489;6063701.236066645011306;8.833088459000066;54.720489144000055
2434;01210125145013042021;01;0;58;126;2021;01;08;2;3;1;5;0;1;0;1;0;0;0;0;568674.013921000063419;6021904.676858227699995;10.056319988000041;54.340350556000033
2435;01210225171013842021;01;0;60;088;2021;02;13;5;3;9;1;0;0;0;0;0;1;0;0;574735.835293075069785;5969980.551270134747028;10.136705990000053;53.872910015000059
2436;01210305152013232021;01;0;55;040;2021;03;14;6;3;2;6;0;0;0;1;0;0;0;0;607769.340043621137738;5974208.429142829030752;10.640429136000023;53.905086860000040
2437;01210517171013572021;01;0;56;043;2021;05;13;2;3;5;2;0;1;0;1;0;0;0;0;557632.308000002056360;5943387.421999767422676;9.871643261000031;53.636092703000031
2438;01210417134013682021;01;0;02;000;2021;04;18;7;3;5;3;0;0;0;1;0;0;0;0;575663.925923448055983;6028990.407522290945053;10.165615000000059;54.403030567000030
2439;01210421125013952021;01;0;59;019;2021;04;13;4;3;5;3;0;0;0;1;0;0;1;0;534468.784514525905252;6037262.808220654726028;9.532008185000052;54.481830884000033
2440;01210507161013902021;01;0;53;032;2021;05;22;6;3;0;7;2;0;0;1;0;0;0;0;588842.541447789408267;5922215.441902996972203;10.337545271000067;53.441471393000029
2441;01210209105132302021;01;0;60;002;2021;02;08;3;2;8;1;0;2;0;1;0;0;0;0;561631.743842505849898;5960771.792634537443519;9.935583536000024;53.791873065000061
2442;01210215134013172021;01;0;02;000;2021;02;20;2;3;9;1;2;2;0;1;0;0;0;0;577423.837487819604576;6021036.795959489420056;10.190651031000073;54.331299351000041
2443;01210611171013152021;01;0;56;015;2021;06;13;6;2;5;3;0;0;1;1;0;0;0;0;542475.768854710273445;5954979.311877744272351;9.644019186000037;53.741727983000033