OBJECTID;UIDENTSTLAE;ULAND;UREGBEZ;UKREIS;UGEMEINDE;UJAHR;UMONAT;USTUNDE;UWOCHENTAG;UKATEGORIE;UART;UTYP1;ULICHTVERH;USTRZUSTAND;IstRad;IstPKW;IstFuss;IstKrad;IstGkfz;IstSonstige;LINREFX;LINREFY;XGCSWGS84;YGCSWGS84
2444;01210602152013132021;01;0;55;007;2021;06;15;4;2;0;7;0;0;1;0;0;0;0;0;593600.603095705620944;5995961.513265831395984;10.431529304000037;54.103293161000067
2445;01210102125013042021;01;0;01;000;2021;01;11;7;3;5;2;0;1;1;1;0;0;0;0;526321.051853441633284;6069999.320994794368744;9.409198636000042;54.776513607000027
2446;01210427134013542021;01;0;02;000;2021;04;15;3;3;2;6;0;1;0;0;0;1;1;0;573449.787993681617081;6019751.187710123136640;10.129233691000024;54.320334755000033
2447;01210327171013352021;01;0;60;085;2021;03;14;7;3;9;1;0;1;0;1;0;0;0;0;580889.326000011526048;5961755.033999770879745;10.228110889000050;53.798072041000069
2448;01210406145013362021;01;0;58;135;2021;04;15;3;2;4;6;1;0;0;1;0;0;1;0;542702.660002130083740;6015886.441331151872873;9.656014569000035;54.289100851000057
2449;01210201171013392021;01;0;60;039;2021;02;07;2;3;2;6;0;1;0;1;0;0;0;1;561851.802685968577862;5962294.006671993061900;9.939229233000049;53.805527116000064
2450;01210607152013572021;01;0;55;046;2021;06;17;2;3;4;6;0;0;1;0;0;0;0;0;642844.800751252099872;6034215.342376334592700;11.202415337000048;54.435537831000033
2451;01210521125013912021;01;0;59;045;2021;05;13;6;2;2;6;0;0;0;1;0;0;0;0;561071.502950266003609;6057111.548594202846289;9.946683410000048;54.657684541000037
2452;01210425181013852021;01;0;61;055;2021;04;22;1;3;7;7;2;0;0;0;0;1;0;0;531640.165140124037862;5965685.984911918640137;9.480836009000029;53.838728817000060
2453;01210511125013732021;01;0;59;075;2021;05;14;3;3;5;2;0;0;0;1;0;0;0;0;534104.321089416742325;6042698.898028668016195;9.527011472000027;54.530708438000033
2454;01210317171013242021;01;0;60;063;2021;03;13;4;3;2;6;0;0;0;1;0;0;0;0;567697.009018012322485;5953473.201655259355903;10.026039944000047;53.725528247000057
2455;01210119152013892021;01;0;55;021;2021;01;07;3;3;5;3;2;1;0;1;0;1;0;0;628105.582148035988212;6026509.269807562232018;10.971996181000065;54.370249827000066
2456;01210224134013922021;01;0;57;028;2021;02;16;4;2;5;3;0;0;1;0;0;0;1;0;588949.328004376031458;6023997.584146644920111;10.368725419000043;54.356022857000028
2457;01210303171013322021;01;0;60;005;2021;03;07;4;3;2;6;0;0;0;1;0;0;1;0;586398.745894031599164;5976529.207183493301272;10.315894895000042;53.929943584000057
2458;01210605134013692021;01;0;57;021;2021;06;15;7;3;0;1;0;0;1;0;0;0;0;0;598079.624521661549807;6019196.216865621507168;10.507589153000026;54.311211388000061
2459;01210821125013422021;01;0;59;159;2021;08;20;7;3;5;3;0;0;0;1;0;0;0;0;529817.434019951149821;6054654.447887951508164;9.461983093000072;54.638420432000032
2460;01210617125013472021;01;0;59;132;2021;06;15;5;2;9;7;0;0;0;1;0;0;0;0;519993.021013599820435;6050715.629609525203705;9.309500644000025;54.603507771000068
2461;01210712171013942021;01;0;60;043;2021;07;10;2;3;9;2;0;0;1;1;0;0;0;0;576799.357557279057801;5963317.121789874508977;10.166418656000076;53.812729233000027
2462;01210620134013872021;01;0;57;046;2021;06;09;1;1;4;6;0;1;0;1;0;0;0;0;585877.139711347408593;6010697.904102230444551;10.317644240000050;54.237050805000081
2463;01210811134013122021;01;0;02;000;2021;08;09;4;3;1;5;0;0;1;1;0;0;0;0;573067.815016393549740;6018243.622255668044090;10.122993459000043;54.306843010000080
2465;01210813181013602021;01;0;61;105;2021;08;12;6;3;5;3;0;0;0;1;0;0;0;0;524407.805999999865890;5983515.537999790161848;9.372351784000045;53.999368264000054
2466;01210926171013072021;01;0;56;015;2021;09;17;1;3;0;6;0;0;0;1;0;0;0;0;542979.793084343895316;5955765.355777986347675;9.651770003000024;53.748751421000065
2467;01210724161013522021;01;0;53;060;2021;07;09;7;3;5;2;0;0;0;1;0;0;0;0;593603.038000020198524;5934968.860999749973416;10.412998196000046;53.555249134000064
2470;01211205105132832021;01;0;58;098;2021;12;03;1;3;9;1;2;1;0;1;0;0;0;0;562781.394475039094687;5999179.807871095836163;9.960939754000037;54.136897596000040
2471;01210908105132132021;01;0;62;061;2021;09;20;4;3;3;6;1;0;0;1;0;0;0;0;599568.455219405703247;5964574.147412391379476;10.512521949000075;53.820163243000081
2472;01211122181013402021;01;0;61;041;2021;11;07;2;3;5;2;2;1;0;1;0;0;0;0;539303.511000000871718;5966287.438999777659774;9.597366624000074;53.843611289000080
2473;01211114171013642021;01;0;60;007;2021;11;16;1;2;4;6;0;0;0;1;0;0;0;0;578691.627954331226647;5975443.197339702397585;10.198261876000061;53.921413160000043
2474;01211028161013652021;01;0;53;027;2021;10;20;5;3;5;2;2;0;0;1;0;0;1;0;603197.482977898791432;5935830.204630469903350;10.558060837000028;53.561190225000075
2475;01210915152013512021;01;0;03;000;2021;09;22;4;3;5;3;2;1;1;1;0;0;0;0;609317.770629217848182;5970295.344155333936214;10.662591914000075;53.869606298000065
2476;01210831125013962021;01;0;54;109;2021;08;18;3;3;5;3;0;0;0;1;0;0;0;1;492032.180448665283620;6068320.274637408554554;8.876173263000055;54.762051239000073
2477;01211118152013932021;01;0;03;000;2021;11;14;5;3;5;2;0;1;1;1;0;0;0;0;609958.675256112590432;5967862.611411141231656;10.671463259000063;53.847614509000039
2478;01210919171013312021;01;0;60;012;2021;09;15;1;3;6;6;0;0;1;0;1;0;0;0;580609.594520539976656;5991773.949349565431476;10.231784414000060;54.067864009000061
2480;01210804134013442021;01;0;02;000;2021;08;07;4;3;0;7;0;0;1;0;0;0;0;0;573402.325000005774200;6020706.159999808296561;10.128739079000070;54.328922661000036
2481;01210930145013222021;01;0;58;043;2021;09;12;5;3;2;6;0;1;0;1;0;0;0;0;553512.882773900404572;6036412.999868739396334;9.825762493000070;54.472543526000038
2482;01210727181013242021;01;0;51;075;2021;07;13;3;2;4;7;0;0;0;1;0;0;0;1;502558.346117723733187;6009079.024881867691875;9.039245566000034;54.229696662000038
2484;01211003171013892021;01;0;56;050;2021;10;19;1;2;0;7;2;0;0;0;0;0;0;1;547552.751670363359153;5940762.773898482322693;9.718811547000030;53.613515785000061
2485;01210706125013772021;01;0;01;000;2021;07;06;3;3;0;1;0;1;1;0;0;0;0;0;530004.652994217351079;6071883.295306360349059;9.466658428000073;54.793237190000070
2486;01210801125013232021;01;0;54;108;2021;08;07;1;3;8;7;0;0;0;1;0;0;0;0;497450.139835976064205;6047301.556479094550014;8.960556397000062;54.573214543000063
2487;01211016145013112021;01;0;04;000;2021;10;19;7;3;0;7;2;0;1;0;0;0;0;0;563917.767523205839097;5991403.473991416394711;9.976686975000064;54.066875850000031
2489;01211230125013202023;01;0;59;137;2021;12;18;5;3;5;3;2;1;1;1;0;0;0;0;540821.073923490941525;6072407.753996664658189;9.634948694000059;54.797186610000040
2490;01210701145013712021;01;0;04;000;2021;07;12;5;3;5;2;0;0;1;1;0;0;0;0;563316.517282031476498;5990096.055641768500209;9.967228066000075;54.055200912000032
2491;01211021125013622021;01;0;54;168;2021;10;11;5;3;0;7;0;1;1;0;0;0;0;0;455715.292421471327543;6084761.549679251387715;8.309286553000049;54.907903877000081
2492;01211216161013742021;01;0;62;053;2021;12;15;5;3;5;3;0;0;0;1;0;0;0;1;576665.000918749719858;5933218.440746409818530;10.156942078000043;53.542265520000058
2493;01211108152013172021;01;0;55;040;2021;11;11;2;3;5;3;0;1;1;1;0;0;0;0;608277.061911322176456;5972241.763590317219496;10.647458664000055;53.887311832000080
2494;01211022152013942021;01;0;03;000;2021;10;07;6;3;2;6;2;1;0;1;0;0;0;0;611352.506360181607306;5971838.146887976676226;10.694083318000025;53.883034556000041
2495;01210909161013462021;01;0;62;069;2021;09;16;5;2;0;7;0;0;1;0;0;0;0;0;585553.099253081716597;5943154.574992919340730;10.293760153000051;53.630181573000073
2496;01210824161013642021;01;0;62;093;2021;08;18;3;1;5;3;0;0;0;0;0;1;0;1;595180.097858503460884;5967067.470803329721093;10.446655253000074;53.843388372000049
2497;01210716105132182021;01;0;58;111;2021;07;17;6;3;2;6;0;0;0;1;0;0;1;0;544650.263294715434313;6023140.773031007498503;9.687017508000054;54.354127560000052
2498;01210828105132992021;01;0;56;048;2021;08;19;7;3;8;1;1;1;0;1;0;0;0;0;549448.433476070873439;5952564.833990648388863;9.749343731000067;53.719413087000078
2499;01210624171013452021;01;0;56;028;2021;06;14;5;3;2;2;0;0;0;1;0;0;0;0;544622.826098539866507;5941343.001148793846369;9.674609157000077;53.618988574000070
2500;01210719125013882021;01;0;59;109;2021;07;13;2;1;3;6;0;0;0;1;0;1;0;1;552443.048690197989345;6061650.645621361210942;9.813763304000076;54.699444097000082
2502;01210630105132242021;01;0;55;035;2021;06;12;4;2;0;1;0;1;0;1;0;0;0;1;614406.021000056527555;5978312.212999716401100;10.742935989000046;53.940532473000076
2503;01211009171013262021;01;0;56;015;2021;10;13;7;3;5;2;0;0;1;1;0;0;0;0;542895.073419217020273;5955693.795545432716608;9.650475422000056;53.748115236000046
2504;01211221134013672021;01;0;02;000;2021;12;08;3;3;5;2;0;1;1;1;0;0;0;0;574162.272360912524164;6018970.381095243617892;10.139991212000041;54.313215687000081
2505;01211211152013272021;01;0;55;040;2021;12;18;7;2;4;1;2;1;0;1;0;0;0;0;606400.471907278522849;5972662.183837566524744;10.619064629000036;53.891477450000082
2506;01211129125013082021;01;0;59;183;2021;11;07;2;3;4;6;2;0;0;0;0;0;1;1;521264.064080454409122;6066554.878982651978731;9.330329957000060;54.745799362000071
2507;01211102125013672021;01;0;59;115;2021;11;16;3;3;3;6;1;0;0;1;0;0;0;1;517668.335343362763524;6061041.336568275466561;9.274137781000036;54.696389896000028
2508;01210902125013672021;01;0;59;185;2021;09;17;5;3;5;2;0;0;0;1;0;0;0;1;537382.170751805417240;6061045.954359162598848;9.580000835000021;54.695353704000070
2509;01211107152013792021;01;0;03;000;2021;11;20;1;3;6;4;2;1;0;1;1;0;0;0;610915.637396467849612;5968018.291019747033715;10.686059188000058;53.848809715000073
2510;01210819145013222021;01;0;58;072;2021;08;18;5;3;2;6;0;0;0;1;0;0;0;0;526968.188003931194544;5997750.147809684276581;9.412676835000070;54.127175761000046
2511;01210616134013772021;01;0;57;048;2021;06;11;4;3;6;7;0;0;0;0;1;0;0;1;603057.078074177727103;6016692.694458050653338;10.583203031000039;54.287739519000070
2512;01210710181013272021;01;0;51;038;2021;07;20;7;3;9;1;0;0;0;1;0;0;0;0;499531.294297066517174;6018279.709046674892306;8.992795548000061;54.312394077000079
2513;01210809171013072021;01;0;60;004;2021;08;06;2;3;0;1;0;0;0;0;0;1;0;0;561429.610350796952844;5973289.780200375244021;9.935019383000053;53.904395508000050
2515;01210924125013312021;01;0;59;183;2021;09;21;6;3;5;3;2;0;1;1;0;0;0;0;521446.201999999582767;6070037.771999835968018;9.333416509000074;54.777091075000044
2516;01210722171013862021;01;0;60;046;2021;07;22;5;3;5;3;2;0;1;1;0;0;0;0;574496.957904865965247;5957439.479647278785706;10.130037322000021;53.760244784000065
2519;01211202152013442021;01;0;55;035;2021;12;16;5;3;5;3;2;1;1;1;0;0;0;0;612266.144079361110926;5983151.738514358177781;10.712133118000054;53.984479072000056
2520;01210906125013442021;01;0;54;164;2021;09;15;2;3;2;6;0;0;1;0;0;0;0;0;472167.826573631726205;6060669.399058602750301;8.568202031000055;54.692588193000063
2522;01211111181013982021;01;0;51;114;2021;11;11;5;2;9;1;0;1;0;1;0;0;0;0;517517.534145534038544;6006953.526636920869350;9.268597045000035;54.210300603000064
2523;01211027161013772022;01;0;53;119;2021;10;15;4;2;9;2;0;1;0;1;0;0;0;1;606961.662000039592385;5930187.505999721586704;10.612939132000065;53.509736709000038
2524;01210914161013472021;01;0;62;060;2021;09;16;3;3;2;6;0;0;0;1;0;0;0;0;582900.998000010848045;5932729.550999758765101;10.250895497000045;53.536924850000048
2525;01210908145013852021;01;0;04;000;2021;09;07;4;3;2;6;0;0;0;1;0;1;0;0;563846.661414000205696;5991524.776434844359756;9.975626176000048;54.067974752000055
2526;01210820152013492021;01;0;03;000;2021;08;13;6;3;5;3;0;0;1;0;0;0;0;0;611045.853119262494147;5971877.226434692740440;10.689434386000073;53.883451386000047
2527;01210626181013952021;01;0;51;044;2021;06;07;7;3;2;6;0;0;0;1;0;0;0;1;505749.272127890028059;6005267.164909619837999;9.088122039000041;54.195411360000037
2528;01210928152013372021;01;0;03;000;2021;09;06;3;3;0;3;2;1;1;0;0;0;0;0;611268.934948584996164;5969107.482711136341095;10.691821902000072;53.858519686000079
2529;01210726161013992021;01;0;53;129;2021;07;11;2;3;5;3;0;1;0;1;0;0;0;0;584306.311000011861324;5927456.326999753713608;10.270676033000029;53.489313697000057
2531;01210705171013952021;01;0;56;001;2021;07;13;2;2;6;4;0;0;0;1;1;0;0;0;548858.759000000543892;5945958.001999769359827;9.739367525000034;53.660088839000082
2532;01211015145013682021;01;0;58;043;2021;10;19;6;3;2;6;2;0;0;1;0;0;0;0;554142.549043538980186;6034472.620937811210752;9.835122672000068;54.455040002000032
2534;01211225161013472022;01;0;53;090;2021;12;12;7;3;2;2;0;0;0;1;0;0;0;0;612965.650965254753828;5946152.188534464687109;10.709211849000042;53.651916885000048
2535;01211216125013192021;01;0;01;000;2021;12;17;5;3;5;3;2;1;1;1;0;0;0;0;527664.822999999858439;6070441.194999838247895;9.430130983000026;54.780412254000055
2536;01211203134013772021;01;0;02;000;2021;12;13;6;3;6;4;0;1;1;0;1;0;0;0;573040.725764354690909;6021305.932406388223171;10.123326687000031;54.334363910000036
2537;01210922161013602021;01;0;62;039;2021;09;16;4;2;0;7;0;0;1;0;0;0;0;0;601906.530107772909105;5963332.524757623672485;10.547613883000054;53.808554380000032
2538;01210824125013752021;01;0;54;134;2021;08;15;3;3;8;7;0;0;1;0;0;0;0;0;480596.947211975231767;6017033.849223531782627;8.701839826000025;54.300828704000082
2539;01210619125013032021;01;0;54;118;2021;06;14;7;3;2;2;0;0;0;1;0;0;0;0;507308.421871798112988;6037695.639475662261248;9.112815062000038;54.486838786000078
2540;01210713145013932021;01;0;58;043;2021;07;13;3;3;5;3;0;0;1;1;0;0;0;0;555218.657000001519918;6038307.912999818101525;9.852435350000064;54.489388926000061
2541;01210622171013232021;01;0;56;014;2021;06;06;3;3;5;3;0;0;0;1;0;0;0;0;550142.938000001944602;5952834.730999773368239;9.759911000000045;53.721772525000063
2542;01210812134013432021;01;0;02;000;2021;08;13;5;3;5;3;0;0;1;1;0;0;0;0;571408.151822273619473;6020647.079144915565848;10.098066000000074;54.328674693000039
2544;01210815134013612021;01;0;57;058;2021;08;19;1;3;5;2;0;0;0;1;0;0;0;1;579897.409890265204012;6010096.673142150044441;10.225759042000050;54.232616357000040
2545;01210927152013002021;01;0;55;040;2021;09;10;2;3;3;6;0;1;1;0;0;0;0;0;608595.206756534054875;5972107.985994301736355;10.652249681000058;53.886043416000064
2546;01211009105132182021;01;0;59;018;2021;10;10;7;2;2;6;0;0;0;1;0;0;0;0;534934.756294064223766;6036939.658539794385433;9.539161672000034;54.478894940000032
2547;01211220134013552021;01;0;02;000;2021;12;15;2;3;9;1;0;0;0;1;0;0;0;0;576689.353143280372024;6019807.715441783890128;10.179042598000024;54.320366326000055
2548;01211208125013332021;01;0;59;075;2021;12;17;4;3;5;2;2;1;0;1;0;0;0;0;535352.423163878731430;6040460.234777169302106;9.546028883000076;54.510504618000027
2549;01211126145013792021;01;0;58;086;2021;11;19;6;2;8;7;2;0;0;1;0;0;0;0;543415.388783902861178;6012111.623606402426958;9.666415431000075;54.255116895000072
2550;01211117181013012021;01;0;61;008;2021;11;13;4;3;5;2;0;1;0;1;0;0;0;1;528181.155681457370520;5976165.895271386951208;9.429234972000074;53.933119678000082
2551;01211030152013812021;01;0;55;043;2021;10;03;7;3;9;7;2;0;0;0;0;0;0;1;616423.695002980530262;6015882.745723742991686;10.788126675000058;54.277594112000031
2552;01210918134013792021;01;0;02;000;2021;09;01;7;2;0;7;2;1;1;0;0;0;0;0;572046.890953673049808;6020459.964620335027575;10.107840880000026;54.326903560000062
2553;01210901145013082021;01;0;04;000;2021;09;05;4;3;5;2;2;0;1;1;0;0;0;0;566266.466093188151717;5988445.432775840163231;10.011923651000075;54.039996907000045
2554;01211105171013782021;01;0;56;036;2021;11;13;6;3;5;2;0;0;1;1;0;0;0;0;544201.101063946262002;5946100.417975876480341;9.668910166000046;53.661783271000047
2555;01211104152013072021;01;0;55;040;2021;11;09;5;3;4;6;0;1;0;1;0;0;0;0;608477.662000042386353;5972141.506999736651778;10.650473951000038;53.886369177000063
2556;01210923152013592022;01;0;03;000;2021;09;19;5;3;5;3;2;1;1;1;0;0;0;0;613200.686210291460156;5969711.666897688060999;10.721402164000040;53.863530161000028
2557;01210807145013112021;01;0;58;078;2021;08;22;7;3;5;3;2;1;0;1;0;0;0;1;532723.769574134610593;6016687.392788266763091;9.502810252000074;54.297035463000043
2558;01211002171013682021;01;0;60;047;2021;10;15;7;2;4;6;0;0;0;1;0;0;0;0;565501.645324741490185;5963694.293183419853449;9.994941704000041;53.817664505000039
2559;01210731125013212021;01;0;54;045;2021;07;00;7;3;8;1;2;1;0;1;0;0;0;0;503934.027642351575196;6055036.669896084815264;9.060958958000072;54.642721140000049
2561;01211008161013142023;01;0;62;060;2021;10;07;6;3;2;6;0;0;0;1;0;0;0;0;581644.212354312650859;5934771.543662831187248;10.232469722000076;53.555472095000027
2562;01210803152013022021;01;0;03;000;2021;08;21;3;3;5;3;2;0;1;1;0;0;0;0;611194.493476015515625;5970996.891348404809833;10.691375380000068;53.875510459000054
2563;01211019152013832021;01;0;55;041;2021;10;19;3;2;5;2;2;1;0;1;0;0;0;0;610261.762912993319333;5994657.945239994674921;10.685757692000038;54.088282082000035
2566;01210705145013122021;01;0;58;092;2021;07;15;2;3;5;2;0;0;1;0;0;0;0;1;570573.334607338532805;6020946.506593089550734;10.085302161000072;54.331481414000052
2567;01211009125013062021;01;0;54;020;2021;10;14;7;2;0;7;0;0;1;0;0;0;0;0;500596.281463567167521;6051073.080948902294040;9.009231497000030;54.607115431000068
2568;01211217161013592021;01;0;62;001;2021;12;16;6;3;2;6;2;0;0;1;0;0;0;0;579183.251039813272655;5944414.640464192256331;10.197778176000043;53.642507340000066
2569;01210904161013972021;01;0;53;090;2021;09;18;7;3;2;6;0;0;0;1;0;0;0;0;611116.298046512529254;5942300.426794260740280;10.679868132000024;53.617706427000030
2571;01211111134013252021;01;0;57;062;2021;11;19;5;3;0;3;2;1;0;1;0;1;0;0;583568.155625918880105;6010520.195296628400683;10.282177098000034;54.235836053000071
2572;01211026181013052021;01;0;51;054;2021;10;07;3;3;5;2;1;1;0;1;0;0;1;0;519563.053681582212448;6003201.828318370506167;9.299716588000024;54.176508210000065
2573;01210913145013032021;01;0;58;135;2021;09;17;2;3;2;2;0;0;0;1;0;0;0;0;541486.780000001192093;6018101.760999808087945;9.637644618000024;54.309109876000036
2574;01210826181013102021;01;0;51;102;2021;08;09;5;2;9;1;0;0;0;1;0;0;0;0;507034.592269677668810;6019668.491433510556817;9.108160989000055;54.324827413000037
2575;01210718171013622021;01;0;60;005;2021;07;07;1;3;2;6;0;0;0;1;0;0;0;1;583882.168291781097651;5976956.970126969739795;10.277694285000052;53.934201120000068
2576;01210819125013272021;01;0;54;116;2021;08;18;5;3;3;6;0;0;1;0;0;0;0;0;515224.344001181423664;6028719.359591484069824;9.234545380000043;54.405991646000075
2577;01210626125013572021;01;0;59;058;2021;06;06;7;2;9;1;0;0;0;1;0;0;0;0;526075.673651072196662;6021103.845940658822656;9.401049257000068;54.337109644000066
2578;01210708105132382021;01;0;62;048;2021;07;18;5;3;9;1;0;1;0;1;0;0;0;0;600449.010663011111319;5975179.205136248841882;10.529365548000044;53.915279463000047
2579;01210726125013122021;01;0;59;159;2021;07;10;2;2;0;7;0;0;1;0;0;0;0;0;529105.668992966413498;6056646.003956034779549;9.451153750000060;54.656359444000032
2581;01211014152013372021;01;0;03;000;2021;10;11;5;3;9;1;0;1;0;0;0;0;0;1;606248.077388240024447;5972416.125080918893218;10.616661368000052;53.889297978000059
2582;01211223181013102021;01;0;51;137;2021;12;17;5;3;9;1;2;2;0;1;0;0;0;0;499650.010112377814949;5998372.408540228381753;8.994643532000055;54.133475672000031
2583;01211214145013422021;01;0;58;125;2021;12;16;3;3;5;3;1;1;1;1;0;0;0;0;537519.874657078646123;5995163.767004063352942;9.573813687000040;54.103269435000072
2584;01211201171013302022;01;0;60;004;2021;12;13;4;3;5;2;0;1;1;1;0;0;0;0;558164.274936902336776;5975169.960021253675222;9.885681960000056;53.921669345000055
2585;01210822171013772022;01;0;60;099;2021;08;16;1;3;9;1;0;1;0;1;0;0;0;0;559495.890744486823678;5980649.652190051972866;9.907023891000051;53.970763407000049
2586;01210618145013042021;01;0;58;003;2021;06;13;6;2;2;6;0;0;0;1;0;0;0;1;538130.008554460480809;6022114.334354160353541;9.586567638000076;54.345432342000038
2587;01210712171013662022;01;0;56;028;2021;07;05;2;3;5;2;0;0;1;0;0;0;0;1;544453.865960166789591;5941620.398227024823427;9.672094610000045;53.621496152000077
2588;01210621152013962021;01;0;55;028;2021;06;20;2;3;5;3;1;0;0;1;0;0;0;0;601520.533754088915884;6003696.393452415242791;10.555211412000062;54.171284997000043
2589;01210810134013342021;01;0;02;000;2021;08;15;3;3;0;1;0;0;1;0;0;0;0;0;574905.213221360929310;6022670.236359061673284;10.152337991000024;54.346352685000056
2591;01210813125013562021;01;0;59;113;2021;08;08;6;3;5;3;0;0;1;1;0;0;0;0;534641.701000001281500;6075730.639999844133854;9.539234741000030;54.827511862000051
2592;01210926181013592021;01;0;51;036;2021;09;15;1;3;5;3;0;0;0;1;0;0;0;0;513868.839000000618398;6013938.614999804645777;9.212975005000033;54.273190742000054
2593;01211207161013822021;01;0;62;093;2021;12;07;3;3;7;7;2;1;0;1;0;0;0;0;594790.971000022254884;5968103.642999764531851;10.441062720000048;53.852769840000065
2594;01211123171013402021;01;0;56;041;2021;11;16;3;3;5;3;1;1;0;1;0;0;0;0;560068.042658421210945;5955580.250458745285869;9.910839027000065;53.745398836000049
2595;01211116161013132021;01;0;53;002;2021;11;16;3;2;5;2;2;1;1;1;0;0;0;0;610087.898179722949862;5942753.981553420424461;10.664488263000067;53.621998631000054
2596;01211030125013122021;01;0;59;126;2021;10;05;7;3;8;1;2;0;0;1;0;0;0;0;534040.504999999888241;6067732.271999835968018;9.528937846000076;54.755676948000030
2597;01210917152013572021;01;0;03;000;2021;09;19;6;3;5;2;2;0;1;1;0;0;0;0;610299.597963389009237;5971498.976410167291760;10.677950248000059;53.880212306000033
2598;01210831152013042021;01;0;55;033;2021;08;07;3;3;3;6;0;0;1;0;0;0;0;0;623835.731421212665737;6017653.827443806454539;10.902632434000054;54.291761698000073
2599;01211120161013452021;01;0;53;037;2021;11;12;7;2;5;3;0;0;0;1;0;0;0;0;611155.831000049598515;5938965.337999712675810;10.679276251000033;53.587733433000039
2600;01210922125013022021;01;0;59;041;2021;09;19;4;3;2;2;0;0;0;1;0;1;0;0;531881.164616360329092;6038698.550269249826670;9.492226248000065;54.494902842000045
2601;01210805171013822021;01;0;56;015;2021;08;09;5;3;5;2;0;0;1;1;0;0;0;0;544599.920964366756380;5957446.463386543095112;9.676579474000050;53.763724539000066
2602;01211002134013092021;01;0;57;063;2021;10;02;7;3;8;6;2;1;0;1;0;0;0;0;582169.965330470353365;6023148.270332369953394;10.264201614000058;54.349529279000080
2603;01210729152013322021;01;0;55;039;2021;07;16;5;3;2;2;0;0;0;1;0;0;0;1;614168.927821660414338;5995071.117501715198159;10.745618868000065;54.091142357000081
2605;01211006145013212021;01;0;04;000;2021;10;18;4;3;5;2;0;0;0;1;0;0;0;0;565203.785602812655270;5991280.732862185686827;9.996308150000061;54.065611710000042
2606;01210803105132512021;01;0;60;064;2021;08;19;3;3;3;6;0;0;0;1;0;0;0;0;561980.255408090539277;5968056.008407754823565;9.942341178000049;53.857294683000077
2607;01211019145013472021;01;0;58;173;2021;10;13;3;3;5;2;0;0;0;1;0;0;0;0;548799.426545898430049;6038444.795962749049067;9.753371530000038;54.491277059000026
2609;01211230105132412022;01;0;59;093;2021;12;15;5;3;8;1;1;1;0;1;0;0;0;0;538396.793404825031757;6052856.047598354518414;9.594666440000026;54.621679208000046
2610;01210703145013862021;01;0;04;000;2021;07;16;7;3;2;6;0;0;0;1;0;0;0;0;564055.495734172873199;5993060.146881399676204;9.979141467000034;54.081746426000052
2611;01211022134013402021;01;0;02;000;2021;10;07;6;3;6;2;1;1;0;1;1;0;0;0;575120.792892212979496;6028487.934214636683464;10.157122745000038;54.398596055000041
2612;01211217152013382021;01;0;03;000;2021;12;13;6;3;2;6;0;0;0;1;0;0;0;0;609737.213290358893573;5970413.882485169917345;10.669010564000075;53.870582767000030
2614;01211109152013802021;01;0;03;000;2021;11;08;3;3;2;2;0;1;0;1;0;1;0;0;612311.769737277179956;5972078.898939104750752;10.708758364000062;53.884990704000074
2615;01211024134013652021;01;0;02;000;2021;10;19;1;3;0;6;2;0;1;0;0;0;0;0;574827.907880463637412;6022769.607834698632360;10.151173951000033;54.347256943000048
2616;01210910181013172021;01;0;61;118;2021;09;15;6;2;3;6;0;0;0;1;0;0;1;1;532250.472334395162761;5955512.129199495539069;9.489045665000049;53.747249686000032
2617;01210825161013142021;01;0;53;129;2021;08;16;4;3;5;3;0;0;1;1;0;0;0;0;583092.371166991069913;5928676.756097890436649;10.252707440000052;53.500474207000082
2618;01210716152013152021;01;0;55;035;2021;07;13;6;3;2;6;0;0;0;1;0;0;0;0;614781.947853712365031;5979342.811332430690527;10.749047574000031;53.949707958000033
2619;01210817145013482021;01;0;58;086;2021;08;19;3;3;9;1;0;1;0;1;0;0;0;0;544044.651715768501163;6009181.052318112924695;9.675643276000073;54.228726287000029
2620;01210625145013202021;01;0;04;000;2021;06;03;6;3;5;3;1;0;0;1;0;0;0;0;565200.834580079652369;5991277.495876569300890;9.996262370000068;54.065582994000067
2621;01210721152013502022;01;0;55;001;2021;07;07;4;3;0;1;0;1;0;0;0;1;0;0;602481.870454207994044;5987584.790362510830164;10.564474044000065;54.026340821000076
2622;01211011152013282021;01;0;55;035;2021;10;16;2;3;5;3;0;1;0;1;0;0;0;0;612714.734082579612732;5980662.730129389092326;10.718050674000040;53.962020407000068
2623;01211222152013012021;01;0;03;000;2021;12;14;4;3;2;6;0;2;0;1;0;0;0;0;609666.005289710126817;5971120.076107827946544;10.668180597000060;53.876942471000064
2624;01211214125013152021;01;0;01;000;2021;12;16;3;3;5;7;1;1;0;1;0;0;0;0;529266.269000002183020;6072842.697999838739634;9.455271728000071;54.801902419000044
2625;01211201145013112021;01;0;58;083;2021;12;16;4;2;4;6;2;1;0;1;0;0;0;0;546206.685011099092662;6031736.630378281697631;9.712300387000028;54.431236711000054
2626;01211103171013552021;01;0;60;059;2021;11;18;4;3;2;2;2;0;0;1;0;0;0;1;582172.935000009834766;5981847.548999784514308;10.252983232000076;53.978421135000076
2627;01210903105132812021;01;0;60;099;2021;09;14;6;2;3;6;0;0;0;1;0;0;1;0;562329.198000002652407;5978337.429999785497785;9.949739241000032;53.949650296000073
2628;01210821152013512021;01;0;55;032;2021;08;12;7;3;5;2;0;0;0;1;0;0;0;0;619365.745000068098307;5999140.550999702885747;10.826640172000054;54.126520232000075