OBJECTID;UIDENTSTLAE;ULAND;UREGBEZ;UKREIS;UGEMEINDE;UJAHR;UMONAT;USTUNDE;UWOCHENTAG;UKATEGORIE;UART;UTYP1;ULICHTVERH;USTRZUSTAND;IstRad;IstPKW;IstFuss;IstKrad;IstGkfz;IstSonstige;LINREFX;LINREFY;XGCSWGS84;YGCSWGS84
2629;01210616161013622021;01;0;62;061;2021;06;14;4;3;0;7;0;0;0;0;0;0;0;1;598348.147067486308515;5965067.970468880608678;10.494149391000064;53.824832562000040
2630;01210711125013562021;01;0;01;000;2021;07;18;1;3;2;6;0;0;0;1;0;0;0;0;530663.742444143630564;6072456.948460817337036;9.476969456000063;54.798352425000076
2631;01210809125013142021;01;0;54;109;2021;08;22;2;3;8;6;2;1;0;1;0;0;0;0;494300.712365255691111;6068941.944110963493586;8.911415934000047;54.767668898000068
2633;01210925105132762021;01;0;53;089;2021;09;13;7;3;0;7;0;0;0;0;0;0;1;0;596367.022676494903862;5935836.887975720688701;10.454975411000021;53.562548856000035
2634;01210722125013942021;01;0;01;000;2021;07;12;5;3;0;7;0;0;1;0;0;0;0;0;530291.525556879118085;6073244.978333204984665;9.471262288000048;54.805456602000049
2637;01211204161013882021;01;0;53;130;2021;12;17;7;3;9;1;2;0;0;1;0;0;0;0;597628.009704357944429;5948601.326011976227164;10.478009170000064;53.677010741000061
2638;01210907152013932021;01;0;55;035;2021;09;12;3;3;2;6;0;0;0;1;0;0;0;1;612715.648850147612393;5980668.710688281804323;10.718066820000047;53.962073937000071
2639;01211123152013842021;01;0;03;000;2021;11;05;3;3;5;2;2;1;1;1;0;0;0;0;610650.324193755164742;5968274.311063891276717;10.682120250000025;53.851166455000055
2640;01211115125013732021;01;0;54;020;2021;11;16;2;2;2;6;1;0;0;1;0;0;0;1;501061.821223983541131;6050972.068930581212044;9.016438515000061;54.606206871000040
2641;01211028171013142021;01;0;60;004;2021;10;15;5;3;5;2;0;0;0;1;0;0;0;1;561430.169482559897006;5973289.762696975842118;9.935027888000036;53.904395285000078
2642;01210915134013712021;01;0;02;000;2021;09;12;4;3;5;2;0;0;1;1;0;0;0;0;572776.027331548742950;6020099.238788951188326;10.118962220000071;54.323558736000052
2643;01210830161013912022;01;0;62;001;2021;08;15;2;3;1;5;0;0;0;1;0;0;0;1;582075.433750702999532;5947525.743818687275052;10.242337971000040;53.670019099000058
2644;01211118171013062021;01;0;60;063;2021;11;17;5;3;5;3;2;1;1;1;0;0;0;0;565100.836109382100403;5948543.344865350052714;9.985662052000066;53.681553887000064
2645;01210920171013282021;01;0;56;039;2021;09;16;2;3;0;1;0;0;1;0;0;0;0;0;552919.855621579103172;5946175.175262270495296;9.800853748000065;53.661645503000045
2646;01210816125013382021;01;0;54;086;2021;08;11;2;3;5;3;0;0;0;1;0;0;0;0;486556.117668258026242;6079712.399332135915756;8.790542102000074;54.864311440000051
2647;01210928161013982021;01;0;62;018;2021;09;20;3;2;5;2;2;0;0;1;0;1;0;0;579279.088676859624684;5933065.963250556960702;10.196343024000043;53.540507174000027
2648;01210727152013572021;01;0;55;016;2021;07;09;3;3;0;7;0;0;1;0;0;0;0;0;630373.083279357291758;6007070.753654059022665;10.998406294000063;54.195078068000043
2650;01211014161013302021;01;0;53;020;2021;10;11;5;3;8;1;0;1;0;1;0;0;0;0;608686.451580391265452;5927215.717026552185416;10.637907119000033;53.482681525000032
2652;01211228134013532022;01;0;02;000;2021;12;23;3;3;0;7;2;1;1;0;0;0;0;0;573705.458039468154311;6021740.501589570194483;10.133655131000069;54.338173211000083
2653;01211216145013632022;01;0;58;003;2021;12;08;5;2;5;2;1;1;1;1;0;0;0;0;543617.909395243041217;6026308.895260931923985;9.671598674000052;54.382688031000043
2654;01211108134013052021;01;0;02;000;2021;11;15;2;3;2;6;0;0;0;1;0;0;0;0;574467.928109676577151;6017726.221192704513669;10.144378385000039;54.301991606000058
2655;01211023134013352021;01;0;02;000;2021;10;12;7;3;2;6;0;0;0;1;0;0;0;0;573293.170968346297741;6017144.712886042892933;10.126186686000040;54.296936223000046
2656;01210910125013352021;01;0;54;093;2021;09;15;6;3;8;1;0;1;0;0;0;1;0;0;486178.013427362777293;6057611.009592577815056;8.785703171000023;54.665682400000037
2657;01210824145013562021;01;0;58;152;2021;08;15;3;3;5;2;0;0;0;1;0;1;0;0;553125.208603556267917;6024886.918314434587955;9.817716524000048;54.369006639000077
2658;01210715134013002021;01;0;02;000;2021;07;17;5;3;2;2;0;0;0;1;0;0;0;0;573129.968000005930662;6022851.246999807655811;10.125078038000026;54.348236816000053
2659;01210829171013552021;01;0;56;015;2021;08;11;1;3;8;1;0;1;0;1;0;0;0;0;542744.033016020432115;5956494.572913540527225;9.648295960000041;53.755324803000065
2660;01210622161013652021;01;0;62;019;2021;06;18;3;3;6;4;0;0;0;0;1;1;0;0;584058.585335568524897;5962430.721987241879106;10.276400012000067;53.803641450000043
2661;01210719125013532021;01;0;01;000;2021;07;20;2;3;7;1;0;0;0;1;0;0;0;0;528471.238069846294820;6070106.835246793925762;9.442635857000027;54.777362443000072
2663;01210629125013272021;01;0;01;000;2021;06;07;3;3;5;3;0;0;1;1;0;0;0;0;530619.702888146974146;6072526.818250358104706;9.476291836000030;54.798982994000028
2664;01211010125013042021;01;0;54;118;2021;10;07;1;2;8;1;2;1;0;1;0;0;0;0;508916.543830941431224;6038802.697478454560041;9.137671883000053;54.496762374000070
2665;01211221171013832022;01;0;60;067;2021;12;17;3;3;8;1;2;2;0;1;0;0;0;0;598853.028305049985647;5975253.954943004995584;10.505099726000026;53.916258031000041
2666;01211210152013602021;01;0;03;000;2021;12;17;6;3;5;3;1;0;1;1;0;0;0;0;610653.226851911284029;5968269.501222599297762;10.682162623000067;53.851122623000037
2667;01211127161013742021;01;0;62;005;2021;11;17;7;2;1;5;2;1;0;1;0;0;0;0;577422.189692487940192;5957873.284131970256567;10.174508607000064;53.763716686000066
2668;01211102152013462021;01;0;03;000;2021;11;16;3;3;2;6;0;0;0;1;0;0;0;0;610754.309570618905127;5967726.765790300443769;10.683502848000046;53.846225000000061
2669;01210902134013452021;01;0;02;000;2021;09;15;5;2;0;7;0;0;1;0;0;0;0;0;574046.911714625544846;6022785.631837207823992;10.139165509000065;54.347514916000080
2670;01211108152013372021;01;0;55;012;2021;11;07;2;3;2;6;0;1;0;1;0;0;0;1;602100.778265215456486;5999287.860863534733653;10.562603930000023;54.131562152000072
2671;01211022152013672021;01;0;03;000;2021;10;14;6;3;2;2;0;1;0;1;0;0;0;0;610327.575779170729220;5971348.671835765242577;10.678321570000037;53.878855985000030
2672;01210626171013622021;01;0;60;020;2021;06;19;7;3;8;7;0;0;0;1;0;0;0;0;581812.030738225206733;5978330.480152430012822;10.246538178000037;53.946874550000075
2673;01210709181013212021;01;0;51;044;2021;07;16;6;3;2;6;0;1;0;1;0;0;0;1;506470.185324632562697;6005248.815060187131166;9.099171433000038;54.195237850000069
2674;01210807161013462021;01;0;53;100;2021;08;13;7;3;2;6;0;0;0;1;0;0;0;0;617654.482205014675856;5951377.407631741836667;10.782099382000069;53.697827109000059
2676;01211007171013062021;01;0;60;059;2021;10;18;5;3;5;3;0;0;0;1;0;1;0;0;581116.128000010736287;5980845.602999784052372;10.236606426000037;53.969584698000062
2677;01210803161013812021;01;0;62;018;2021;08;06;3;3;5;3;0;0;1;1;0;0;0;0;580007.508212652988732;5933006.197371564805508;10.207317122000063;53.539859630000080
2678;01211020145013542021;01;0;04;000;2021;10;09;4;3;5;2;0;1;1;1;0;0;0;0;563676.442648415453732;5991860.016454400494695;9.973095961000070;54.071008456000072
2681;01210906152013502021;01;0;03;000;2021;09;16;2;3;4;6;0;0;1;0;0;0;0;1;609515.227300649508834;5970773.912745172157884;10.665764479000075;53.873864279000031
2683;01211111171013722021;01;0;56;050;2021;11;07;5;3;5;2;1;1;1;0;0;0;0;0;546771.618896516039968;5937176.936780603602529;9.706466962000036;53.581357182000033
2684;01211027161013872021;01;0;53;003;2021;10;10;4;3;0;7;0;1;1;0;0;0;0;0;586795.462576754391193;5931569.322914656251669;10.309321017000059;53.525869697000076
2685;01210915125013532021;01;0;59;097;2021;09;18;4;3;8;7;0;1;0;1;0;0;0;0;542359.764660947956145;6048314.329753395169973;9.655382475000067;54.580548456000031
2686;01210909145013332021;01;0;58;086;2021;09;06;5;3;8;6;0;0;0;1;0;0;0;0;542879.585355298593640;6010383.964240733534098;9.657944454000074;54.239635681000038
2687;01210827171013882021;01;0;60;012;2021;08;15;6;3;2;2;0;0;1;1;0;0;0;0;580221.540618984028697;5991866.145636042580009;10.225880521000022;54.068753026000081
2688;01210818105132382021;01;0;62;089;2021;08;06;4;3;2;6;0;0;0;0;0;0;1;1;588656.882474962621927;5953656.316797632724047;10.343682936000050;53.724033161000079
2689;01210628134013182021;01;0;02;000;2021;06;14;2;3;2;6;0;0;0;1;0;0;0;0;573066.510839937254786;6019546.713046424090862;10.123292300000060;54.318552405000048
2690;01210709161013132021;01;0;62;060;2021;07;18;6;3;0;7;0;1;0;0;0;1;0;0;582996.734000011347234;5929833.562999758869410;10.251572215000067;53.510884971000053
2691;01210928105132602021;01;0;60;044;2021;09;00;3;3;3;6;2;1;0;1;0;0;1;0;560758.197646966204047;5964422.596005178987980;9.923045330000036;53.824785691000045
2692;01210725145013242021;01;0;58;100;2021;07;02;1;2;8;1;2;1;0;1;0;0;0;0;532837.145868765190244;6000837.930242659524083;9.502818304000073;54.154585418000067
2694;01211014152013222021;01;0;55;035;2021;10;17;5;2;0;7;0;1;1;0;0;0;0;0;613836.680198506452143;5977991.971797270700336;10.734147326000027;53.937780972000041
2696;01211224152013352022;01;0;55;043;2021;12;08;6;3;9;1;2;2;0;1;0;0;0;0;615340.293000055477023;6018724.593999732285738;10.772592014000054;54.303368466000052
2697;01211214152013912021;01;0;03;000;2021;12;11;3;3;5;3;0;1;0;1;0;0;0;1;612186.509018651209772;5969636.754775874316692;10.705960115000039;53.863077298000064
2698;01211201181013132021;01;0;51;044;2021;12;16;4;3;5;2;2;1;0;1;0;0;0;0;505915.682661918923259;6005401.904660973697901;9.090675346000069;54.196620455000073
2699;01210824145013472021;01;0;04;000;2021;08;13;3;3;5;2;0;0;1;1;0;0;0;0;565187.946922948583961;5991262.636098124086857;9.996062285000050;54.065451088000032
2700;01210618134013152021;01;0;02;000;2021;06;18;6;3;5;2;0;0;1;1;0;0;0;0;571483.519000006839633;6019601.665999807417393;10.098974254000041;54.319270294000034
2701;01210713171013622021;01;0;60;044;2021;07;19;3;3;5;3;0;0;1;1;0;0;0;0;563264.414999238215387;5965946.936181848868728;9.961427963000062;53.838185824000050
2702;01210621152013262021;01;0;55;046;2021;06;23;2;3;7;7;2;0;0;0;0;1;0;0;639382.088261493481696;6041100.282428698614240;11.152312695000035;54.498331743000051
2703;01210812105132612021;01;0;60;070;2021;08;14;5;3;8;7;0;0;0;1;0;0;0;0;583626.568140204995871;5978835.314747491851449;10.274316421000037;53.951120856000045
2705;01210814152013482021;01;0;03;000;2021;08;07;7;3;5;3;0;0;0;1;0;1;0;0;610295.360813928768039;5971550.640333805233240;10.677904409000064;53.880677368000079
2706;01210927145013262021;01;0;58;022;2021;09;13;2;3;5;7;0;0;1;0;0;0;0;1;566984.344751307740808;6003499.968097390606999;10.026219582000067;54.175189008000075
2707;01211220161013842021;01;0;53;043;2021;12;18;2;3;2;6;2;0;0;1;0;0;0;0;612912.921338615939021;5959722.927263993769884;10.713362813000060;53.773852396000052
2708;01211209145013492021;01;0;58;124;2021;12;07;5;3;5;3;2;0;1;1;0;0;0;0;546116.786000001244247;6016606.601999806240201;9.708570497000039;54.295276123000065
2709;01211125152013692021;01;0;03;000;2021;11;07;5;3;3;7;0;0;0;1;0;0;0;0;610392.229440304450691;5968933.508387319743633;10.678435532000037;53.857143789000077
2710;01211117145013522021;01;0;04;000;2021;11;14;4;3;2;6;0;1;0;0;0;0;1;1;564549.537538197822869;5993945.878400092944503;9.986880932000076;54.089644324000062
2711;01211030145013392021;01;0;04;000;2021;10;18;7;3;5;7;1;0;0;1;0;0;0;0;564693.397015862166882;5994870.482670320197940;9.989277682000022;54.097935164000035
2712;01210918134013602021;01;0;02;000;2021;09;11;7;3;5;3;0;1;0;1;0;0;0;0;572838.753459846600890;6019595.524630410596728;10.119803512000033;54.319023556000047
2713;01210901125013402021;01;0;59;161;2021;09;19;4;2;4;6;0;0;0;0;0;1;0;1;542283.506006972864270;6067150.203781019896269;9.656928452000045;54.749820249000038
2714;01211106134013072021;01;0;02;000;2021;11;11;7;3;0;7;0;1;1;0;0;0;0;0;575465.942983679473400;6019367.048694182187319;10.160126450000064;54.316588987000046
2715;01210921161013822021;01;0;62;004;2021;09;14;3;2;4;6;0;1;0;1;0;0;0;0;589798.535762767307460;5962733.878243900835514;10.363621225000031;53.805406434000076
2716;01210806134013912021;01;0;57;071;2021;08;13;6;2;8;1;0;0;0;0;0;1;0;0;574393.379000005312264;5998626.834999794140458;10.138502188000075;54.130379024000035
2717;01211001171013482021;01;0;56;015;2021;10;12;6;3;5;3;0;0;1;0;0;0;1;0;542319.330991934053600;5957797.381459228694439;9.642033562000051;53.767068732000041
2718;01210730125013282022;01;0;59;161;2021;07;16;6;3;8;1;0;0;0;0;0;1;0;0;541538.065839571878314;6066082.776672391220927;9.645195415000046;54.740290274000074
2720;01211005152013022021;01;0;55;041;2021;10;15;3;3;8;7;0;1;0;1;0;0;0;0;609598.381797204725444;5995596.567930165678263;10.675960200000077;54.096856236000065
2721;01210705145013782021;01;0;58;147;2021;07;16;2;2;4;6;0;1;0;1;0;0;0;0;556883.627980885095894;6000591.717491582036018;9.870946169000035;54.150272564000034
2722;01210802161013762021;01;0;53;002;2021;08;16;2;3;5;3;0;0;1;1;0;0;0;0;610074.857994079589844;5942758.636796727776527;10.664292837000062;53.622043198000028
2723;01211018125013102021;01;0;54;168;2021;10;14;2;3;2;6;0;0;0;1;0;0;0;0;455695.994664684869349;6084714.671602644026279;8.308992803000024;54.907480924000026
2726;01210704105132882021;01;0;60;027;2021;07;14;1;2;2;6;0;0;0;1;0;0;0;0;562324.349196435883641;5979826.181449003517628;9.949969467000074;53.963029912000081
2727;01211022105132392021;01;0;61;034;2021;10;10;6;3;1;1;0;1;0;1;0;0;0;0;531765.419358852319419;5976514.151244316250086;9.483862067000075;53.936042208000060
2728;01211219125013262021;01;0;01;000;2021;12;13;1;3;1;5;0;0;0;1;0;0;0;0;525984.407956561073661;6067751.607151556760073;9.403764031000037;54.756331961000058
2729;01210904152013232021;01;0;55;042;2021;09;22;7;3;5;3;2;0;0;1;0;0;0;0;615990.072005419060588;5984225.555555505678058;10.769305080000038;53.993303586000081
2731;01211110152013812021;01;0;55;004;2021;11;15;4;3;2;6;0;0;0;1;0;0;0;0;611098.952601651661098;5974471.226514052599669;10.691182811000033;53.906744926000044
2732;01211025181013142021;01;0;51;074;2021;10;12;2;3;0;3;0;0;0;1;0;0;0;0;504502.407000000588596;5993602.331999797374010;9.068836619000024;54.090583853000055
2733;01210913105132552021;01;0;58;049;2021;09;08;2;2;2;6;0;0;0;0;0;1;1;0;551812.181025280617177;6012989.754624184221029;9.795443360000036;54.262227087000042
2734;01210825152013172021;01;0;55;044;2021;08;13;4;3;2;6;0;0;0;1;0;0;0;0;614812.800398705527186;5988582.684894444420934;10.753001435000044;54.032709635000060
2735;01210717125013862021;01;0;54;017;2021;07;10;7;3;0;7;0;0;1;0;0;0;0;0;492967.237909784540534;6076534.809043161571026;8.890505473000076;54.835886794000032
2736;01210817152013052021;01;0;55;021;2021;08;12;3;2;0;7;0;0;1;0;0;0;0;0;630381.645674129948020;6026009.764630936086178;11.006790389000059;54.365186139000059
2737;01210625171013252021;01;0;56;039;2021;06;23;6;3;0;7;2;0;1;0;0;0;0;0;552894.549384168349206;5946206.661610901355743;9.800476184000047;53.661931049000032
2738;01210707161013212021;01;0;62;094;2021;07;13;4;2;5;3;0;0;0;0;0;1;0;1;602426.836000033654273;5966487.771999752148986;10.556562981000070;53.836801663000074
2739;01210724125013402021;01;0;54;078;2021;07;06;7;3;9;1;0;0;0;1;0;0;0;0;460537.435280812904239;6095572.082078853622079;8.383006376000026;55.005451117000064
2741;01211011171013162021;01;0;60;053;2021;10;13;2;2;0;1;0;1;0;0;0;1;0;0;582369.698665211908519;5969257.417012454941869;10.252591039000038;53.865256410000029
2742;01211223134013512021;01;0;02;000;2021;12;14;5;2;5;2;0;1;0;1;0;0;0;0;568797.878099894151092;6020300.180371358990669;10.057854701000053;54.325916048000067
2743;01211213134013652021;01;0;02;000;2021;12;08;2;3;0;7;1;1;0;0;0;1;0;0;573241.283137609250844;6019840.647490324452519;10.126050731000021;54.321168569000065
2744;01211130145013562021;01;0;58;134;2021;11;08;3;3;2;6;1;1;0;1;0;0;0;1;542456.048970314674079;5997784.764117013663054;9.649668712000050;54.126441179000039
2745;01211103125013592021;01;0;54;164;2021;11;14;4;2;0;7;0;1;1;0;0;0;0;0;470215.624168871901929;6059560.651563486084342;8.538029120000033;54.682512647000067
2746;01210823125013142021;01;0;59;137;2021;08;11;2;2;5;3;0;0;1;1;0;0;0;0;540473.001000000163913;6072504.129999840632081;9.629548441000054;54.798080866000078
2747;01210617171013542021;01;0;56;002;2021;06;07;5;3;2;6;0;0;0;1;0;0;0;0;551714.204190320335329;5959907.796422053128481;9.784905173000027;53.785187954000037
2748;01210712145013302021;01;0;04;000;2021;07;11;2;3;5;2;0;0;0;1;0;0;0;0;564103.141000004485250;5990283.535999789834023;9.979282293000040;54.056788488000052
2749;01210620152013772021;01;0;55;016;2021;06;09;1;3;2;2;0;0;0;1;0;0;0;0;627978.676000094041228;6002386.732999624684453;10.959737276000055;54.153607412000042
2750;01210810171013262021;01;0;60;020;2021;08;00;3;3;8;1;2;1;0;1;0;0;0;0;583333.468369773589075;5977516.390690062195063;10.269491354000024;53.939316565000070
2752;01210813125013002021;01;0;54;168;2021;08;13;6;3;0;7;0;0;1;0;0;0;0;0;456562.374000001698732;6085744.482999844476581;8.322349172000031;54.916810808000037
2753;01210925161013892021;01;0;62;004;2021;09;19;7;3;0;7;2;0;0;0;0;1;0;0;591036.412223449908197;5962998.780198708176613;10.382491135000066;53.807571583000026
2754;01210724152013242021;01;0;03;000;2021;07;13;7;3;0;1;0;0;0;0;0;0;0;1;615046.270820320583880;5975159.787175754085183;10.751498568000045;53.912069750000057
2757;01210928134013072021;01;0;57;067;2021;09;15;3;3;0;6;0;0;0;0;0;1;0;0;594632.860662661492825;6004869.324789386242628;10.450105294000025;54.183139514000061
2758;01210727152013682021;01;0;03;000;2021;07;18;3;3;5;3;0;0;1;1;0;0;0;0;611457.251305128447711;5970450.401987968012691;10.695171643000037;53.870544333000055
2760;01211015105132252021;01;0;62;027;2021;10;14;6;3;2;6;0;0;0;1;0;0;0;0;588222.706083630211651;5952787.355490405112505;10.336856850000061;53.716298365000057
2762;01211223152013992021;01;0;55;035;2021;12;18;5;3;4;6;2;2;0;1;0;0;0;0;615679.159734042361379;5979320.229685621336102;10.762703625000029;53.949305315000061
2763;01211214161013532021;01;0;62;018;2021;12;17;3;3;2;6;2;1;0;1;0;0;0;0;581446.515175559557974;5931711.532178914174438;10.228689475000067;53.528003893000061
2764;01211202105132852021;01;0;60;044;2021;12;07;5;2;8;1;2;2;0;0;0;0;0;1;561067.337475662119687;5962401.602120297029614;9.927340077000053;53.806586762000052
2765;01210922171013862021;01;0;60;047;2021;09;23;4;3;5;3;2;0;0;1;0;0;0;0;566162.259964811615646;5962480.760755155235529;10.004713604000074;53.806675072000075
2766;01210824145013172021;01;0;58;034;2021;08;15;3;3;5;3;0;0;1;1;0;0;0;0;544289.856582376174629;6018920.607244344428182;9.680845625000075;54.316233299000032
2767;01210618125013372021;01;0;54;144;2021;06;13;6;2;2;6;0;0;0;1;0;0;0;0;510987.683794840238988;6046709.715931648388505;9.169945169000073;54.567782738000062
2768;01210714152013042021;01;0;55;035;2021;07;15;4;3;5;3;0;0;1;1;0;0;0;0;612270.493110096082091;5983270.760104529559612;10.712243279000063;53.985547409000048
2769;01210622125013522021;01;0;59;179;2021;06;16;3;2;5;3;0;0;0;1;0;0;0;0;513031.463069600984454;6060181.186185762286186;9.202155309000034;54.688801239000043
2770;01210811161013672021;01;0;53;069;2021;08;00;4;3;9;1;2;1;0;1;0;0;0;0;601793.961000031791627;5942346.104999741539359;10.539005418000045;53.620011586000032
2772;01210814152013942021;01;0;03;000;2021;08;17;7;3;5;7;0;1;0;1;0;0;0;0;609268.953990126959980;5971162.446520732715726;10.662158771000065;53.877406905000043
2773;01210928105132172021;01;0;56;039;2021;09;12;3;2;2;6;0;0;0;1;0;0;1;0;553564.248595160432160;5946910.154206996783614;9.810731273000044;53.668185533000042
2774;01211219171013852021;01;0;60;058;2021;12;12;1;3;0;6;0;1;0;1;0;0;0;1;575175.667463840916753;5961406.194967731833458;10.141297206000047;53.795794069000067
2775;01211210125013052021;01;0;01;000;2021;12;10;6;3;2;2;0;0;0;1;0;0;0;0;525514.468681916594505;6068366.473315047100186;9.396515981000050;54.761881582000058
2776;01211126181013042021;01;0;61;017;2021;11;18;6;3;5;3;2;0;1;1;0;0;0;0;533399.846947135403752;5973176.404359489679337;9.508392594000043;53.905940738000027
2777;01211117134013112021;01;0;02;000;2021;11;10;4;3;5;3;0;1;1;1;0;0;0;0;577365.744175693951547;6022005.989148186519742;10.190009344000032;54.340016822000052
2778;01211031171013742021;01;0;60;044;2021;10;14;1;3;6;4;0;0;0;1;1;0;0;0;563600.472568804398179;5965478.933763831853867;9.966437378000023;53.833938913000054
2779;01210918145013302021;01;0;58;081;2021;09;12;7;3;5;7;0;1;0;1;0;0;0;0;545822.090938101522624;6025769.870191708207130;9.705451304000064;54.377650467000080
2780;01210901134013192021;01;0;57;001;2021;09;11;4;3;7;7;0;0;1;0;0;0;0;0;589925.489226927980781;6001914.155669474974275;10.377113284000075;54.157433758000082
2781;01211105171013092021;01;0;60;065;2021;11;08;6;3;8;1;0;1;0;1;0;0;0;0;574486.597827624529600;5965309.670627614483237;10.131782909000037;53.830971525000052
2782;01211105125013992021;01;0;54;095;2021;11;07;6;3;2;2;0;0;0;1;0;0;0;0;497708.258021631278098;6021437.966389305889606;8.964749491000020;54.340773751000029
2783;01210922171013422021;01;0;56;048;2021;09;15;4;3;2;6;0;0;0;1;0;0;0;0;546716.893000001087785;5948003.467999771237373;9.707265782000036;53.678668663000053
2784;01210806152013952021;01;0;03;000;2021;08;14;6;3;0;3;0;0;0;1;0;1;0;0;612371.777791119180620;5969667.253100216388702;10.708787187000041;53.863311229000033
2785;01211001181013332021;01;0;51;038;2021;10;13;6;3;8;1;0;0;0;0;0;0;0;1;499610.395707448013127;6018360.976129818707705;8.994011306000061;54.313124528000060
2786;01210730134013282021;01;0;02;000;2021;07;12;6;3;0;1;0;1;0;0;0;1;0;0;574294.726109186187387;6026905.853258863091469;10.144005694000043;54.384501441000054
2788;01211005145013432021;01;0;58;022;2021;10;19;3;3;2;6;2;0;0;1;0;0;0;0;566855.804870406165719;6005076.966980949044228;10.024600976000045;54.189377005000040
2789;01210802152013522021;01;0;03;000;2021;08;08;2;3;5;3;0;0;1;1;0;0;0;0;609843.838936302810907;5967803.490299919620156;10.669697325000072;53.847107643000072
2790;01211018161013832021;01;0;62;004;2021;10;09;2;3;5;2;0;1;1;1;0;0;0;0;591421.902651698328555;5963009.359267657622695;10.388346497000043;53.807599034000077
2793;01210704181013492021;01;0;51;099;2021;07;13;1;2;5;3;0;0;1;0;0;1;0;0;519936.669000000692904;5990901.194999789819121;9.304628648000062;54.065940567000041
2794;01211022125013002021;01;0;54;056;2021;10;13;6;3;5;3;0;1;0;1;0;0;0;1;504598.673999999649823;6036598.002999817952514;9.070969519000073;54.477005916000053
2795;01211217181013632021;01;0;51;074;2021;12;11;6;3;2;6;0;1;0;1;0;0;0;1;505484.334144464693964;5993535.703355940058827;9.083847931000037;54.089975485000082
2796;01210904181013842021;01;0;61;046;2021;09;17;7;3;2;2;0;0;0;1;0;0;0;0;533462.236569245345891;5975790.220496760681272;9.509628204000023;53.929428871000027
2798;01211110134013312021;01;0;02;000;2021;11;21;4;3;2;6;2;1;1;1;0;0;0;0;573583.413780830800533;6023304.480982711538672;10.132164586000044;54.352244189000032
2799;01211027105132242021;01;0;62;056;2021;10;10;4;3;8;1;0;1;0;1;0;0;0;1;591809.465224817395210;5958670.747531035915017;10.392937942000060;53.768545850000066
2800;01210913152013642021;01;0;03;000;2021;09;07;2;3;1;5;0;0;1;1;0;0;0;0;609997.939068351872265;5969277.554652404040098;10.672566740000036;53.860318479000057
2801;01210826161013252021;01;0;53;014;2021;08;10;5;2;9;7;0;0;0;1;0;0;0;0;605913.322287115268409;5940993.554356364533305;10.600799266000024;53.607042117000049
2802;01210717152013082021;01;0;03;000;2021;07;09;7;2;0;7;0;0;0;0;0;0;0;1;610669.409857711754739;5968259.832552036270499;10.682405037000024;53.851032309000061
2803;01210818134013562021;01;0;02;000;2021;08;13;4;3;2;6;0;0;0;1;0;0;0;0;577738.189328225329518;6020806.723253689706326;10.195424117000073;54.329184252000061
2804;01210626125013692021;01;0;59;184;2021;06;15;7;3;7;7;0;0;0;0;0;1;0;0;526974.254841107875109;6061973.612111959606409;9.418608972000072;54.704355360000079
2805;01210707161013372021;01;0;62;006;2021;07;15;4;3;0;7;0;0;1;0;0;0;0;0;583216.606913251802325;5954176.298486080020666;10.261392735000072;53.729601860000059
2806;01210724181013882021;01;0;61;084;2021;07;21;7;2;5;3;1;0;0;1;0;0;0;0;539550.023000000044703;5987413.635999795049429;9.603848635000077;54.033464540000068
2808;01211014152013092021;01;0;03;000;2021;10;15;5;3;5;3;0;1;1;1;0;0;0;0;610989.350341713987291;5973125.180153338238597;10.689027253000063;53.894675315000029
2809;01211222152013152021;01;0;03;000;2021;12;14;4;3;2;6;0;1;0;1;0;0;0;1;613291.722848661243916;5965407.797734986990690;10.721198706000052;53.824843956000052
2810;01211213181013102021;01;0;51;138;2021;12;12;2;3;0;7;0;1;1;0;0;0;0;0;515436.342782924883068;5995442.314892696216702;9.236096795000037;54.106909313000074
2811;01211129181013132021;01;0;51;068;2021;11;07;2;3;0;3;2;2;0;1;0;1;0;0;513291.339065114967525;6012294.667061788961291;9.204033792000075;54.258431160000043
2812;01211102152013832021;01;0;03;000;2021;11;09;3;3;3;6;0;1;1;0;0;0;0;0;611905.061744755133986;5968445.226497896015644;10.701248002000057;53.852433155000028
2813;01210822181013502021;01;0;51;006;2021;08;14;1;3;5;2;0;1;0;1;0;0;0;0;502456.174722893163562;5986384.252620086073875;9.037493628000050;54.025722827000038
2814;01210617161013122021;01;0;62;045;2021;06;17;5;3;5;3;0;0;1;0;0;0;0;1;590217.671663959510624;5945511.937209147959948;10.364961652000034;53.650581595000062
2815;01210713125013402022;01;0;54;168;2021;07;13;3;3;0;1;0;0;1;0;0;0;0;0;457035.128070299513638;6084123.726274682208896;8.329965768000022;54.902287678000050
2816;01210620181013082021;01;0;51;122;2021;06;10;1;3;5;2;0;0;0;1;0;0;0;0;505530.162096236832440;6007770.439628627151251;9.084809699000061;54.217912193000075
2817;01210810152013882021;01;0;55;027;2021;08;14;3;3;5;3;0;0;0;1;0;0;0;0;622745.474000075832009;6008907.091999676078558;10.882309295000027;54.213455621000037
2819;01210813145013592021;01;0;58;171;2021;08;16;6;3;5;3;0;0;0;1;0;0;0;0;558134.735567735508084;6012510.877295896410942;9.892404736000060;54.257244304000039
2820;01210926171013082021;01;0;60;063;2021;09;17;1;3;5;2;0;0;0;1;0;0;0;0;569326.741484258323908;5950358.037279110401869;10.050038828000027;53.697318744000029
2821;01210724134013802021;01;0;02;000;2021;07;04;7;2;5;3;1;1;1;0;0;0;0;1;570251.755372261628509;6017427.714651061221957;10.079529703000048;54.299906465000049