OBJECTID;UIDENTSTLAE;ULAND;UREGBEZ;UKREIS;UGEMEINDE;UJAHR;UMONAT;USTUNDE;UWOCHENTAG;UKATEGORIE;UART;UTYP1;ULICHTVERH;USTRZUSTAND;IstRad;IstPKW;IstFuss;IstKrad;IstGkfz;IstSonstige;LINREFX;LINREFY;XGCSWGS84;YGCSWGS84
2822;01211207125013582021;01;0;01;000;2021;12;21;3;3;5;3;2;1;1;1;0;0;0;0;528387.864011983387172;6072624.693342287093401;9.441586191000056;54.799993818000075
2823;01210908125013582021;01;0;59;185;2021;09;14;4;3;4;6;0;0;1;0;0;0;0;0;538738.915000000037253;6060734.326999831944704;9.601008667000031;54.692450747000066
2824;01211123181013112021;01;0;61;039;2021;11;15;3;3;8;6;0;0;0;1;0;0;0;0;528418.522824632003903;5973563.035086806863546;9.432608340000058;53.909712772000034
2825;01211116134013662021;01;0;02;000;2021;11;08;3;3;5;2;0;0;1;1;0;0;0;0;574871.535000007599592;6019336.678999805822968;10.150983139000061;54.316403605000062
2826;01211029134013422021;01;0;02;000;2021;10;13;6;3;2;6;0;0;0;1;0;0;0;0;577388.429523506201804;6020599.838791055604815;10.189993277000042;54.327378451000072
2827;01210916171013072021;01;0;60;040;2021;09;06;5;3;5;3;2;1;0;1;0;0;0;0;555386.629265671595931;5974384.912380317226052;9.843249053000022;53.914918518000036
2828;01210831134013352021;01;0;02;000;2021;08;06;3;3;2;6;0;0;0;0;0;0;1;1;573393.709264320321381;6017837.101696172729135;10.127901240000028;54.303143407000050
2829;01211121125013922021;01;0;54;131;2021;11;12;1;2;5;3;0;1;0;1;0;0;0;0;494131.230836518108845;6082171.349508412182331;8.908513303000063;54.886555211000029
2830;01210921134013502021;01;0;02;000;2021;09;12;3;3;0;7;0;1;0;1;0;1;0;0;573282.355289434082806;6018566.587388472631574;10.126369311000076;54.309714347000067
2831;01210804145013042021;01;0;04;000;2021;08;05;4;3;5;3;2;0;0;1;0;0;0;0;565144.755176573060453;5993378.967802880331874;9.995857544000046;54.084474852000028
2832;01210930134013882021;01;0;02;000;2021;09;19;5;3;5;2;2;0;1;1;0;0;0;0;573502.437120757065713;6019029.868125298991799;10.129865341000027;54.313845622000031
2833;01210727161013422021;01;0;62;022;2021;07;20;3;2;8;1;1;0;0;1;0;0;0;0;588874.213633231818676;5942397.707461945712566;10.343752051000024;53.622827115000064
2835;01211005125013832021;01;0;54;056;2021;10;08;3;3;5;2;0;0;1;1;0;0;0;0;502986.430723495781422;6037555.244433743879199;9.046098091000033;54.485620876000041
2836;01210801181013152021;01;0;51;044;2021;08;19;1;3;5;3;0;0;0;1;0;0;0;0;505692.271082837134600;6005259.309060247614980;9.087248207000073;54.195341390000067
2837;01211015171013292021;01;0;60;012;2021;10;19;6;3;5;3;2;1;1;1;0;0;0;0;580394.985158696770668;5992707.978847173973918;10.228753665000056;54.076290486000062
2839;01211231152013102022;01;0;03;000;2021;12;12;6;2;4;6;0;1;1;1;0;0;0;0;609972.693044374696910;5970173.333433611318469;10.672504093000043;53.868371763000027
2840;01210702134013582021;01;0;02;000;2021;07;15;6;3;4;6;0;0;1;0;0;0;0;0;576577.261666608974338;6018004.421037297695875;10.176857200000029;54.304179560000080
2841;01211020181013792021;01;0;61;037;2021;10;07;4;3;5;3;2;1;0;1;0;0;0;0;531821.460321591235697;5960164.830124095082283;9.483020156000066;53.789094281000075
2842;01211217145013062021;01;0;04;000;2021;12;15;6;3;2;2;0;1;0;1;0;0;0;0;564738.214211731217802;5995165.286440985277295;9.990025999000068;54.100578761000065
2844;01211109134013452021;01;0;02;000;2021;11;05;3;3;3;6;2;1;0;1;0;0;1;0;572718.028008705936372;6018188.789149999618530;10.117605300000037;54.306400212000028
2845;01211024171013582021;01;0;60;085;2021;10;09;1;3;1;5;0;0;0;1;0;0;1;0;580735.481086653657258;5962244.411266241222620;10.225903985000059;53.802493556000059
2846;01210911134013082021;01;0;02;000;2021;09;16;7;3;5;2;0;0;1;1;0;0;0;0;573397.889283159747720;6019186.251472862437367;10.128297043000032;54.315265874000033
2847;01210826145013692021;01;0;04;000;2021;08;09;5;3;2;6;0;0;0;1;0;0;0;0;563830.782991874963045;5991546.573655195534229;9.975388171000077;54.068172600000082
2848;01210716145013662021;01;0;04;000;2021;07;08;6;3;0;7;0;0;1;0;0;0;0;1;564902.727335914969444;5993029.475318720564246;9.992083402000048;54.081364719000078
2849;01210817134013112022;01;0;57;062;2021;08;07;3;3;0;7;0;0;1;0;0;0;0;0;583415.919972606003284;6009736.772951077669859;10.279624213000034;54.228821569000047
2850;01210625145013122021;01;0;58;009;2021;06;16;6;3;5;2;0;0;0;1;0;1;0;0;552331.948000000789762;5993969.459999796003103;9.800115955000024;54.091243151000072
2851;01210721161013012021;01;0;53;108;2021;07;09;4;3;4;2;0;0;0;1;0;0;0;0;599590.491000028327107;5950951.065999751910567;10.508462904000055;53.697753539000075
2852;01211011161013012021;01;0;62;006;2021;10;16;2;3;5;3;0;1;1;1;0;0;0;0;584683.022375113330781;5954770.431518061086535;10.283777167000039;53.734704785000076
2853;01211221152013892021;01;0;03;000;2021;12;13;3;3;5;2;0;0;0;1;1;0;0;0;609415.840295387431979;5968544.638862749561667;10.663458560000038;53.853856713000027
2854;01211212134013042021;01;0;57;046;2021;12;23;1;3;0;1;2;1;0;0;0;1;0;0;584763.117351127788424;6013361.380781494081020;10.301309481000033;54.261168352000027
2855;01211127145013052021;01;0;04;000;2021;11;06;7;3;5;3;2;1;0;1;0;0;0;0;564393.952000003308058;5991367.436999794095755;9.983954412000060;54.066492714000049
2856;01211101171013622021;01;0;56;015;2021;11;10;2;3;5;3;0;0;0;1;0;1;0;0;545797.023470711894333;5955774.329592484980822;9.694490067000061;53.748592173000077
2857;01210903134013042021;01;0;57;009;2021;09;19;6;3;0;7;1;0;0;0;0;1;0;0;596398.788552058860660;5997749.213617278262973;10.474879477000059;54.118838676000053
2858;01210821105132642021;01;0;60;070;2021;08;13;7;3;2;6;0;0;0;1;0;0;0;0;583746.620417831465602;5978051.897329408675432;10.275930391000031;53.944061836000060
2859;01210616125013852021;01;0;54;168;2021;06;17;4;3;5;3;0;0;1;1;0;0;0;0;454433.178618473000824;6074447.171278696507215;8.290919037000037;54.815104227000063
2860;01210711152013252021;01;0;55;035;2021;07;09;1;3;4;6;0;0;1;0;0;0;0;0;612964.165535093285143;5977713.864395922049880;10.720759551000071;53.935473577000039
2861;01210809171013022021;01;0;56;039;2021;08;06;2;3;0;7;0;0;1;0;0;0;0;0;552746.616000002250075;5946296.200999764725566;9.798252890000072;53.662750732000063
2863;01210925105132712021;01;0;61;046;2021;09;03;7;1;6;7;2;1;0;1;1;0;0;1;531565.966290697455406;5975980.353212628513575;9.480768897000075;53.931256791000067
2864;01210723145013292021;01;0;58;018;2021;07;15;6;3;5;2;0;0;0;1;0;0;0;0;566152.869956313632429;6009029.848676398396492;10.014700179000044;54.224989510000057
2867;01211205105132252021;01;0;03;000;2021;12;03;1;3;9;1;2;2;0;1;0;0;0;0;615995.704166198149323;5975001.673046961426735;10.765885544000071;53.910437642000034
2868;01210907125013252021;01;0;01;000;2021;09;13;3;3;0;7;0;0;1;0;0;0;0;0;528084.391977850347757;6070459.842643188312650;9.436656012000071;54.780556531000059
2869;01211122152013072021;01;0;03;000;2021;11;06;2;3;2;6;2;2;0;1;0;1;0;0;608102.368222138844430;5967493.564275328069925;10.643128868000076;53.844688471000040
2870;01211114171013962021;01;0;60;007;2021;11;13;1;3;0;1;0;1;1;0;0;0;0;0;575509.021659764461219;5975362.156604738906026;10.149790314000029;53.921158608000042
2871;01211029105132872021;01;0;58;024;2021;10;14;6;3;2;6;0;0;0;1;0;0;0;1;546254.921779840253294;6021674.490575928241014;9.711478100000022;54.340807469000026
2872;01210916125013942021;01;0;59;053;2021;09;10;5;3;5;3;0;0;0;1;0;0;0;1;533419.843575600534678;6026451.140639191493392;9.514599923000048;54.384737634000032
2873;01210830134013462021;01;0;02;000;2021;08;18;2;3;5;3;0;0;0;1;0;0;0;0;574470.451006642542779;6017626.514475867152214;10.144392296000035;54.301095306000036
2874;01211119145013372021;01;0;58;054;2021;11;06;6;3;2;2;2;1;0;1;0;0;0;0;539026.277469319291413;6017432.873727645725012;9.599742091000053;54.303292558000066
2875;01210920125013282021;01;0;54;168;2021;09;14;2;3;5;3;0;0;0;1;0;0;0;1;462052.983000000938773;6080615.747999843209982;8.408675765000055;54.871170848000077
2876;01210816134013542021;01;0;02;000;2021;08;08;2;3;5;2;0;1;1;1;0;0;0;0;575914.027000008150935;6019195.284999804571271;10.166969522000045;54.314979167000047
2877;01210928152013952021;01;0;55;040;2021;09;18;3;3;5;3;2;0;1;1;0;0;0;0;608499.529000042937696;5972793.365999739617109;10.651037350000024;53.892221132000032
2878;01210727145013472022;01;0;58;034;2021;07;10;3;3;5;3;0;0;1;1;0;0;0;0;543987.753043859265745;6018777.297311782836914;9.676180782000074;54.314971516000071
2880;01211015152013242021;01;0;55;028;2021;10;10;6;3;2;6;0;1;0;1;0;0;1;0;599477.589303480461240;6001089.044379804283381;10.523066935000031;54.148259246000066
2882;01211227171013222022;01;0;60;097;2021;12;14;2;3;9;1;0;1;0;1;0;0;0;0;594677.657738287001848;5983609.639982929453254;10.444142130000046;53.992114783000034
2883;01210701152013982021;01;0;03;000;2021;07;18;5;3;0;3;0;0;0;1;0;0;0;1;622479.148000077344477;5982255.478999670594931;10.867440478000049;53.974108654000077
2884;01211215181013172021;01;0;61;046;2021;12;15;4;3;5;3;0;0;1;1;0;0;0;0;533350.511596176773310;5973810.309021258726716;9.507710764000024;53.911641261000057
2885;01211023105132252021;01;0;59;184;2021;10;11;7;3;2;6;0;0;0;1;0;0;0;0;525899.471549879759550;6061975.678385144099593;9.401930238000034;54.704430378000040
2886;01210910152013922022;01;0;55;041;2021;09;11;6;2;5;2;0;1;0;1;0;0;0;0;611148.514204804785550;5994029.746699072420597;10.699077776000024;54.082447796000054
2887;01210824181013872021;01;0;61;046;2021;08;11;3;3;5;3;0;0;1;1;0;0;0;0;534132.562000001780689;5976006.233999785035849;9.519860896000068;53.931326576000060
2888;01210714171013772021;01;0;60;023;2021;07;19;4;3;5;3;1;1;0;1;0;0;0;0;558812.464000002481043;5977475.908999785780907;9.895994601000041;53.942319537000060
2889;01210829171013432021;01;0;56;006;2021;08;04;1;2;8;7;2;1;0;1;0;0;0;0;548409.431166104972363;5970219.376809459179640;9.736374628000021;53.878180364000059
2890;01210623152013052021;01;0;03;000;2021;06;15;4;3;5;2;0;0;0;1;0;1;0;0;612243.101713159121573;5968063.922726878896356;10.706245216000070;53.848934515000053
2891;01210719181013092021;01;0;51;022;2021;07;16;2;2;8;1;0;0;0;0;0;1;0;0;508562.355217542499304;5979433.611286731436849;9.130509091000022;53.963185950000081
2892;01210812171013422021;01;0;60;036;2021;08;07;5;3;5;3;0;0;0;1;0;0;0;0;567856.839576196856797;5974121.872643426060677;10.033015975000069;53.911071626000080
2894;01210628161013152021;01;0;53;093;2021;06;16;2;1;4;6;0;0;0;1;0;0;0;0;623668.946339221671224;5950958.571826161816716;10.872980463000033;53.692674997000040
2895;01211010145013272021;01;0;04;000;2021;10;06;1;3;5;3;2;0;0;1;0;0;0;0;563847.422000004909933;5993835.706999795511365;9.976124961000039;54.088741823000078
2896;01211220145013162021;01;0;04;000;2021;12;20;2;3;5;3;2;0;0;1;0;0;0;0;564975.367393704131246;5993013.576358547434211;9.993190160000040;54.081212684000036
2897;01211210125013102021;01;0;01;000;2021;12;22;6;3;5;3;2;0;0;1;0;0;0;0;528022.702999999746680;6070448.981999838724732;9.435695854000073;54.780462380000074
2898;01211125171013452021;01;0;56;048;2021;11;15;5;3;5;3;0;0;1;1;0;0;0;0;547888.709423622116446;5949042.194932337850332;9.725165204000064;53.687898336000046
2899;01211118152013512021;01;0;03;000;2021;11;12;5;3;0;6;0;1;1;1;0;0;0;0;609559.202016858384013;5970693.130193943157792;10.666404178000050;53.873129222000046
2900;01211031134013942021;01;0;57;062;2021;10;17;1;3;0;1;2;0;1;0;0;0;0;0;583120.836835827678442;6011194.679109895601869;10.275502741000025;54.241969314000073
2901;01210902125013302021;01;0;01;000;2021;09;11;5;3;5;3;0;0;0;1;0;0;0;0;525397.769266929477453;6068686.414024651050568;9.394730402000050;54.764762663000056
2902;01211107171013562021;01;0;60;020;2021;11;04;1;3;8;7;2;1;0;1;0;0;0;0;582630.124000011011958;5977192.295999780297279;10.258691890000023;53.936517046000063
2903;01211105125013612021;01;0;59;183;2021;11;10;6;3;2;2;0;0;0;1;0;0;0;0;522022.785954313352704;6069983.764840291813016;9.342376182000066;54.776580771000056
2904;01210709152013552021;01;0;03;000;2021;07;22;6;3;5;3;2;1;0;1;0;0;0;1;609317.955826329067349;5970295.475339043885469;10.662594776000049;53.869607437000070
2905;01210807171013732021;01;0;56;043;2021;08;15;7;3;0;7;0;1;0;0;0;1;0;0;553705.294642624445260;5945679.858140954747796;9.812653117000025;53.657113751000054
2907;01211007125013822022;01;0;54;168;2021;10;15;5;3;3;6;0;0;1;0;0;0;0;0;454569.509090484119952;6077188.333564162254333;8.292609866000021;54.839748666000048
2908;01210803161013162021;01;0;53;012;2021;08;16;3;3;2;6;0;0;0;1;0;0;0;0;585285.255021878518164;5927302.502428730949759;10.285384955000040;53.487773617000073
2909;01211020134013172021;01;0;02;000;2021;10;00;4;2;6;4;2;1;0;1;1;0;0;0;571934.323046295903623;6021061.745571484789252;10.106255449000059;54.332326888000068
2912;01210629145013582021;01;0;58;012;2021;06;17;3;3;8;1;0;1;0;1;0;0;0;0;557057.299356703646481;6038714.883234785869718;9.880894267000031;54.492842566000036
2913;01210905152013362021;01;0;55;043;2021;09;14;1;3;0;7;0;0;0;0;0;1;0;0;617137.760169152170420;6015167.455215649679303;10.798807944000032;54.271005530000082
2915;01211111181013302021;01;0;51;092;2021;11;17;5;3;4;6;1;1;0;1;0;0;0;0;502686.672913392074406;6016085.481203626841307;9.041276975000073;54.292666689000043
2916;01211028125013982021;01;0;01;000;2021;10;15;5;3;2;6;0;0;0;1;0;0;0;0;527543.810854177922010;6070274.972581515088677;9.428233773000045;54.778925152000056
2917;01210914134013942021;01;0;57;042;2021;09;11;3;3;8;7;0;0;0;1;0;0;0;0;582208.449313295073807;6006652.424613550305367;10.260262097000066;54.201302625000039
2918;01210909134013922021;01;0;02;000;2021;09;14;5;3;9;7;0;0;1;0;0;0;0;0;573741.883129970170557;6023804.359220098704100;10.134726060000048;54.356713014000036
2919;01210827105132022021;01;0;59;183;2021;08;14;6;3;9;1;0;0;0;1;0;0;0;0;522288.862203525379300;6069409.068085856735706;9.346468506000065;54.771404462000078
2920;01210819105132622021;01;0;58;049;2021;08;19;5;3;8;7;1;0;0;1;0;0;0;0;553867.276092228479683;6010129.013794764876366;9.826476394000053;54.236306476000038
2921;01210628125013272021;01;0;54;020;2021;06;21;2;3;5;3;0;0;0;1;0;1;0;0;498576.583000000566244;6051458.697999829426408;8.977961102000052;54.610579319000067
2922;01210709181013322021;01;0;51;129;2021;07;14;6;3;5;3;0;0;1;1;0;0;0;0;490962.438000001013279;6010810.889999805018306;8.861309927000036;54.245188514000063
2923;01210726134013192021;01;0;02;000;2021;07;08;2;3;1;5;0;0;1;1;0;0;0;0;574114.676350628957152;6021934.769234675914049;10.139996194000048;54.339859545000081
2925;01211014105132472021;01;0;58;024;2021;10;05;5;3;3;6;2;1;0;1;0;0;0;1;545642.306154371239245;6022234.044379120692611;9.702141533000031;54.345891207000079
2926;01211223171013712022;01;0;60;068;2021;12;17;5;3;8;1;2;2;0;1;0;0;0;0;575422.500583157874644;5985998.103445434942842;10.151104229000055;54.016747456000076
2927;01211215152013882022;01;0;55;032;2021;12;02;4;2;9;7;2;1;0;1;0;0;0;0;618836.172357643954456;5996836.846244843676686;10.817634790000056;54.105948223000041
2928;01211202125013222021;01;0;54;042;2021;12;09;5;3;5;2;0;0;1;1;0;0;0;0;501845.440999999642372;6041752.147999823093414;9.028512197000055;54.523344549000058
2929;01210823134013282021;01;0;57;068;2021;08;18;2;3;2;6;0;0;0;1;0;0;0;0;574955.356992544606328;5991386.268489094451070;10.145306674000039;54.065233876000036
2930;01210618152013712021;01;0;55;040;2021;06;15;6;3;5;2;0;0;0;1;0;0;0;0;606576.761665876954794;5975630.034391749650240;10.622779365000042;53.918105771000057
2931;01210713145013212021;01;0;58;012;2021;07;12;3;3;2;6;0;0;0;1;0;0;0;1;554357.059288147836924;6038816.811238709837198;9.839229738000029;54.494055037000066
2932;01210621125013492021;01;0;54;087;2021;06;11;2;3;0;7;0;1;1;0;0;0;0;0;467077.706768983043730;6060643.418899824842811;8.489238300000068;54.692047669000033
2933;01210811145013982021;01;0;58;054;2021;08;11;4;3;2;6;0;1;0;1;0;0;0;0;539438.617967694066465;6017961.039203973487020;9.606148140000073;54.308007489000033
2935;01210814161013272021;01;0;62;053;2021;08;09;7;3;5;7;0;0;0;1;0;0;0;0;577190.409313643351197;5933202.015346268191934;10.164865104000057;53.542040952000036
2936;01210927134013442021;01;0;02;000;2021;09;17;2;3;5;3;0;0;1;1;0;0;0;0;577353.802000007592142;6021813.749999806284904;10.189775814000029;54.338291274000028
2937;01211206171013222021;01;0;60;002;2021;12;05;2;3;8;1;2;2;0;1;0;0;0;0;561773.108536046929657;5960412.091347269713879;9.937657071000046;53.788623660000042
2938;01211125134013092021;01;0;57;057;2021;11;07;5;2;4;6;2;1;1;0;0;0;0;0;591889.464552464894950;6001625.509639473631978;10.407091577000074;54.154492646000051
2939;01211116181013252021;01;0;51;087;2021;11;15;3;3;2;2;0;0;0;1;0;0;0;0;508711.417390973307192;6008431.385537534952164;9.133615988000031;54.223808276000057
2940;01211029152013162021;01;0;55;033;2021;10;07;6;3;0;7;2;0;0;0;0;1;0;0;623403.680000077933073;6017461.897999674081802;10.895919141000036;54.290142183000057
2941;01210917145013552021;01;0;58;028;2021;09;17;6;3;5;3;0;0;0;1;0;1;0;0;555598.445000003091991;6019246.308999808505177;9.854728282000053;54.318054036000035
2942;01210901152013892022;01;0;55;040;2021;09;08;4;3;5;2;0;0;1;0;0;0;1;0;608152.372065241448581;5972291.505933074280620;10.645579902000065;53.887784751000027
2943;01211120171013582021;01;0;56;002;2021;11;08;7;2;2;2;0;1;1;1;0;0;0;0;549674.394389706663787;5960071.685136787593365;9.753974875000040;53.786859538000044
2944;01210921125013682021;01;0;59;097;2021;09;17;3;3;4;7;0;1;0;1;0;0;0;0;542875.734600253403187;6048612.579249819740653;9.663408417000028;54.583185171000082
2945;01210806161013752021;01;0;53;001;2021;08;10;6;3;3;6;0;0;0;1;0;0;0;0;613388.005637098103762;5949833.655851472169161;10.716943519000040;53.684901221000075
2946;01211001161013632021;01;0;62;001;2021;10;03;6;3;5;2;2;0;0;1;0;0;0;0;581446.977180947549641;5947501.688870681449771;10.232821434000073;53.669901223000068
2947;01210730125013282021;01;0;01;000;2021;07;16;6;3;5;2;0;0;0;1;0;0;0;0;527931.145477433688939;6071429.154891429468989;9.434366756000031;54.789275790000033
2949;01211005181013232021;01;0;61;084;2021;10;17;3;3;9;6;0;0;0;1;0;0;0;1;539347.227465287782252;5986256.917609157040715;9.600602724000055;54.023084179000080
2950;01210705152013112021;01;0;55;014;2021;07;19;2;2;0;6;0;0;1;0;1;0;0;0;627073.378547510132194;6016145.886602658778429;10.951704030000030;54.277422256000079
2951;01210802152013582021;01;0;03;000;2021;08;14;2;3;2;6;0;0;0;1;0;0;0;0;607048.286797285079956;5969202.264470882713795;10.627709946000039;53.860258586000043
2952;01211018152013002021;01;0;03;000;2021;10;05;2;2;0;7;2;0;0;0;0;1;0;0;615442.949699159711599;5973097.114957015961409;10.756756762000066;53.893450830000063
2955;01210705125013352021;01;0;54;101;2021;07;15;2;1;8;1;0;0;0;1;0;0;0;0;515906.564560942351818;6040812.183598255738616;9.245705623000049;54.514650730000028
2956;01211021152013992021;01;0;03;000;2021;10;08;5;3;0;3;1;1;1;1;0;0;0;0;611238.455363274551928;5969114.945234483107924;10.691361393000022;53.858593262000056
2957;01211218145013912021;01;0;58;001;2021;12;18;7;3;2;2;2;1;0;1;0;0;0;0;566123.825550882145762;6017795.055582111701369;10.016190195000036;54.303758357000049
2958;01210904145013502021;01;0;58;012;2021;09;11;7;3;3;7;0;0;0;1;0;1;0;0;553548.222557879053056;6038400.389530150219798;9.826667887000042;54.490398998000046
2960;01211111125013792021;01;0;59;129;2021;11;08;5;2;5;3;0;1;0;1;0;0;1;0;513907.316000000573695;6075967.703999841585755;9.216497966000077;54.830646755000032
2961;01211026152013712022;01;0;03;000;2021;10;16;3;3;5;3;0;0;0;1;0;0;0;0;621234.029024626128376;5981497.006494486704469;10.848165486000028;53.967588525000053
2962;01210912125013802021;01;0;54;168;2021;09;17;1;3;4;6;0;0;0;1;0;0;0;1;454880.024911754764616;6082039.004555480554700;8.296686300000033;54.883364625000070
2963;01210825181013772021;01;0;51;074;2021;08;11;4;3;5;3;0;1;0;1;0;0;0;0;505982.417999999597669;5993456.775999797508121;9.091461379000066;54.089260557000046
2964;01210718125013682021;01;0;54;152;2021;07;19;1;2;5;2;0;0;0;1;0;1;0;0;512493.728479551151395;6040131.701753217726946;9.192959759000075;54.508630784000047
2965;01210817171013662021;01;0;60;054;2021;08;16;3;3;9;1;0;1;0;1;0;0;0;0;556729.260135876946151;5970747.446713320910931;9.863013840000065;53.882083172000080
2966;01210625171013082021;01;0;60;005;2021;06;08;6;3;5;2;0;0;1;1;0;0;0;0;585856.223182897083461;5979028.692612968385220;10.308337053000059;53.952493345000050
2967;01210707145013422021;01;0;04;000;2021;07;08;4;3;5;3;0;0;1;0;0;0;0;1;564743.055013006553054;5991774.944249531254172;9.989374968000050;54.070111022000049
2968;01210724161013062021;01;0;62;061;2021;07;15;7;3;5;3;0;0;1;1;0;0;0;0;596943.389213629998267;5964675.843753185123205;10.472691915000041;53.821573081000054
2971;01211012171013842021;01;0;56;015;2021;10;17;3;3;2;6;0;1;0;1;0;0;0;1;545259.050809923559427;5955829.739225104451180;9.686340732000076;53.749137162000068
2972;01211223125013962021;01;0;59;051;2021;12;22;5;3;8;1;2;2;0;1;0;0;0;0;531424.775723390281200;6032261.898441709578037;9.484496318000026;54.437085801000080
2973;01211213125013732021;01;0;59;113;2021;12;07;2;3;5;3;2;1;1;1;0;0;0;0;534643.344866612926126;6075725.239779762923717;9.539259682000022;54.827463220000027
2974;01211130125013762021;01;0;01;000;2021;11;07;3;3;3;6;2;1;0;1;0;0;0;0;528223.226999999023974;6070842.258999837562442;9.438851754000041;54.783985321000046
2975;01211102181013962021;01;0;61;072;2021;11;02;3;2;0;7;2;0;1;0;0;0;0;0;534898.107786657288671;5973048.649982560425997;9.531182604000037;53.904693805000079
2976;01210821125013232021;01;0;54;014;2021;08;14;7;3;5;2;0;0;0;1;0;1;0;0;499726.857210357673466;6055900.493834715336561;8.995766761000027;54.650499546000049
2977;01210617181013602021;01;0;54;161;2021;06;07;5;3;2;6;0;0;0;1;0;0;0;1;502020.439955803565681;6027278.552647609263659;9.031117123000058;54.393266378000078
2978;01210712181013962021;01;0;61;034;2021;07;16;2;3;5;3;0;0;1;1;0;0;0;0;530891.854610172100365;5976547.722907042130828;9.470559518000073;53.936396803000036
2979;01210620125013722021;01;0;01;000;2021;06;15;1;3;5;3;0;0;0;1;0;0;0;0;530574.672743927687407;6072744.723341424018145;9.475614407000023;54.800943925000070
2980;01210810105132322021;01;0;56;043;2021;08;18;3;2;8;7;0;1;0;1;0;0;0;0;554224.976000575348735;5945816.848646931350231;9.820539815000075;53.658291333000079
2982;01210813125013912021;01;0;54;095;2021;08;15;6;3;2;6;0;0;0;1;0;0;0;0;497312.502331394702196;6020837.509119214490056;8.958667576000039;54.335375266000028
2983;01210926125013912021;01;0;54;113;2021;09;13;1;2;5;2;0;0;0;1;0;0;0;0;479954.859000001102686;6016786.143999807536602;8.691989845000023;54.298577703000035
2984;01210724181013742021;01;0;61;093;2021;07;20;7;2;5;3;0;0;0;1;0;1;0;0;547705.208335150033236;5980764.901689492166042;9.727309134000052;53.973021456000026
2987;01211206145013612021;01;0;58;094;2021;12;09;2;3;8;1;0;2;0;0;0;0;0;1;558903.086714831180871;6005383.850965911522508;9.902799268000024;54.193109690000028
2988;01210908134013152021;01;0;02;000;2021;09;15;4;3;2;6;0;0;0;1;0;0;0;0;573606.956631633453071;6022978.182659003883600;10.132446114000061;54.349308794000081
2989;01211122161013782021;01;0;62;090;2021;11;11;2;3;0;7;0;0;0;0;0;0;0;1;576749.695926536805928;5949513.944490082561970;10.162235418000023;53.688695184000039
2990;01211115161013022021;01;0;53;100;2021;11;10;2;3;0;3;0;0;1;1;0;0;0;0;617665.792085417546332;5950175.838747009634972;10.781814589000021;53.687029630000040
2991;01211028161013252021;01;0;53;106;2021;10;06;5;3;1;5;2;0;0;1;0;0;0;1;601625.186688113957644;5931595.911991221830249;10.532956471000034;53.523450263000029
2992;01210915152013062021;01;0;03;000;2021;09;16;4;3;5;2;0;1;1;1;0;0;0;0;609279.746470388025045;5971148.548039646819234;10.662317913000038;53.877279764000036
2993;01210831171013902021;01;0;56;039;2021;08;17;3;3;6;7;0;0;0;1;1;0;0;0;552758.330421225167811;5946296.761118993163109;9.798430249000035;53.662754584000027
2994;01211119145013352021;01;0;58;072;2021;11;06;6;3;2;2;2;1;0;1;0;0;0;0;527366.753402392379940;5997549.446835478767753;9.418757457000027;54.125350902000037
2995;01210920125013482021;01;0;54;109;2021;09;17;2;3;5;3;0;0;1;0;0;0;0;0;491658.577365183271468;6067889.295820469036698;8.870379543000070;54.758172073000082
2997;01210805161013892021;01;0;62;053;2021;08;19;5;3;5;2;0;0;0;1;0;0;0;0;577530.353235175833106;5933227.917567292228341;10.170000377000065;53.542223656000033
2998;01210929181013182021;01;0;51;044;2021;09;09;4;3;6;4;0;0;1;0;1;0;0;0;506915.817038278095424;6005364.278276696801186;9.106004473000041;54.196269772000051
2999;01210728171013872021;01;0;60;011;2021;07;14;4;3;4;6;0;0;1;0;0;0;0;0;566432.821139459498227;5985073.023110261186957;10.013726219000034;54.009669445000043
3001;01211005105132202021;01;0;60;070;2021;10;10;3;3;3;6;0;0;0;1;0;0;1;0;582062.719189720228314;5980551.252845058217645;10.250954110000066;53.966790367000044
3002;01210801152013932021;01;0;55;042;2021;08;15;1;3;2;6;0;0;0;1;0;0;0;0;615183.183000057004392;5983628.325999716296792;10.756777344000056;53.988118760000077
3003;01211017125013032021;01;0;59;067;2021;10;02;1;3;8;1;2;1;0;1;0;0;0;0;555313.923825396224856;6058894.908225741237402;9.857783150000046;54.674374139000065
3005;01211230171013672022;01;0;56;015;2021;12;11;5;3;2;2;0;1;0;1;0;0;0;0;543951.975544366985559;5956310.192691285163164;9.666589161000047;53.753567177000036
3006;01210702152013492021;01;0;03;000;2021;07;21;6;3;5;3;0;0;1;1;0;0;0;0;610039.359000046737492;5969408.407999733462930;10.673243169000045;53.861485327000082
3007;01211021145013832021;01;0;04;000;2021;10;06;5;3;5;2;2;1;1;1;0;0;0;0;565393.684000005014241;5991791.130999792367220;9.999319427000046;54.070174311000073
3008;01211216181013972021;01;0;51;034;2021;12;10;5;3;8;7;0;0;0;1;0;0;0;0;494373.162158563733101;5981784.667466163635254;8.914191165000034;53.984357385000067
3010;01211109161013882021;01;0;53;032;2021;11;18;3;3;1;5;2;0;0;1;0;0;0;0;591122.815855070948601;5922436.754864431917667;10.371928749000062;53.443070911000063
3011;01211023171013062021;01;0;60;045;2021;10;15;7;3;5;3;0;1;0;1;0;0;0;0;567265.437000005505979;5966765.049999779090285;10.022400173000051;53.845035419000055