OBJECTID;UIDENTSTLAE;ULAND;UREGBEZ;UKREIS;UGEMEINDE;UJAHR;UMONAT;USTUNDE;UWOCHENTAG;UKATEGORIE;UART;UTYP1;ULICHTVERH;USTRZUSTAND;IstRad;IstPKW;IstFuss;IstKrad;IstGkfz;IstSonstige;LINREFX;LINREFY;XGCSWGS84;YGCSWGS84
3012;01210910152013392021;01;0;03;000;2021;09;20;6;3;5;2;2;0;1;1;0;0;0;0;609868.021181255578995;5970292.634998034685850;10.670955681000066;53.869465770000033
3013;01210824161013632021;01;0;53;062;2021;08;06;3;3;7;7;1;0;0;1;0;0;0;0;627583.720209298655391;5950028.933578845113516;10.931851217000030;53.683382372000040
3014;01210716152013502021;01;0;55;001;2021;07;21;6;2;5;2;0;0;0;1;0;0;0;0;603002.297920838929713;5986471.577728055417538;10.572038262000035;54.016235551000079
3015;01210828181013382021;01;0;61;015;2021;08;10;7;2;5;3;0;1;1;1;0;0;0;0;527233.729206682182848;5963449.800910774618387;9.413675357000045;53.818879789000050
3016;01210625125013622021;01;0;59;161;2021;06;17;6;3;5;3;0;0;0;1;0;0;0;1;541258.790143005549908;6067205.850248366594315;9.641017198000043;54.750405479000051
3017;01210721152013702021;01;0;03;000;2021;07;14;4;2;0;7;0;0;1;0;0;0;0;0;610099.876133253797889;5969976.730123667046428;10.674366871000075;53.866578462000064
3018;01210629161013022021;01;0;53;032;2021;06;16;3;3;5;3;0;0;0;1;0;0;0;0;591099.363000018522143;5922357.425999747589231;10.371552795000071;53.442362101000072
3019;01211010134013492021;01;0;57;025;2021;10;12;1;3;2;6;0;0;1;0;0;0;0;0;579738.389198376797140;6025906.091800551861525;10.227539685000067;54.374695154000051
3020;01211220171013992022;01;0;60;039;2021;12;12;2;2;0;7;0;0;1;0;0;0;0;0;564744.094431404024363;5962332.206345941871405;9.983150203000037;53.805518478000067
3021;01211211161013192021;01;0;62;005;2021;12;17;7;3;5;3;2;1;0;1;0;1;0;0;578374.703000008128583;5958202.347999772056937;10.189038555000025;53.766531347000068
3022;01211129125013382021;01;0;01;000;2021;11;07;2;3;3;6;1;1;0;1;0;0;1;0;528224.581905953586102;6067867.402974696829915;9.438583591000054;54.757251704000055
3023;01211101161013722021;01;0;53;080;2021;11;15;2;2;8;1;0;0;0;1;0;0;0;0;615048.452862992882729;5927194.073761122301221;10.733727830000021;53.481135013000028
3024;01210902161013952021;01;0;62;094;2021;09;16;5;2;5;2;0;0;1;0;0;1;0;0;600960.222852791659534;5965701.425362583249807;10.534025726000039;53.830023406000066
3025;01210820161013872021;01;0;62;001;2021;08;11;6;3;3;6;0;1;0;1;0;0;0;1;579823.796417761594057;5945486.398013666272163;10.207740333000061;53.652041321000070
3026;01210616145013642021;01;0;58;058;2021;06;18;4;2;5;2;0;0;0;0;0;1;0;1;563208.690986393019557;6029229.861155470833182;9.973824802000024;54.406881558000066
3027;01210711134013312021;01;0;57;053;2021;07;16;1;3;5;3;0;0;0;1;0;1;0;0;592241.194000018760562;5993392.505999781191349;10.409962457000063;54.080455961000041
3028;01210809105132232021;01;0;55;004;2021;08;15;2;3;9;7;0;0;0;1;0;0;0;0;613226.336558021605015;5976016.292296145111322;10.724122334000072;53.920165405000034
3030;01210924125013892021;01;0;01;000;2021;09;11;6;3;0;3;0;1;0;0;0;1;1;0;524647.269000000320375;6070020.990999838337302;9.383179782000070;54.776793313000042
3031;01210723134013102021;01;0;02;000;2021;07;15;6;3;2;6;0;0;0;1;0;0;0;1;572146.981597842648625;6021304.879265192896128;10.109584004000055;54.334481600000061
3034;01211203105132772021;01;0;62;027;2021;12;05;6;3;9;1;2;2;0;0;0;0;0;1;588213.392249071039259;5952814.598193641752005;10.336723521000067;53.716544740000074
3035;01210908125013302021;01;0;59;044;2021;09;14;4;3;5;3;0;0;0;1;0;0;0;1;526975.077134104445577;6045722.460270561277866;9.417124547000071;54.558310575000064
3037;01211112152013032021;01;0;03;000;2021;11;10;6;3;5;3;0;0;0;1;0;0;0;1;618500.000290996395051;5974897.920489098876715;10.803949443000022;53.908939014000055
3038;01211028105132072021;01;0;56;048;2021;10;11;5;3;3;6;0;0;0;1;0;0;0;0;549857.374048287980258;5952271.554700801149011;9.755493005000062;53.716738310000039
3039;01210914161013622022;01;0;62;004;2021;09;10;3;2;6;7;0;0;0;1;0;0;0;1;590697.003972562961280;5966186.167470389977098;10.378278238000064;53.836271410000052
3040;01210830161013582021;01;0;53;090;2021;08;11;2;3;5;3;0;0;0;1;0;0;0;1;611114.056719074025750;5942290.058298416435719;10.679830565000032;53.617613746000075
3041;01210819145013102022;01;0;58;162;2021;08;17;5;3;7;7;0;0;0;0;0;1;0;0;558877.677758950740099;6050399.699327863752842;9.911331981000046;54.597633901000052
3042;01210816105132202021;01;0;58;128;2021;08;07;2;2;3;7;0;1;0;1;0;0;0;0;561087.335102485492826;5987059.894880019128323;9.932568957000058;54.028184952000061
3043;01210928145013452021;01;0;58;135;2021;09;10;3;3;5;3;0;0;0;1;0;0;0;0;541013.579209462739527;6019949.153415050357580;9.630625935000069;54.325750420000077
3044;01210727134013442021;01;0;02;000;2021;07;07;3;3;5;2;0;0;1;0;0;0;1;0;573775.008568880148232;6023675.761955399066210;10.135203818000036;54.355552695000029
3046;01211014161013752021;01;0;62;009;2021;10;02;5;3;8;7;2;1;0;1;0;0;0;0;577036.785199998877943;5935466.750999756157398;10.163105350000023;53.562416098000028
3048;01211226105132092022;01;0;53;010;2021;12;21;1;3;2;6;2;1;0;1;0;0;0;1;615762.537166565656662;5933089.288172606378794;10.746660095000038;53.533943932000057
3049;01210701145013622021;01;0;58;043;2021;07;16;5;3;4;6;0;0;0;1;0;0;0;0;555909.512509908527136;6033713.847067588940263;9.862230569000076;54.448030095000036
3050;01211216105132602021;01;0;58;153;2021;12;15;5;3;2;6;1;0;0;1;0;0;0;0;563625.938165281899273;6006431.946793846786022;9.975396360000047;54.201964078000060
3051;01211202171013762021;01;0;60;029;2021;12;13;5;3;8;1;0;2;0;1;0;0;0;0;581987.747121391817927;5968411.322018235921860;10.246558196000024;53.857713872000033
3052;01211204171013452021;01;0;60;063;2021;12;21;7;2;2;2;2;1;0;1;0;0;0;0;565702.574588456191123;5948446.532215505838394;9.994750693000071;53.680608515000074
3053;01210908125013962022;01;0;54;168;2021;09;16;4;3;5;2;0;0;1;1;0;0;0;0;454890.880313264206052;6081653.049109000712633;8.296915880000029;54.879897440000036
3054;01211123152013492021;01;0;03;000;2021;11;14;3;3;0;6;0;0;1;1;0;0;0;0;610133.711000045761466;5969956.006999734789133;10.674873741000056;53.866385102000038
3055;01211116105132512021;01;0;62;011;2021;11;18;3;3;3;1;2;1;0;1;0;0;0;0;581773.101309292949736;5942037.662835279479623;10.236319423000054;53.620748632000073
3056;01211029125013052021;01;0;01;000;2021;10;12;6;3;0;7;0;0;0;0;0;0;0;1;527137.335227433592081;6073631.246227728202939;9.422228535000045;54.809108390000063
3057;01210916152013012021;01;0;03;000;2021;09;10;5;3;5;3;0;0;1;1;0;0;0;0;609345.478307049721479;5970295.548335796222091;10.663013192000051;53.869602295000050
3058;01210831152013832021;01;0;03;000;2021;08;17;3;3;3;6;0;0;0;1;0;1;0;0;611602.654899192973971;5969664.695313587784767;10.697096223000074;53.863454163000029
3059;01211121171013852021;01;0;60;089;2021;11;04;1;3;8;1;2;1;0;1;0;0;0;0;579445.865000011399388;5989048.898999786004424;10.213292238000065;54.043557957000075
3060;01210921105132402021;01;0;53;037;2021;09;05;3;3;3;6;2;0;0;1;0;0;1;0;612727.763122921809554;5934440.733164990320802;10.701379876000033;53.546746093000081
3061;01210804161013022022;01;0;62;001;2021;08;17;4;3;2;6;0;1;0;1;0;0;0;0;580757.565237374044955;5946898.979159390553832;10.222232019000046;53.664592002000063
3062;01210929181013572021;01;0;51;074;2021;09;07;4;3;5;3;0;0;1;1;0;0;0;0;506106.740359927527606;5993445.005918111652136;9.093361824000056;54.089153311000075
3063;01210728125013792021;01;0;01;000;2021;07;10;4;3;5;3;0;0;0;1;0;0;0;0;530688.004240488633513;6072448.833724599331617;9.477345970000044;54.798278019000065
3065;01211005125013282022;01;0;54;056;2021;10;10;3;3;0;7;0;0;1;0;0;0;0;0;503359.867522859014571;6036123.314693836495280;9.051846124000065;54.472749509000039
3066;01210706152013242021;01;0;03;000;2021;07;11;3;3;5;2;0;0;1;1;0;0;0;0;611244.807000047527254;5969076.711999727413058;10.691444066000031;53.858248406000030
3067;01210801145013082021;01;0;58;037;2021;08;12;1;3;5;2;0;0;1;1;0;0;0;0;573652.596000008285046;6031896.208999812602997;10.135358302000043;54.429435758000068
3068;01211017145013822021;01;0;58;124;2021;10;00;1;3;0;7;2;1;1;0;0;0;0;0;545711.286923358216882;6016423.567938122898340;9.702312655000071;54.293667669000058
3070;01211231145013522022;01;0;58;092;2021;12;18;6;3;5;2;2;1;0;1;0;0;0;1;571402.594000006094575;6022381.230999808758497;10.098395859000050;54.344258143000047
3071;01210703145013552021;01;0;58;005;2021;07;21;7;3;0;7;1;0;0;0;0;1;0;0;573833.043672568164766;6029783.444723265245557;10.137613429000055;54.410425317000033
3072;01211020181013062021;01;0;51;053;2021;10;08;4;2;8;1;0;0;0;1;0;0;0;0;515221.371679931879044;6016058.997891722247005;9.233852714000022;54.292209039000056
3073;01211216181013622021;01;0;61;012;2021;12;14;5;3;2;2;0;0;0;1;0;0;0;1;530219.614000000990927;5962426.087999777868390;9.458928351000054;53.809513778000053
3075;01211108161013462021;01;0;62;027;2021;11;08;2;3;2;6;0;1;0;1;0;0;0;0;588549.497122747823596;5952881.243750829249620;10.341834146000053;53.717086691000077
3076;01211025105132452021;01;0;62;061;2021;10;16;2;3;2;6;0;0;0;1;0;0;1;0;597631.980605585500598;5964411.445549540221691;10.483064732000059;53.819068567000045
3077;01210910181013022021;01;0;51;044;2021;09;12;6;3;5;3;0;1;1;0;0;0;0;1;506578.803793167695403;6005982.428309019654989;9.100852327000041;54.201829894000070
3078;01210824181013032021;01;0;61;114;2021;08;19;3;3;2;2;0;0;0;0;0;1;0;0;539808.032000000588596;5978749.997999785467982;9.606654698000057;53.955580938000082
3079;01210716125013922021;01;0;59;145;2021;07;15;6;3;3;6;0;0;1;0;0;0;0;0;538010.443518991582096;6074210.458809491246939;9.591470156000071;54.813606977000063
3080;01210828145013982021;01;0;58;104;2021;08;18;7;3;5;3;1;1;1;1;0;0;0;0;566374.955171998590231;6019131.997632123529911;10.020346028000063;54.315739584000028
3081;01210625105132742021;01;0;56;043;2021;06;17;6;3;2;6;0;0;0;1;0;0;0;0;556312.743564394302666;5943245.692853627726436;9.851662684000075;53.634962550000068
3082;01210722125013272021;01;0;59;148;2021;07;18;5;2;2;6;0;0;0;1;0;1;0;0;552838.121434280648828;6067397.863332279026508;9.820936104000054;54.751046762000044
3083;01211009181013652021;01;0;51;023;2021;10;07;7;3;9;6;2;1;0;1;0;1;0;0;520661.259999999776483;6012836.936999807134271;9.317204418000074;54.263060223000082
3084;01211220181013332021;01;0;51;074;2021;12;14;2;3;5;6;0;0;0;1;0;0;0;0;504488.168472720310092;5993169.973540320992470;9.068612518000066;54.086698035000040
3085;01211211152013832021;01;0;03;000;2021;12;09;7;3;5;2;0;1;1;0;0;0;0;1;609603.567240550182760;5969324.884568588808179;10.666589846000022;53.860827109000070
3086;01211129134013872021;01;0;02;000;2021;11;17;2;2;5;7;2;1;0;1;0;0;0;0;575989.501000008545816;6020090.050999807193875;10.168357266000044;54.323007922000045
3087;01211102134013292021;01;0;02;000;2021;11;17;3;3;5;3;1;0;0;1;0;0;0;1;573450.287352445535362;6017811.661533283069730;10.128764281000031;54.302906677000067
3088;01210903171013712021;01;0;56;050;2021;09;09;6;3;0;7;0;0;1;0;0;0;0;0;545788.478790123015642;5937783.600688511505723;9.691707239000038;53.586896568000043
3089;01210820181013972021;01;0;51;078;2021;08;06;6;3;5;3;0;0;1;1;0;0;0;0;508003.789778567850590;5993276.659889940172434;9.122360013000048;54.087614259000077
3090;01210615171013742021;01;0;60;049;2021;06;10;3;3;5;2;0;0;1;1;0;0;0;0;586014.881194310262799;5979264.705695951357484;10.310820618000037;53.954587722000042
3091;01210710171013632021;01;0;60;063;2021;07;13;7;2;5;2;0;0;0;1;0;0;0;0;567477.568000003695488;5955319.002999771386385;10.023117354000021;53.742144679000035
3092;01210809152013592021;01;0;03;000;2021;08;07;2;3;5;3;0;0;1;1;0;0;0;0;611421.741359718143940;5970903.760569147765636;10.694796535000023;53.874625010000045
3094;01210924105132352021;01;0;58;024;2021;09;14;6;3;2;6;0;1;0;0;0;0;0;1;546332.115334864705801;6021601.065334090963006;9.712653951000050;54.340140612000027
3095;01210722134013292021;01;0;02;000;2021;07;19;5;3;0;3;0;0;1;0;0;0;0;0;572534.933880817145109;6020863.920885659754276;10.115442013000063;54.330464272000029
3098;01211203171013412021;01;0;56;018;2021;12;16;6;3;5;2;2;1;1;1;0;0;0;0;555399.357682183384895;5943377.365690302103758;9.837873905000038;53.636243429000046
3099;01210907125013682021;01;0;54;168;2021;09;11;3;3;5;3;0;0;1;1;0;0;0;0;454574.236000001430511;6077593.447999842464924;8.292619793000028;54.843389442000046
3101;01211115145013122021;01;0;58;135;2021;11;09;2;2;2;6;0;0;0;1;0;0;1;0;541481.068277949467301;6018103.199403386563063;9.637557036000032;54.309123267000075
3102;01211028145013942021;01;0;58;135;2021;10;16;5;3;2;6;0;0;0;1;0;0;0;0;541791.669726920314133;6018016.266885824501514;9.642318432000025;54.308316692000062
3103;01210914161013122021;01;0;53;032;2021;09;18;3;3;0;7;0;0;0;0;0;1;0;0;592828.043304832652211;5922311.605930810794234;10.397557131000042;53.441648768000050
3104;01210830125013332021;01;0;59;177;2021;08;21;2;2;5;3;2;0;0;1;0;0;0;0;510235.608280847780406;6079042.093452304601669;9.159448943000029;54.858363585000063
3105;01211119161013722021;01;0;53;009;2021;11;17;6;3;5;2;2;0;0;1;0;1;0;0;609247.702729342505336;5954638.307739170268178;10.655974053000023;53.728951188000053
3106;01210816105132982021;01;0;60;027;2021;08;09;2;2;8;1;0;1;0;1;0;0;0;0;561772.932659907266498;5982270.203220332041383;9.942061181000042;53.985059854000042
3107;01210928171013202021;01;0;56;044;2021;09;05;3;3;5;2;2;1;0;1;0;0;0;0;556182.610162813216448;5939233.513404477387667;9.848971001000052;53.598917045000064
3108;01210726161013602021;01;0;53;018;2021;07;23;2;1;6;4;2;0;0;1;1;0;0;0;614220.049378442578018;5956046.486640140414238;10.731827804000034;53.740537610000047
3110;01211015152013072021;01;0;03;000;2021;10;14;6;3;5;3;0;1;1;1;0;0;0;0;612853.826747597195208;5966449.288326222449541;10.714931450000051;53.834296103000042
3112;01211227125013972021;01;0;59;006;2021;12;14;2;3;8;1;0;2;0;1;0;0;0;0;546316.781241023913026;6056888.513676539063454;9.717954861000067;54.657251547000044
3113;01210630171013772021;01;0;56;002;2021;06;18;4;3;5;2;0;1;0;0;0;1;0;1;550198.145000000484288;5958888.324999773874879;9.761731127000076;53.776173902000039
3114;01211215171013232021;01;0;60;004;2021;12;08;4;3;5;2;1;1;0;1;0;0;0;0;559639.596227213740349;5973538.861199202015996;9.907825963000050;53.906843036000055
3115;01211023161013602021;01;0;62;082;2021;10;19;7;3;0;7;1;1;0;1;0;1;0;0;592916.188000019639730;5940547.676999753341079;10.404293925000047;53.605501563000075
3116;01210910125013512021;01;0;01;000;2021;09;13;6;3;0;7;0;0;1;0;0;0;0;0;532008.522085544653237;6073165.313993118703365;9.497964674000059;54.804634056000054
3117;01210823181013552022;01;0;61;072;2021;08;09;2;3;0;6;0;0;0;1;0;0;0;1;533784.257843508385122;5972128.308367535471916;9.514127943000062;53.896495846000050
3118;01210619145013142021;01;0;58;076;2021;06;14;7;2;5;2;0;0;0;1;0;0;0;0;562738.908000003546476;6004262.797999801114202;9.961347710000041;54.182580630000075
3119;01210715171013482021;01;0;60;014;2021;07;16;5;3;8;1;0;0;0;0;0;1;0;0;571755.882000006735325;5975200.872999781742692;10.092614449000052;53.920242737000081
3120;01210623152013392021;01;0;03;000;2021;06;13;4;3;5;2;0;0;1;1;0;0;0;0;611386.001555843278766;5971029.538844071328640;10.694298860000060;53.875762696000038
3121;01210719161013982021;01;0;53;129;2021;07;16;2;3;6;4;0;0;0;1;1;0;0;0;582932.950188002549112;5927388.573358330875635;10.249964103000025;53.488923062000026
3122;01210813105132102021;01;0;53;059;2021;08;14;6;3;3;6;0;0;0;1;0;0;0;0;603931.167801770381629;5935818.148973742499948;10.569129348000047;53.560937135000074
3124;01210815181013062021;01;0;51;114;2021;08;18;1;3;0;7;0;0;0;1;0;0;0;0;518405.260392764583230;6007472.268834808841348;9.282240192000074;54.214931684000078
3125;01210629105132462021;01;0;60;027;2021;06;16;3;3;8;1;0;1;0;1;0;0;0;0;562349.414299057796597;5979019.991623744368553;9.950186688000031;53.955781872000045
3126;01211009125013032021;01;0;54;014;2021;10;15;7;3;8;7;0;0;0;1;0;0;0;0;496248.123305357061327;6053788.500669857487082;8.941879524000058;54.631505284000070
3127;01211219161013102021;01;0;62;004;2021;12;08;1;3;5;3;0;0;0;1;0;0;0;0;589970.271811834536493;5963304.760533988475800;10.366395107000073;53.810506508000060
3128;01211208152013982021;01;0;03;000;2021;12;14;4;3;5;2;0;0;1;1;0;0;0;0;611649.123701690696180;5969821.028919421136379;10.697859397000059;53.864848700000039
3129;01211126105132222021;01;0;58;169;2021;11;19;6;3;8;6;2;1;0;1;0;0;0;0;560417.635338866151869;5991975.892809689044952;9.923325688000034;54.072442277000050
3130;01211118134013952021;01;0;02;000;2021;11;18;5;3;6;2;2;1;0;1;1;0;0;0;570503.390318071469665;6023723.719038011506200;10.084883777000073;54.356446528000049
3131;01211031125013292021;01;0;01;000;2021;10;01;1;3;0;7;2;1;0;0;0;0;0;1;530170.061533952131867;6071990.471745625138283;9.469242064000071;54.794190404000062
3132;01210901171013982021;01;0;60;047;2021;09;17;4;2;6;4;0;0;0;1;1;0;0;0;566358.928357151336968;5962703.757157837972045;10.007747688000052;53.808654048000051
3133;01211105161013402021;01;0;62;001;2021;11;00;6;3;3;6;2;1;0;1;0;0;0;0;582460.232010086067021;5947026.444854237139225;10.248028363000060;53.665471703000037
3134;01211104145013162021;01;0;58;034;2021;11;12;5;3;2;6;0;0;0;1;0;0;0;0;544355.660453076474369;6018952.623327340930700;9.681861873000059;54.316515309000067
3135;01210807152013812021;01;0;03;000;2021;08;17;7;3;0;7;0;1;1;0;0;0;0;0;610860.044267908670008;5967893.081753829494119;10.685169311000038;53.847696671000051
3136;01211003152013692021;01;0;03;000;2021;10;19;1;2;0;3;2;0;1;1;0;0;0;0;610057.945940583012998;5970052.047842128202319;10.673756528000069;53.867264030000058
3137;01210731145013292021;01;0;58;137;2021;07;23;7;3;0;7;2;0;1;0;0;0;0;0;553190.972390394657850;6043621.565535960718989;9.822095016000048;54.537355224000066
3139;01211007134013562021;01;0;02;000;2021;10;07;5;3;1;5;2;0;0;1;0;0;0;1;574091.391772311180830;6014815.837337294593453;10.137872120000054;54.275894494000056
3140;01210804105132452021;01;0;62;048;2021;08;07;4;2;8;7;0;0;0;1;0;0;0;0;603045.865224880166352;5973448.608842048794031;10.568304590000025;53.899220665000030
3141;01211019152013512021;01;0;03;000;2021;10;21;3;3;0;5;2;1;0;1;0;1;0;0;608408.653161282651126;5970355.320033418014646;10.648792863000040;53.870335831000034
3144;01210629134013312021;01;0;02;000;2021;06;13;3;3;6;3;0;0;1;0;1;0;0;0;573705.457601992413402;6019536.914915151894093;10.133110649000059;54.318372520000082
3145;01210906125013142021;01;0;01;000;2021;09;07;2;3;0;7;0;0;1;1;0;0;0;0;529238.033274024724960;6072707.405349103733897;9.454818851000027;54.800688267000055
3147;01211111171013612021;01;0;56;050;2021;11;17;5;3;5;2;2;1;0;1;0;1;0;0;547250.924705948680639;5937296.172972772270441;9.713724127000035;53.582385894000026
3148;01211025152013272021;01;0;03;000;2021;10;14;2;3;3;6;0;0;0;1;0;0;0;0;609948.262579296715558;5970338.664420068264008;10.672191979000047;53.869862320000038
3149;01210914125013252022;01;0;59;187;2021;09;12;3;2;5;3;0;0;0;1;0;0;0;0;553266.194000001065433;6052425.180999826639891;9.824853649000033;54.616457680000053
3150;01210908171013582021;01;0;57;015;2021;09;09;4;3;0;1;0;0;1;0;0;0;0;0;588050.966705573722720;5996262.802452359348536;10.346767513000032;54.106979848000037
3151;01210827152013982021;01;0;03;000;2021;08;07;6;3;5;3;0;1;0;1;0;0;0;1;611959.287473710253835;5969631.530087821185589;10.702504655000041;53.863079412000047
3152;01210818152013972021;01;0;55;037;2021;08;07;4;3;2;6;0;0;0;1;0;0;0;0;620448.285000070929527;5998353.822999693453312;10.842883035000057;54.119200547000048
3153;01210626171013592021;01;0;60;047;2021;06;09;7;3;0;7;0;0;1;0;0;0;0;0;567841.945768774487078;5963131.017700091004372;10.030359458000021;53.812302415000033
3154;01210709125013482022;01;0;54;146;2021;07;09;6;3;1;7;0;0;0;1;0;0;0;1;501956.624787265434861;6054155.453710786998272;9.030312614000024;54.634813231000066
3155;01210726152013512021;01;0;55;035;2021;07;15;2;3;2;6;0;0;0;1;0;0;0;1;612145.087092233821750;5983933.373691042885184;10.710575646000052;53.991527507000058
3157;01211013125013442021;01;0;59;053;2021;10;16;4;3;5;3;0;0;0;1;0;0;0;0;533012.644155400805175;6029429.741740832105279;9.508661190000055;54.411532776000058
3158;01211223134013602021;01;0;57;006;2021;12;16;5;3;8;1;1;2;0;1;0;0;0;0;592980.193192425183952;6024517.153255958110094;10.430892443000062;54.359971826000049
3159;01211215125013762021;01;0;54;084;2021;12;11;4;2;5;3;0;0;0;1;0;0;0;0;507857.586007007397711;6036941.100571081042290;9.121272043000033;54.480049408000070
3160;01211202125013312021;01;0;01;000;2021;12;14;5;3;5;3;0;0;1;1;0;0;0;0;524136.250562999397516;6069962.621908176690340;9.375230550000026;54.776293605000035
3161;01210822161013572021;01;0;62;018;2021;08;17;1;3;5;2;0;1;0;1;0;0;0;1;581413.123563964851201;5932139.277926513925195;10.228297096000063;53.531853030000036
3162;01210618145013752021;01;0;04;000;2021;06;09;6;3;5;3;0;0;0;1;0;0;0;0;565642.729000004939735;5995067.437999792397022;10.003834962000042;54.099584879000076
3163;01210713145013332021;01;0;58;034;2021;07;21;3;3;3;6;1;0;1;0;0;0;0;0;543742.036999999545515;6018657.636999808251858;9.672386385000038;54.313917258000060
3164;01210622145013792021;01;0;58;135;2021;06;16;3;3;5;3;0;0;1;1;0;0;0;0;541146.588518682867289;6020543.650364901870489;9.632752959000072;54.331082384000069
3165;01210812145013482021;01;0;58;053;2021;08;13;5;3;5;3;0;0;0;1;0;0;0;0;569525.323374926112592;6010458.407095218077302;10.066750610000042;54.237379972000042
3167;01210814152013012021;01;0;55;004;2021;08;08;7;2;9;7;0;0;0;1;0;0;0;0;608534.163811522535980;5976427.471368473023176;10.652853027000049;53.924863833000074
3168;01210927152013202021;01;0;03;000;2021;09;21;2;3;2;6;1;0;0;1;0;0;0;0;610027.211672908626497;5970116.328038297593594;10.673312397000075;53.867848057000060
3169;01211206152013592021;01;0;03;000;2021;12;13;2;3;5;3;0;0;1;1;0;0;0;0;609951.513242116197944;5970350.607192035764456;10.672245676000045;53.869968928000048
3170;01211124125013242021;01;0;59;183;2021;11;13;4;3;5;3;0;0;1;1;0;0;0;0;521133.404789099469781;6070250.005119252949953;9.328569109000057;54.779011595000043
3171;01211116152013802021;01;0;03;000;2021;11;16;3;3;5;3;1;0;1;1;0;0;0;0;610031.495613984763622;5970091.650004496797919;10.673368666000044;53.867625434000047
3172;01211030125013352021;01;0;59;186;2021;10;12;7;3;5;3;0;0;0;1;0;0;0;0;548641.069282346405089;6067930.958600556477904;9.755823089000046;54.756260960000077
3173;01210917152013092021;01;0;03;000;2021;09;15;6;3;5;5;0;0;0;1;0;0;0;1;612524.279179370962083;5970546.875668236985803;10.711427697000033;53.871180819000074
3174;01210901125013112021;01;0;59;075;2021;09;10;4;3;2;6;0;0;0;1;0;0;0;0;536483.193249545060098;6041514.465048335492611;9.563623471000028;54.519898563000027
3175;01211121145013802021;01;0;58;135;2021;11;14;1;3;5;2;0;1;1;1;0;0;0;0;543173.543640600517392;6016558.812397060915828;9.663345032000052;54.295103805000053
3176;01210922145013712021;01;0;58;126;2021;09;11;4;3;5;3;0;0;1;1;0;0;0;0;568200.218064781278372;6021923.093304250389338;10.049037795000061;54.340579606000063
3177;01210806134013922021;01;0;02;000;2021;08;16;6;2;6;4;0;0;1;0;1;0;0;0;573701.777618854306638;6021669.904777636751533;10.133581083000024;54.337539384000081
3178;01210930181013502021;01;0;51;034;2021;09;09;5;3;3;2;0;1;0;1;0;0;0;1;494488.692335366271436;5981553.934164850041270;8.915957163000030;53.982284814000081
3179;01210729171013522021;01;0;56;015;2021;07;16;5;3;5;3;0;0;0;1;0;0;0;1;545550.404338864609599;5955757.000678963959217;9.690747950000059;53.748458036000045
3181;01211005145013412021;01;0;58;072;2021;10;07;3;3;5;2;2;1;1;1;0;0;0;0;527170.862236296758056;5997684.817444656044245;9.415772260000040;54.126577934000068
3182;01210802134013552021;01;0;02;000;2021;08;21;2;3;5;2;1;0;1;1;0;0;0;0;572546.755647434853017;6022003.357360750436783;10.115901007000048;54.340701235000040
3183;01211018125013852021;01;0;54;019;2021;10;17;2;3;5;3;0;0;1;1;0;0;0;0;498782.280870925635099;6051553.603257190436125;8.981145547000040;54.611432771000068
3186;01210704134013332021;01;0;57;009;2021;07;19;1;3;9;1;0;0;0;1;0;0;0;0;598468.061667126603425;5999408.278506470844150;10.507067847000030;54.133352729000080
3187;01211022152013652021;01;0;55;040;2021;10;16;6;3;9;6;0;0;0;1;0;0;1;0;606589.219399308785796;5975611.668865794315934;10.622962567000059;53.917938204000052
3188;01211218161013952022;01;0;62;022;2021;12;17;7;3;8;1;2;0;0;1;0;0;0;1;587049.797599783167243;5941260.592990092933178;10.315857647000030;53.612915314000077
3189;01210905145013502021;01;0;58;150;2021;09;15;1;3;8;6;0;0;0;0;0;1;0;0;570198.782446163706481;6033647.713753091171384;10.082543335000025;54.445662731000027
3191;01211111171013002021;01;0;60;044;2021;11;10;5;3;5;3;0;1;0;1;0;0;0;0;557956.221949437633157;5963018.965398900210857;9.880218664000040;53.812491030000047
3192;01211025145013192021;01;0;04;000;2021;10;08;2;3;5;2;0;0;1;0;0;0;0;1;564323.385681829415262;5992485.068001676350832;9.983113582000044;54.076545104000047
3193;01210911125013242021;01;0;01;000;2021;09;04;7;3;5;3;2;1;0;1;0;0;0;0;526670.237487723119557;6070070.399247052147985;9.414633605000063;54.777133924000054
3194;01210826145013442021;01;0;58;168;2021;08;17;5;2;5;3;0;0;1;1;0;0;0;0;555997.185000001452863;6007379.967999804764986;9.858638449000068;54.211373502000072
3195;01210717134013802021;01;0;02;000;2021;07;12;7;3;5;3;0;0;1;1;0;0;0;0;575110.807510876096785;6017364.599184811115265;10.154164661000038;54.298648084000035
3196;01210817171013162021;01;0;56;028;2021;08;11;3;3;0;1;0;1;1;0;0;0;0;0;544658.286583243869245;5941777.483662620186806;9.675207528000044;53.622890622000057
3197;01210626145013062021;01;0;04;000;2021;06;10;7;3;5;3;0;0;1;1;0;0;0;0;565457.031755643896759;5991804.221895448863506;10.000290146000054;54.070283907000032
3198;01210707171013702021;01;0;56;039;2021;07;07;4;3;5;2;0;0;1;1;0;0;0;0;553400.445061405189335;5945860.619197612628341;9.808071799000061;53.658769563000078
3201;01211012152013332021;01;0;03;000;2021;10;06;3;3;5;2;2;0;1;1;0;0;0;0;611240.572486335411668;5969080.794386792927980;10.691381192000051;53.858285990000070
3202;01211223105132702022;01;0;60;054;2021;12;18;5;3;8;1;2;2;0;1;0;0;0;0;562227.787547457963228;5970519.705407971516252;9.946603862000075;53.879406046000042