OBJECTID;UIDENTSTLAE;ULAND;UREGBEZ;UKREIS;UGEMEINDE;UJAHR;UMONAT;USTUNDE;UWOCHENTAG;UKATEGORIE;UART;UTYP1;ULICHTVERH;USTRZUSTAND;IstRad;IstPKW;IstFuss;IstKrad;IstGkfz;IstSonstige;LINREFX;LINREFY;XGCSWGS84;YGCSWGS84
3203;01211212171013342021;01;0;56;015;2021;12;16;1;3;5;3;2;1;1;1;0;0;0;0;545636.928552651777864;5955735.532504638656974;9.692056768000043;53.748257520000038
3204;01211130145013462021;01;0;58;169;2021;11;06;3;3;2;6;1;1;0;1;0;0;0;0;558256.702105176635087;5991516.733076035976410;9.890217676000077;54.068564838000043
3205;01211103125013442021;01;0;59;183;2021;11;17;4;3;2;6;1;0;1;0;0;0;0;0;528041.452964157797396;6067373.157237177714705;9.435690335000061;54.752820407000058
3206;01210903171013322021;01;0;56;005;2021;09;14;6;3;4;6;0;0;0;1;0;0;0;0;561207.323000003583729;5946502.458999766036868;9.926318439000056;53.663682535000078
3207;01210821161013902021;01;0;62;018;2021;08;17;7;3;0;7;0;0;1;0;0;0;0;0;579963.558926172554493;5933010.497007623314857;10.206655186000035;53.539904962000037
3208;01210617105132012021;01;0;55;004;2021;06;16;5;3;8;1;0;0;0;0;0;1;0;0;613327.769656343385577;5976024.606708081439137;10.725669188000040;53.920217923000052
3209;01210712125013932021;01;0;54;070;2021;07;18;2;3;8;1;0;0;0;1;0;0;0;0;506540.541839737445116;6027098.708120582625270;9.100727908000067;54.391612056000042
3210;01210619181013172021;01;0;61;046;2021;06;10;7;3;0;7;0;0;1;0;0;0;0;0;533492.851681961677969;5975755.724973719567060;9.510090670000068;53.929116857000054
3211;01210810125013822021;01;0;59;065;2021;08;16;3;2;5;3;0;0;0;1;0;1;0;0;549257.765698064118624;6052750.172211559489369;9.762842117000048;54.619785016000037
3213;01210813152013962022;01;0;55;021;2021;08;16;6;3;6;6;0;0;0;0;1;0;0;1;628433.555000092834234;6026978.032999625429511;10.977243866000038;54.374377712000069
3214;01210926171013572021;01;0;60;054;2021;09;13;1;2;8;1;0;0;0;0;0;1;0;0;559979.243702367879450;5971368.359006240963936;9.912570165000034;53.887297688000046
3215;01210723181013762021;01;0;61;046;2021;07;20;6;3;5;3;0;0;1;1;0;0;0;0;533855.958200952969491;5973758.472791628912091;9.515399342000023;53.911142595000058
3218;01211204125013972022;01;0;54;045;2021;12;13;7;3;9;1;0;1;0;0;0;0;0;1;505792.197366205975413;6056288.932502489537001;9.089776630000074;54.653957230000060
3219;01210908105132972021;01;0;60;070;2021;09;07;4;3;8;1;0;0;0;0;0;0;0;1;583635.734247784130275;5978818.208821447566152;10.274451370000065;53.950965665000069
3220;01211123105132432021;01;0;55;021;2021;11;10;3;3;1;7;0;0;0;0;0;0;1;0;630438.543726183474064;6025704.735115071758628;11.007531891000042;54.362431853000032
3221;01211114105132332021;01;0;62;071;2021;11;13;1;3;8;6;0;0;0;0;0;0;0;1;581496.436241113580763;5940913.504163721576333;10.231843470000058;53.610689599000068
3222;01211028161013042021;01;0;62;023;2021;10;12;5;2;5;2;0;0;1;1;0;0;0;0;584812.749000012874603;5946755.278999762609601;10.283549756000070;53.662658660000034
3223;01210915145013782021;01;0;04;000;2021;09;07;4;3;5;3;0;1;0;1;0;0;0;0;564204.000988487154245;5991158.787267362698913;9.981008191000058;54.064641387000052
3224;01210830125013102021;01;0;59;075;2021;08;13;2;3;0;7;0;0;1;0;0;0;0;0;535389.438549913465977;6040904.640428261831403;9.546653890000073;54.514495793000037
3225;01211119152013182021;01;0;03;000;2021;11;19;6;3;2;6;1;1;0;1;0;0;0;0;613389.586717819795012;5969582.053377345204353;10.724225381000053;53.862324482000076
3226;01210920145013632021;01;0;58;001;2021;09;19;2;3;2;6;0;0;0;1;0;1;0;0;563590.668530034832656;6018537.842074636369944;9.977425206000021;54.310754773000042
3228;01210805125013832021;01;0;54;116;2021;08;18;5;3;8;1;0;0;0;1;0;0;0;0;512526.089923398569226;6028931.822722893208265;9.192985485000065;54.407974675000048
3229;01210929181013522021;01;0;61;040;2021;09;13;4;3;2;6;0;0;0;1;0;1;0;0;534683.816913207061589;5982088.746269250288606;9.528948006000064;53.985957112000051
3230;01210728181013002021;01;0;61;054;2021;07;13;4;3;2;6;0;0;0;1;0;0;0;0;530363.427549583837390;5964325.719905147328973;9.461299759000042;53.826579104000075
3232;01211004134013102021;01;0;02;000;2021;10;17;2;2;5;2;0;0;0;1;0;0;0;1;572438.030000006780028;6020968.783999808132648;10.113977606000049;54.331420307000030
3233;01210706125013362021;01;0;59;155;2021;07;18;3;2;8;1;0;0;0;0;0;1;0;0;558352.907000000588596;6062793.088999835774302;9.905683698000075;54.709059506000074
3234;01210801125013722021;01;0;59;093;2021;08;21;1;3;8;6;1;0;0;1;0;0;0;1;537973.141404788009822;6054832.080078052356839;9.588361815000042;54.639468861000069
3235;01211015171013072021;01;0;60;063;2021;10;08;6;3;5;3;0;1;0;1;0;0;0;0;564336.937751928344369;5946732.905428513884544;9.973722781000049;53.665377880000051
3237;01211230125013202022;01;0;01;000;2021;12;12;5;3;2;6;0;1;0;1;0;0;0;1;525377.927515231072903;6069859.521168509498239;9.394524579000063;54.775305853000077
3238;01210703161013132021;01;0;62;060;2021;07;01;7;3;8;7;2;0;0;1;0;0;0;0;587252.543513154610991;5935945.943341162055731;10.317435045000025;53.565123312000082
3239;01211021105132252021;01;0;53;056;2021;10;09;5;3;8;1;0;1;0;1;0;0;0;0;610508.938245221041143;5934931.599915301427245;10.668080757000041;53.551628032000053
3240;01211217145013592021;01;0;58;135;2021;12;13;6;3;5;3;0;0;1;1;0;0;0;0;542165.927131912671030;6017961.522727422416210;9.648062459000073;54.307793951000065
3241;01211108134013962021;01;0;02;000;2021;11;13;2;3;0;1;0;1;0;0;0;0;0;1;572589.295453613623977;6019428.474690034985542;10.115928592000046;54.317558019000046
3242;01211023134013402021;01;0;02;000;2021;10;17;7;3;5;2;0;0;1;1;0;0;0;0;571831.703024673275650;6023134.591309363022447;10.105177173000072;54.350967380000043
3243;01210909152013882021;01;0;55;033;2021;09;07;5;3;1;5;0;0;0;1;0;0;0;0;625059.551032004877925;6017592.129085784777999;10.921397949000038;54.290909508000027
3244;01210824181013702021;01;0;61;046;2021;08;06;3;3;8;1;1;0;0;0;0;0;0;1;535320.465776331722736;5976249.742940399795771;9.537980719000075;53.933435476000056
3245;01210715152013342021;01;0;03;000;2021;07;18;5;3;5;3;0;0;1;1;0;0;0;0;610126.740090806968510;5970726.278375726193190;10.675044326000034;53.873306907000028
3246;01210829125013762021;01;0;54;056;2021;08;00;1;3;9;1;2;1;1;0;0;0;0;0;503158.723256501369178;6036148.889487709850073;9.048742540000035;54.472980647000043
3247;01210624152013432021;01;0;55;028;2021;06;11;5;3;0;7;0;0;1;0;0;0;0;0;601355.780953452922404;6009289.063724977895617;10.554573551000033;54.221563867000043
3248;01210719181013212021;01;0;61;001;2021;07;20;2;3;8;1;0;0;0;0;0;1;0;0;529352.171825400553644;5991663.706670790910721;9.448565576000021;54.072343344000046
3250;01210629171013952021;01;0;56;015;2021;06;17;3;3;5;2;0;1;0;1;0;0;0;0;544962.133092775940895;5955882.845624472945929;9.681846140000061;53.749640160000069
3251;01211010105132072021;01;0;62;089;2021;10;00;1;3;2;6;2;0;0;1;0;0;0;0;589369.776335065253079;5955128.329075824469328;10.354909540000051;53.737138761000040
3252;01211221145013242021;01;0;58;043;2021;12;09;3;3;5;3;0;1;1;1;0;0;0;0;554272.867356029339135;6035250.757449399679899;9.837275241000043;54.462018640000053
3253;01211210161013682021;01;0;62;004;2021;12;11;6;3;2;1;0;0;0;1;0;0;1;0;588394.450904758647084;5962021.446872130036354;10.342101737000064;53.799245182000050
3254;01211128125013742021;01;0;01;000;2021;11;01;1;3;8;1;2;1;0;1;1;0;0;0;528982.795252454467118;6070632.812365058809519;9.450641190000056;54.782059847000028
3255;01211102105132502021;01;0;55;015;2021;11;22;3;3;7;7;2;0;0;1;0;0;0;0;626046.403087994083762;6022772.008852846920490;10.938736926000047;54.337194340000053
3256;01210902152013312021;01;0;03;000;2021;09;16;5;3;5;2;0;0;1;1;0;0;0;0;609183.613728254102170;5970157.824144622310996;10.660503546000029;53.868399011000065
3257;01210820152013662021;01;0;03;000;2021;08;09;6;3;5;2;0;0;1;1;0;0;0;0;608273.716704696416855;5969164.849497215822339;10.646321447000048;53.859668328000055
3258;01210616134013092021;01;0;57;073;2021;06;10;4;3;6;2;0;0;0;0;1;0;1;0;589175.875726653262973;6027714.643215283751488;10.373324565000075;54.389380228000050
3259;01210712105132672021;01;0;51;138;2021;07;10;2;3;8;7;0;0;0;1;0;0;0;0;516964.059101171791553;5996550.943160401657224;9.259524983000063;54.116825180000035
3260;01210809125013592021;01;0;59;092;2021;08;07;2;3;2;6;0;1;0;1;0;0;1;0;520939.999049264006317;6040921.681933531537652;9.323462678000055;54.515451842000061
3262;01210924145013552021;01;0;04;000;2021;09;14;6;3;0;7;0;1;1;0;0;0;0;0;563252.530242516659200;5992302.479442356154323;9.966711179000072;54.075036883000053
3263;01210722152013902021;01;0;55;004;2021;07;15;5;3;2;6;0;0;0;1;0;0;0;0;611044.601665553636849;5974267.392461510375142;10.690281909000021;53.904925298000080
3266;01211203171013482021;01;0;60;085;2021;12;10;6;3;5;3;0;1;0;1;0;0;0;1;581822.163000009953976;5962590.295999772846699;10.242492042000038;53.805431943000031
3267;01210905171013702021;01;0;60;053;2021;09;12;1;3;0;2;0;0;0;1;0;1;0;0;582530.793000010773540;5969801.403999777510762;10.255186495000032;53.870119066000029
3269;01211112125013082021;01;0;59;185;2021;11;18;6;3;5;2;2;1;0;1;0;1;0;0;538959.593412263318896;6059904.865708192810416;9.604321380000044;54.684979864000070
3270;01211028125013432021;01;0;54;086;2021;10;16;5;2;4;6;0;0;0;1;0;0;0;0;487776.007931024767458;6079533.369846923276782;8.809555653000075;54.862733866000042
3271;01210915125013762021;01;0;01;000;2021;09;14;4;3;5;2;0;1;1;0;0;0;0;1;529267.990981891751289;6072850.322808364406228;9.455299285000024;54.801970838000045
3272;01210909134013302021;01;0;02;000;2021;09;06;5;3;2;6;1;0;0;1;0;0;0;0;572995.386785591952503;6017943.697126891463995;10.121807240000066;54.304158318000077
3273;01210819145013512021;01;0;58;034;2021;08;07;5;3;5;2;0;0;1;1;0;0;0;0;543165.917000002227724;6018216.852999811992049;9.663467421000064;54.310005028000035
3274;01210928134013292021;01;0;02;000;2021;09;13;3;2;6;4;0;0;0;0;1;0;0;1;573472.733714982867241;6024214.488174853846431;10.130686539000067;54.360437138000066
3275;01210726171013112022;01;0;60;063;2021;07;16;2;3;3;6;0;0;0;1;0;0;1;0;565800.628416933119297;5948574.583329204469919;9.996262162000050;53.681746978000035
3277;01211014181013692021;01;0;51;129;2021;10;16;5;2;2;6;0;0;0;1;0;0;0;0;489941.137993015348911;6012802.379227595403790;8.845570303000045;54.263067980000073
3279;01211225152013272021;01;0;55;004;2021;12;11;7;2;6;4;0;1;0;1;1;0;0;0;611847.266988276503980;5976716.806720478460193;10.703389493000032;53.926758438000036
3280;01210701181013322021;01;0;61;042;2021;07;13;5;3;5;3;0;0;0;0;0;0;0;1;538437.277676079422235;5984004.355897419154644;9.586429161000069;54.002908022000042
3281;01211216125013942021;01;0;59;044;2021;12;17;5;3;5;3;1;1;0;1;0;0;0;0;525947.300258873961866;6045576.705667518079281;9.401219276000063;54.557054440000059
3282;01211204125013862021;01;0;54;165;2021;12;21;7;3;5;3;2;1;0;1;0;0;0;0;488014.074999999254942;6069991.806999836117029;8.813659760000064;54.776993016000063
3283;01210922152013712021;01;0;03;000;2021;09;15;4;3;5;2;0;0;1;0;0;0;0;1;610102.183000045828521;5969934.354999734088778;10.674386730000037;53.866197263000061
3284;01210823161013752021;01;0;53;090;2021;08;16;2;3;5;2;0;0;1;1;0;0;0;0;611114.683726865798235;5942292.958868671208620;10.679841074000024;53.617639673000042
3285;01210618181013912021;01;0;51;046;2021;06;15;6;3;0;7;0;0;1;0;0;0;0;0;500520.572342909872532;5979771.283931281417608;9.007935253000028;53.966291555000055
3286;01210713161013162021;01;0;62;009;2021;07;13;3;2;5;3;0;0;0;1;0;0;0;0;579304.077000009827316;5936976.188999759033322;10.197712198000033;53.575643115000048
3287;01210623181013162021;01;0;51;044;2021;06;16;4;3;2;6;0;1;0;1;0;0;0;0;506910.227549374103546;6005363.047018904238939;9.105918770000073;54.196258781000040
3288;01210811152013672021;01;0;03;000;2021;08;14;4;2;5;3;0;0;1;1;0;0;0;0;609965.318330463021994;5970401.326393414288759;10.672473721000074;53.870421679000060
3290;01210814171013952021;01;0;60;039;2021;08;12;7;3;5;3;0;0;0;1;0;0;0;0;565786.630000004544854;5960588.824999773874879;9.998606356000039;53.789720163000027
3291;01211009105132532021;01;0;62;086;2021;10;00;7;3;8;7;2;0;0;1;0;0;0;0;587402.083024090155959;5936171.444503759965301;10.319755391000058;53.567124823000029
3292;01211220152013782021;01;0;55;041;2021;12;21;2;3;9;1;2;2;0;1;0;0;0;0;613696.510382950305939;5996289.013396568596363;10.738857058000065;54.102188028000057
3293;01211208105132632021;01;0;56;015;2021;12;11;4;3;8;1;0;1;0;1;0;0;0;0;547001.635000000707805;5955472.092999776825309;9.712709918000030;53.745768565000049
3294;01211125161013542022;01;0;53;129;2021;11;14;5;3;0;7;0;1;1;0;0;0;0;0;583578.405302703380585;5928306.576156336814165;10.259934351000027;53.497070583000038
3295;01211117152013172021;01;0;55;004;2021;11;12;4;3;0;7;0;1;0;1;0;1;0;0;609940.397785520181060;5974328.104145018383861;10.673503856000025;53.905706120000048
3296;01211031105132992021;01;0;62;062;2021;10;07;1;3;2;6;0;0;0;1;0;0;0;0;595062.555082471109927;5962136.556407814845443;10.443345613000076;53.799104004000071
3297;01210919105132622021;01;0;62;004;2021;09;16;1;3;2;6;0;0;0;1;0;0;0;0;594105.566379193216562;5961284.304492823779583;10.428560245000028;53.791620111000043
3298;01210901161013442021;01;0;62;009;2021;09;14;4;3;8;7;0;0;0;0;0;1;0;0;576980.426027036271989;5935470.746172981336713;10.162255613000070;53.562460271000077
3299;01211106152013052021;01;0;55;040;2021;11;18;7;3;5;2;2;0;1;1;0;0;0;0;609671.983202084898949;5974193.640306409448385;10.669371806000072;53.904554927000049
3300;01211105125013992022;01;0;59;171;2021;11;11;6;3;2;6;0;0;0;1;0;0;0;0;526446.202862158417702;6058029.947844713926315;9.410057046000077;54.668943020000029
3301;01210922181013012021;01;0;51;032;2021;09;14;4;3;8;1;0;0;0;0;0;1;0;0;512288.883578751236200;5986898.749106550589204;9.187610690000042;54.030206551000049
3302;01210808171013022021;01;0;60;049;2021;08;13;1;3;2;6;0;1;0;1;0;0;0;0;586500.124956907704473;5979831.798145771026611;10.318374092000056;53.959602491000055
3303;01211003105132452021;01;0;04;000;2021;10;13;1;3;3;1;0;0;0;1;0;0;0;0;562342.588995884172618;5997652.016240987926722;9.953908905000048;54.123221550000039
3304;01210730161013872021;01;0;62;069;2021;07;00;6;3;8;7;2;0;0;1;0;0;0;0;584408.918761654756963;5942435.232005065307021;10.276267176000033;53.623903103000032
3306;01211008161013202021;01;0;53;030;2021;10;17;6;3;5;3;0;0;0;1;0;0;0;0;614227.826384660787880;5948894.823194002732635;10.729308256000024;53.676283549000061
3307;01210803152013122021;01;0;55;016;2021;08;11;3;3;0;7;0;0;1;0;0;0;0;0;626063.022809088230133;6002582.226497447118163;10.930503163000026;54.155837143000042
3308;01211019152013212021;01;0;03;000;2021;10;14;3;3;2;6;0;1;0;1;0;0;0;0;610008.842360546812415;5966827.787991818040609;10.671854956000061;53.838306699000043
3311;01210704125013002021;01;0;54;076;2021;07;02;1;3;8;1;2;0;0;1;0;0;0;0;498443.085438572801650;6069374.549315754324198;8.975798532000056;54.771586546000037
3312;01211009105132902021;01;0;60;070;2021;10;11;7;2;2;6;0;0;0;1;0;1;0;0;583821.945329768583179;5977322.672703957185149;10.276877558000024;53.937496996000050
3313;01210904125013442021;01;0;59;045;2021;09;17;7;3;5;3;0;0;0;1;0;1;0;0;560180.466946456581354;6058682.213942136615515;9.933196787000043;54.671905247000041
3315;01211111152013232021;01;0;03;000;2021;11;14;5;3;5;2;0;1;1;1;0;0;0;0;609620.385378901846707;5970376.484449842944741;10.667221174000076;53.870271461000073
3316;01211026161013422021;01;0;53;037;2021;10;06;3;3;0;7;2;1;0;1;0;0;0;0;611144.866088301874697;5939153.118174243718386;10.679177575000040;53.589422901000034
3317;01210913152013022021;01;0;55;036;2021;09;15;2;3;8;1;0;0;0;1;0;0;0;0;627021.019225616939366;6009143.685416800901294;10.947933883000076;54.214539098000046
3318;01210827134013022021;01;0;02;000;2021;08;05;6;3;5;2;2;1;0;1;0;0;0;1;575863.515783780254424;6017206.227965408936143;10.165688058000057;54.297113812000077
3319;01210718171013642021;01;0;60;007;2021;07;16;1;3;2;6;0;0;0;1;0;0;0;0;574129.212227583862841;5975060.087766259908676;10.128711004000024;53.918643421000070
3320;01210819125013342021;01;0;59;097;2021;08;07;5;3;9;1;0;1;0;1;0;0;0;0;542285.186365822330117;6048161.756831865757704;9.654206732000034;54.579183608000051
3321;01210625152013362021;01;0;55;046;2021;06;11;6;3;4;6;0;0;1;0;0;0;0;0;641680.981790427118540;6034933.307171300053596;11.184829094000065;54.442311322000080
3322;01210708125013012021;01;0;54;056;2021;07;10;5;3;5;3;0;0;1;1;0;0;0;0;502983.827945614233613;6037647.650150388479233;9.046058848000030;54.486451358000068
3323;01210726152013502021;01;0;03;000;2021;07;18;2;3;2;6;0;0;0;1;0;0;0;0;607328.044571164995432;5968149.349781395867467;10.631593773000077;53.850740931000075
3325;01211014152013502021;01;0;55;017;2021;10;19;5;2;0;2;2;0;0;0;0;1;0;0;633404.187912254594266;6025925.684112684801221;11.053241953000054;54.363648887000068
3326;01211223145013312021;01;0;58;007;2021;12;15;5;3;4;6;1;2;0;1;0;0;0;0;554719.671658140607178;5986868.082122102379799;9.835336714000050;54.027175724000074
3327;01211214152013302021;01;0;03;000;2021;12;19;3;3;5;3;2;1;0;1;0;0;0;0;610217.434000047855079;5970879.731999734416604;10.676478296000028;53.874666320000074
3328;01211202105132222021;01;0;62;089;2021;12;07;5;3;8;1;2;2;0;1;0;0;0;0;589817.176155490800738;5955977.150268578901887;10.361936964000051;53.744689209000057
3329;01210823125013332021;01;0;01;000;2021;08;17;2;3;5;2;0;0;0;1;0;1;0;0;532004.815000000409782;6073164.013999838382006;9.497906861000047;54.804622610000081
3330;01210618152013482021;01;0;55;037;2021;06;18;6;3;0;7;0;0;1;0;0;0;0;0;620481.207012300379574;5998396.597042419016361;10.843403517000070;54.119577079000067
3331;01210712125013472022;01;0;59;185;2021;07;14;2;3;5;3;0;0;0;1;0;0;0;1;536788.101398918777704;6055197.262811327353120;9.570047555000031;54.642838375000053
3332;01210622125013242021;01;0;59;186;2021;06;14;3;3;6;6;0;0;1;0;1;0;0;0;549223.239260149188340;6067735.119325036183000;9.764835238000046;54.754444450000051
3333;01210811125013482021;01;0;59;045;2021;08;15;4;3;8;1;0;0;1;0;0;0;0;0;560538.480006074532866;6059948.280086234211922;9.939010046000021;54.683238852000045
3335;01210813161013732021;01;0;62;060;2021;08;09;6;2;0;7;0;0;1;0;0;0;0;0;582935.996293781325221;5932052.106435226276517;10.251243943000077;53.530831487000057
3336;01210926152013682021;01;0;03;000;2021;09;11;1;3;5;3;0;0;0;1;0;0;0;0;614960.695157399401069;5973438.766259765252471;10.749550057000022;53.896627319000061
3337;01211207134013232021;01;0;02;000;2021;12;10;3;3;6;4;0;0;0;1;1;0;0;0;573425.574526139535010;6019818.291160352528095;10.128878017000034;54.320941209000068
3338;01211124181013392021;01;0;51;122;2021;11;08;4;2;8;1;0;1;0;1;0;0;0;0;505229.712525615468621;6010350.321853723376989;9.080247017000033;54.241102203000082
3339;01211116161013912021;01;0;53;101;2021;11;20;3;3;8;7;2;1;0;1;0;0;0;0;600860.642000029794872;5946947.222999744117260;10.526392447000035;53.661534439000036
3340;01211029152013352021;01;0;03;000;2021;10;07;6;3;6;7;2;0;0;1;1;0;0;0;610256.550527749583125;5973673.889794766902924;10.678078411000058;53.899761371000068
3341;01210916161013372021;01;0;62;004;2021;09;14;5;3;4;6;0;0;1;0;0;0;0;0;590875.572398968972266;5963324.181310512125492;10.380145435000031;53.810523629000045
3342;01210831145013382021;01;0;58;135;2021;08;21;3;3;0;7;2;0;1;0;0;0;0;0;542238.252847388386726;6017960.293707923963666;9.649173805000032;54.307776929000056
3343;01211120152013252021;01;0;03;000;2021;11;16;7;3;5;2;2;1;0;1;0;0;0;0;606197.602458657696843;5970006.829036623239517;10.615059107000036;53.867661936000047
3344;01210921181013272021;01;0;51;097;2021;09;12;3;3;5;3;0;0;0;1;0;0;0;0;507952.317999999970198;5982956.298999788239598;9.121302749000051;53.994857355000079
3345;01210922171013702021;01;0;60;044;2021;09;12;4;3;2;2;0;0;0;1;0;0;0;0;564127.579168416559696;5963799.684482965618372;9.974095557000055;53.818782924000061
3346;01210823145013662021;01;0;58;173;2021;08;09;2;3;2;6;0;0;0;1;0;0;0;0;553178.932000002823770;6035257.856999818235636;9.820402159000025;54.462198164000029
3347;01210619105132422021;01;0;60;039;2021;06;07;7;3;3;6;0;0;0;1;0;0;0;0;561216.388095145113766;5961929.971046777442098;9.929509402000065;53.802330681000058
3348;01210716125013402021;01;0;54;113;2021;07;17;6;3;0;7;0;0;1;0;0;0;0;0;476119.013772209174931;6017619.173927925527096;8.632983557000045;54.305899478000072
3349;01210623105132032021;01;0;60;008;2021;06;15;4;2;2;6;0;0;0;1;0;0;0;0;586161.492977072484791;5970491.776094147935510;10.310583123000072;53.875732524000057
3350;01210719161013732021;01;0;53;129;2021;07;15;2;3;2;6;0;0;0;1;0;0;0;0;583076.434673668816686;5927319.077607426792383;10.252107737000074;53.488275903000044
3351;01210812171013632021;01;0;56;014;2021;08;13;5;3;4;6;0;0;0;1;0;0;0;1;550874.600231151096523;5954266.678848475217819;9.771233661000053;53.734571348000031
3353;01210816125013002021;01;0;54;056;2021;08;08;2;3;9;7;0;1;1;1;0;0;0;0;503128.130000000819564;6037523.502999821677804;9.048285003000046;54.485334756000043
3354;01211009105132382021;01;0;55;011;2021;10;12;7;2;9;7;0;0;0;1;0;0;0;0;623162.319535698741674;6012208.501408135518432;10.890052506000075;54.243011146000072
3355;01211220161013052021;01;0;53;091;2021;12;18;2;2;5;3;2;0;0;1;0;0;0;0;598272.208935165777802;5939333.423581751063466;10.484830634000048;53.593613826000080
3356;01211209105132392022;01;0;58;098;2021;12;08;5;3;3;6;0;0;0;1;0;0;1;0;562950.439585315063596;6000359.889346210286021;9.963773006000054;54.147481639000034
3357;01211125161013862021;01;0;53;067;2021;11;14;5;3;8;1;0;1;0;1;0;0;0;0;609305.830608373507857;5957866.074843015521765;10.657996216000072;53.757939015000034
3358;01211117171013822021;01;0;56;018;2021;11;07;4;3;5;2;1;1;1;0;0;0;0;1;555392.664820156991482;5942909.721539353951812;9.837689428000033;53.632041183000069
3359;01211031171013272021;01;0;60;063;2021;10;14;1;3;5;2;0;0;0;1;0;0;0;0;568058.408000004477799;5949183.208999769762158;10.030573904000050;53.686927476000051
3360;01210901152013392021;01;0;55;028;2021;09;18;4;3;2;6;0;0;0;1;0;0;0;0;601994.905530657619238;6004590.492793546989560;10.562778281000021;54.179223827000044
3361;01211105171013442021;01;0;56;036;2021;11;06;6;3;5;3;1;0;1;1;0;0;0;0;544260.078140365891159;5946230.719081543385983;9.669821188000071;53.662949404000074
3362;01211104171013392021;01;0;56;039;2021;11;07;5;3;2;6;0;1;0;1;0;0;0;1;553585.533810105174780;5945750.605799933895469;9.810853334000058;53.657761882000045
3363;01210807134013942021;01;0;02;000;2021;08;19;7;3;5;2;0;0;1;1;0;0;0;0;574122.389035835862160;6018744.024117033928633;10.139322086000050;54.311187508000046
3364;01211003125013172021;01;0;54;168;2021;10;14;1;2;8;1;0;1;0;1;0;0;0;0;460943.708357973024249;6081502.446093393489718;8.391271065000069;54.879053435000060
3365;01210731125013852021;01;0;54;109;2021;07;05;7;2;9;1;1;0;0;1;0;0;0;0;490895.109044932760298;6069486.128442032262683;8.858465698000032;54.772509140000068
3367;01211007125013822021;01;0;54;089;2021;10;17;5;3;0;7;0;0;1;0;0;0;0;0;456977.997999999672174;6059335.864999830722809;8.332752996000067;54.679536078000069
3368;01210803181013392021;01;0;51;026;2021;08;22;3;2;8;1;2;0;0;1;0;0;0;0;516747.643539727665484;5991841.691203236579895;9.255953494000039;54.074507006000033
3369;01211019181013162021;01;0;51;072;2021;10;18;3;2;6;4;2;1;0;1;1;0;0;0;500571.075862362980843;5978347.751591339707375;9.008702430000028;53.953496825000059
3372;01210704105132862021;01;0;56;008;2021;07;10;1;3;9;6;0;0;0;1;0;0;0;0;546586.714107662439346;5958615.975673573091626;9.706893153000067;53.774061753000069
3373;01211009134013662021;01;0;02;000;2021;10;11;7;3;3;6;0;0;0;1;0;1;0;0;573417.405496714636683;6017825.332133905962110;10.128262429000074;54.303034244000060
3374;01210905161013162021;01;0;62;004;2021;09;12;1;3;0;7;0;0;1;0;0;0;0;0;586200.290511509403586;5961029.101195115596056;10.308519650000051;53.790696207000053
3376;01211111145013332021;01;0;04;000;2021;11;21;5;3;5;3;2;0;0;1;0;0;0;0;562891.322890619747341;5993007.470235021784902;9.961337970000045;54.081416534000027
3377;01211026161013802021;01;0;53;032;2021;10;16;3;3;0;7;0;0;1;0;0;0;0;0;589176.860927544534206;5923956.864354019984603;10.343070655000076;53.457063847000029
3378;01210913181013922021;01;0;51;027;2021;09;16;2;3;2;6;0;0;0;1;0;0;0;1;504979.106920603662729;5990181.970745759084821;9.076068584000041;54.059837953000056
3379;01210909105132442021;01;0;53;046;2021;09;18;5;3;2;6;0;0;0;1;0;0;0;0;620867.835801459848881;5931241.471942087635398;10.822935317000031;53.516193360000045
3380;01210826161013142021;01;0;62;001;2021;08;13;5;2;2;6;0;0;0;1;0;0;0;0;584461.669996757060289;5944410.423742057755589;10.277600739000036;53.641644136000082
3381;01210717171013542021;01;0;56;018;2021;07;22;7;3;5;3;2;0;0;1;0;0;0;0;557502.783000001683831;5942456.677999764680862;9.869512536000059;53.627741947000061
3382;01210818171013512021;01;0;56;005;2021;08;22;4;3;0;7;2;1;1;0;0;0;0;0;559936.216682611033320;5946120.836694398894906;9.907010409000065;53.660400028000026
3383;01210627152013852021;01;0;55;044;2021;06;19;1;3;5;2;0;0;0;1;0;0;0;0;613114.388000052422285;5988769.718999730423093;10.727152250000074;54.034765062000076
3384;01210707171013552022;01;0;60;002;2021;07;07;4;3;5;2;0;0;1;0;0;0;0;1;557661.709477609023452;5960145.843493530526757;9.875208439000062;53.786702536000064
3385;01210726134013062021;01;0;02;000;2021;07;12;2;3;5;3;0;0;0;1;0;0;0;0;572171.216937084682286;6018997.996982408687472;10.109398661000057;54.313749120000068
3387;01210705152013462021;01;0;55;038;2021;07;18;2;3;9;1;0;0;1;0;0;0;0;0;613608.981050052680075;6004703.341158084571362;10.740686994000043;54.177798007000035
3388;01211014105132792021;01;0;58;024;2021;10;15;5;3;2;6;0;1;0;1;0;0;0;0;546209.709435751661658;6021716.868569886311889;9.710789288000058;54.341192406000062
3389;01211223145013182021;01;0;58;078;2021;12;15;5;2;4;6;0;2;0;0;0;0;0;1;533193.062390596605837;6019495.872739482671022;9.510332927000036;54.322245269000064
3390;01211215105132022021;01;0;55;033;2021;12;13;4;3;8;7;0;1;0;1;0;0;0;0;621859.003257248550653;6018084.448491360992193;10.872455284000068;54.296104962000072