OBJECTID;UIDENTSTLAE;ULAND;UREGBEZ;UKREIS;UGEMEINDE;UJAHR;UMONAT;USTUNDE;UWOCHENTAG;UKATEGORIE;UART;UTYP1;ULICHTVERH;USTRZUSTAND;IstRad;IstPKW;IstFuss;IstKrad;IstGkfz;IstSonstige;LINREFX;LINREFY;XGCSWGS84;YGCSWGS84
3391;01211202125013782021;01;0;01;000;2021;12;08;5;3;4;6;0;1;1;0;0;0;0;0;527876.168823144398630;6071857.754894938319921;9.433553031000031;54.793130451000081
3392;01210823125013912021;01;0;54;076;2021;08;11;2;3;5;3;0;0;1;1;0;0;0;0;498665.928154198452830;6068695.917144410312176;8.979265630000043;54.765488479000055
3393;01210618161013292021;01;0;62;009;2021;06;09;6;3;9;7;0;0;0;1;0;0;0;0;581576.624059882014990;5936231.431000607088208;10.231830832000071;53.568601879000028
3394;01210714125013122021;01;0;54;160;2021;07;10;4;3;0;7;0;0;1;0;0;0;0;0;460227.857151168398559;6053504.597767621278763;8.383946261000062;54.627400911000052
3395;01210621145013422021;01;0;04;000;2021;06;17;2;3;5;3;0;1;1;1;0;0;0;0;564104.969626848585904;5989812.262846408411860;9.979210618000025;54.052553154000066
3396;01210812152013782021;01;0;03;000;2021;08;15;5;3;5;2;0;0;1;0;0;0;0;1;612396.278170987963676;5970718.717257140204310;10.709544808000032;53.872752398000046
3398;01210814152013982021;01;0;03;000;2021;08;18;7;3;1;5;0;0;0;1;0;0;0;0;613137.465976605191827;5969812.976942891255021;10.720478628000023;53.864454119000072
3399;01210927134013782021;01;0;02;000;2021;09;20;2;3;4;6;2;1;1;0;0;0;0;1;573239.380887644365430;6018421.385083902627230;10.125673315000029;54.308415764000074
3400;01211206171013932021;01;0;60;066;2021;12;11;2;3;8;1;0;1;0;1;0;0;0;0;565909.618257717229426;5966841.480392828583717;10.001812329000074;53.845896083000071
3401;01211123181013462021;01;0;61;046;2021;11;19;3;3;5;3;2;1;1;1;0;0;0;0;534013.817855163477361;5976006.963582275435328;9.518052509000029;53.931340947000081
3402;01211117105132452021;01;0;58;124;2021;11;13;4;3;8;1;0;1;0;1;0;0;0;0;546777.019383134320378;6016448.172808008268476;9.718689113000039;54.293792342000074
3403;01211030125013252021;01;0;54;099;2021;10;18;7;2;5;3;1;1;1;1;0;0;0;0;514969.060842022299767;6035042.139462169259787;9.230931903000055;54.462823257000082
3404;01210916152013082021;01;0;55;046;2021;09;13;5;2;8;1;0;0;0;1;0;0;0;0;634837.208329980261624;6038461.873150864616036;11.080979570000068;54.475864032000061
3405;01210831171013692021;01;0;56;049;2021;08;18;3;2;2;2;0;0;0;1;0;1;0;0;545647.674531901255250;5949229.111175158992410;9.691260145000058;53.689778912000065
3406;01211121145013002021;01;0;04;000;2021;11;15;1;3;4;6;0;1;0;1;0;0;0;0;564778.956226761452854;5988554.581122020259500;9.989235668000049;54.041166741000040
3407;01210921125013922021;01;0;59;187;2021;09;16;3;3;0;7;0;1;1;0;0;0;0;0;552972.744929618202150;6048793.896637449041009;9.819654269000068;54.583857477000038
3408;01210807125013912021;01;0;54;043;2021;08;14;7;3;2;6;0;0;0;1;0;0;0;0;500630.698829579167068;6044083.295136153697968;9.009749335000038;54.544297808000067
3409;01210930145013912021;01;0;04;000;2021;09;05;5;3;5;3;2;1;1;1;0;0;0;0;564902.907103064469993;5993029.736368449404836;9.992086205000021;54.081367042000068
3410;01210729125013642021;01;0;01;000;2021;07;11;5;3;0;3;0;1;1;1;0;0;0;0;530432.719216056168079;6070618.843462787568569;9.473183142000039;54.781848498000045
3412;01211006105132262021;01;0;62;025;2021;10;16;4;3;9;7;0;0;0;0;0;1;0;0;604745.464000035077333;5967915.041999746114016;10.592270550000023;53.849163028000078
3413;01210802125013922021;01;0;59;045;2021;08;15;2;3;5;2;0;0;0;1;0;1;0;0;559388.303580249659717;6057717.792991384863853;9.920718725000029;54.663333170000044
3414;01211017171013792021;01;0;56;048;2021;10;15;1;3;4;6;0;1;0;1;0;0;0;0;546692.819335255771875;5949876.046268880367279;9.707183300000054;53.695500994000042
3417;01210702161013072021;01;0;62;027;2021;07;10;6;3;2;6;0;0;0;1;0;0;0;0;587826.210711999796331;5952713.853776890784502;10.330829610000023;53.715704758000072
3418;01211022152013562022;01;0;03;000;2021;10;15;6;3;3;2;0;0;0;1;0;0;0;0;608932.053313128650188;5971696.146645925939083;10.657225977000053;53.882272685000032
3419;01211217161013902022;01;0;62;090;2021;12;15;6;3;2;6;1;1;0;1;0;0;0;0;575997.076552060432732;5948508.408935595303774;10.150594530000035;53.679768886000033
3420;01210905125013472021;01;0;54;056;2021;09;09;1;3;2;6;0;0;0;1;0;0;0;0;503676.038999999873340;6036753.234999816864729;9.056732797000052;54.478408538000053
3422;01211109161013492021;01;0;53;032;2021;11;12;3;3;5;2;0;0;0;1;0;0;1;0;592722.011724863201380;5920980.489652674645185;10.395569300000034;53.429705886000079
3423;01211025125013002021;01;0;54;088;2021;10;17;2;3;5;3;0;1;0;1;0;0;0;0;485457.508776703849435;6071845.527375221252441;8.773821246000068;54.793584241000076
3424;01210911125013352021;01;0;01;000;2021;09;20;7;3;8;1;2;0;1;0;0;0;0;0;524629.113051128573716;6070049.150522718206048;9.382899917000032;54.777047261000064
3425;01210826125013572021;01;0;54;042;2021;08;15;5;3;2;2;0;0;0;1;0;0;1;0;501828.356629698537290;6041792.465291328728199;9.028248492000046;54.523706948000040
3426;01210716152013412021;01;0;03;000;2021;07;12;6;3;6;4;0;0;1;0;1;0;0;0;614597.479140429757535;5970691.603579651564360;10.742997984000056;53.872027413000069
3427;01210817161013782021;01;0;62;001;2021;08;07;3;3;0;7;0;0;1;0;0;0;0;0;582540.676316348835826;5948501.787446333095431;10.249637873000040;53.678716841000039
3428;01210626161013082021;01;0;62;060;2021;06;13;7;3;5;3;0;0;1;1;0;0;0;0;582987.037197778001428;5929884.667501332238317;10.251439559000062;53.511345753000057
3429;01210720171013352021;01;0;60;063;2021;07;17;3;3;5;2;0;0;1;1;0;0;0;0;564317.583469178527594;5946715.551630549132824;9.973426311000026;53.665224301000080
3430;01211011152013062021;01;0;03;000;2021;10;11;2;3;5;2;0;0;1;0;0;0;1;0;614556.093609843403101;5970683.167314004153013;10.742365690000042;53.871960759000046
3431;01211223125013742022;01;0;54;073;2021;12;15;5;3;5;3;0;2;1;1;0;0;0;0;501653.991202878765762;6077059.543176515027881;9.025754358000029;54.840649040000073
3432;01211214125013612021;01;0;59;053;2021;12;07;3;2;4;1;2;1;0;1;0;0;0;0;533426.651802478358150;6027066.368191545829177;9.514773945000059;54.390266220000058
3433;01211130134013692021;01;0;57;001;2021;11;07;3;3;7;7;2;1;1;0;0;0;0;0;588802.150249515660107;6001513.317201022058725;10.359797853000032;54.154027628000051
3434;01211103125013982021;01;0;54;056;2021;11;12;4;3;5;3;0;0;1;1;0;0;0;0;502429.857561172917485;6038012.431048797443509;9.037510675000021;54.489732666000066
3435;01210903152013362021;01;0;03;000;2021;09;14;6;3;4;6;0;0;1;0;0;0;0;0;612163.054702483117580;5968687.106838254258037;10.705256614000064;53.854550591000077
3436;01210821171013412021;01;0;56;015;2021;08;10;7;3;0;7;0;0;1;0;0;0;0;0;543442.959331508725882;5956193.941263001412153;9.658853480000062;53.752565023000045
3437;01210617161013112021;01;0;62;069;2021;06;18;5;2;4;6;1;0;0;1;0;0;0;0;586611.521857486106455;5943465.048470346257091;10.309847792000028;53.632797496000080
3438;01210712161013582022;01;0;62;006;2021;07;14;2;2;8;1;0;0;0;1;0;0;0;0;582499.029128893278539;5952679.378326520323753;10.250119524000070;53.716264226000078
3439;01210619171013402021;01;0;60;075;2021;06;12;7;2;8;6;0;0;0;1;0;1;0;0;595431.823240744881332;5989231.120671950280666;10.457406187000061;54.042484961000071
3440;01210811125013342021;01;0;59;159;2021;08;07;4;2;5;3;0;0;1;1;0;0;0;0;530269.230609651654959;6053982.803059762343764;9.468913396000062;54.632357685000045
3442;01210813145013942021;01;0;58;053;2021;08;22;6;1;5;3;2;0;0;1;0;0;0;1;568007.253125570714474;6011259.621310411021113;10.043644361000077;54.244783599000073
3443;01210926161013462021;01;0;53;071;2021;09;05;1;2;8;7;2;0;0;1;0;0;0;0;597190.709721024148166;5926537.392425309866667;10.464521894000029;53.478834529000039
3444;01210724125013532021;01;0;59;183;2021;07;13;7;3;5;3;0;0;0;1;0;0;0;1;520795.640999999828637;6069453.680999834090471;9.323260798000035;54.771869445000050
3447;01211204181013292021;01;0;51;044;2021;12;12;7;3;5;3;0;1;1;1;0;0;0;0;507842.458000000566244;6005528.587999802082777;9.120212122000055;54.197733188000029
3448;01210907181013692021;01;0;51;028;2021;09;08;3;3;3;6;0;0;1;0;0;0;0;0;503879.784915353171527;5994708.988969326019287;9.059331642000075;54.100535298000068
3449;01211122161013442022;01;0;62;061;2021;11;08;2;3;4;6;0;1;0;1;0;0;0;1;597929.699002991430461;5964961.513044185936451;10.487760611000056;53.823955021000074
3450;01211115125013712021;01;0;54;165;2021;11;13;2;3;8;1;0;1;0;1;0;0;0;0;484805.335960887372494;6065150.619796253740788;8.764028389000032;54.733399806000079
3451;01211028152013462021;01;0;03;000;2021;10;11;5;2;5;3;0;0;0;1;0;0;0;0;621762.603000073693693;5981619.326999679207802;10.856267580000065;53.968563185000050
3452;01210916145013032021;01;0;04;000;2021;09;21;5;3;8;1;2;1;0;1;0;0;0;0;564217.732586016878486;5990527.868132075294852;9.981084329000055;54.058969918000059
3453;01210831125013292021;01;0;59;045;2021;08;19;3;3;5;2;0;0;1;1;0;0;0;0;559645.523868282325566;6057282.667371209710836;9.924617131000048;54.659392870000033
3454;01211119171013362021;01;0;60;039;2021;11;16;6;2;5;3;1;0;0;1;0;1;0;0;566348.219000005163252;5960280.231999773532152;10.007063111000036;53.786875601000077
3455;01210920145013522021;01;0;04;000;2021;09;16;2;2;5;3;0;0;0;1;0;0;0;0;566265.197158752940595;5988447.929181344807148;10.011904822000076;54.040019504000043
3457;01210805171013262021;01;0;56;043;2021;08;09;5;3;2;2;0;0;0;1;0;0;0;0;555228.438067029230297;5946138.440790005028248;9.835779759000047;53.661076629000036
3458;01210930125013522021;01;0;59;083;2021;09;23;5;3;9;1;2;1;0;1;0;0;0;0;551525.081530054099858;6055115.428169805556536;9.798367931000030;54.640813167000033
3459;01210728171013002021;01;0;56;039;2021;07;15;4;3;5;2;0;1;1;1;0;0;0;0;552397.774000002071261;5946540.163999769836664;9.793015331000049;53.664978437000059
3461;01211004152013942021;01;0;03;000;2021;10;16;2;2;5;2;0;0;1;1;0;0;0;0;613284.699516759254038;5965425.977761309593916;10.721098752000046;53.825008818000072
3462;01210706125013722021;01;0;54;078;2021;07;14;3;3;0;7;0;0;1;0;0;0;0;0;462338.446424627676606;6098693.630354467779398;8.410752080000066;55.033640607000052
3463;01210802125013092022;01;0;59;118;2021;08;16;2;3;5;7;0;0;0;1;0;1;0;0;541496.882575909607112;6070634.755738670006394;9.645206052000049;54.781198706000055
3464;01211016161013342021;01;0;53;083;2021;10;13;7;3;4;6;0;0;0;1;0;0;1;0;604200.057149702683091;5914832.725921545177698;10.566229306000025;53.372322528000041
3466;01211229134013552022;01;0;02;000;2021;12;19;4;3;0;3;2;1;0;1;0;1;0;0;573527.674734618514776;6019472.677610494196415;10.130362270000035;54.317820938000068
3467;01210701161013232021;01;0;53;113;2021;07;06;5;3;9;1;0;1;0;1;0;0;0;0;603147.888555385172367;5937765.235171129927039;10.557951423000077;53.578586691000055
3468;01211020161013492021;01;0;62;004;2021;10;17;4;3;5;3;0;0;0;1;0;0;0;1;591578.387414212338626;5962323.977903975173831;10.390518303000022;53.801412971000047
3469;01211217134013362021;01;0;02;000;2021;12;17;6;2;5;3;2;1;1;1;0;0;0;0;572687.158866265788674;6023769.292674303054810;10.118491054000060;54.356549380000047
3470;01211108145013192021;01;0;04;000;2021;11;15;2;3;2;6;0;0;0;1;0;0;0;0;562355.723914342932403;5997402.015212187543511;9.954058245000056;54.120973326000069
3471;01211022171013192021;01;0;60;047;2021;10;18;6;3;2;2;2;1;0;1;0;0;0;0;565571.094867304898798;5962318.741216916590929;9.995703404000039;53.805293882000058
3472;01210909152013542021;01;0;03;000;2021;09;14;5;3;5;3;0;0;1;0;0;0;0;1;611033.220335126854479;5971887.172498419880867;10.689245888000073;53.883543447000079
3473;01210824181013382021;01;0;51;065;2021;08;07;3;3;2;2;0;0;0;1;0;0;0;1;501857.519107106141746;6021824.190316513180733;9.028573903000051;54.344246667000050
3474;01210714152013442021;01;0;55;046;2021;07;12;4;3;2;6;0;1;0;1;0;0;0;0;640679.439986204728484;6035208.887440882623196;11.169527738000056;54.445064433000027
3475;01210828105132962021;01;0;60;064;2021;08;19;7;2;3;6;1;1;0;1;0;0;0;0;562214.786285804584622;5968987.506035512313247;9.946095275000062;53.865637910000032
3476;01210624152013822021;01;0;03;000;2021;06;10;5;3;6;7;0;0;0;1;1;0;0;0;613859.992318493314087;5969237.308264583349228;10.731246978000058;53.859124330000043
3477;01210720125013562021;01;0;54;135;2021;07;02;3;2;8;1;2;0;0;1;0;0;0;0;492075.887273096479475;6023157.072211675345898;8.878069399000026;54.356167599000059
3479;01210629181013892021;01;0;61;036;2021;06;08;3;2;5;3;0;0;1;1;0;0;0;0;547074.017207927070558;5987122.671477265655994;9.718670490000022;54.030217910000033
3480;01211011125013382021;01;0;01;000;2021;10;15;2;3;3;6;0;0;1;0;0;0;0;0;526673.005190203897655;6070277.646240130066872;9.414695683000048;54.778996205000055
3481;01211221125013362021;01;0;54;043;2021;12;13;3;3;3;6;0;0;0;1;0;0;0;0;501150.456341261044145;6043107.094281846657395;9.017779925000070;54.535523672000068
3482;01211210161013962021;01;0;53;075;2021;12;11;6;3;4;1;0;1;0;1;0;0;0;0;607797.418061486445367;5960337.319005634635687;10.635989538000047;53.780456360000073
3483;01211128134013052021;01;0;02;000;2021;11;15;1;3;3;1;0;1;0;1;0;0;0;0;572842.544756869785488;6024885.225990613922477;10.121154643000068;54.366554593000046
3484;01211101145013092021;01;0;58;043;2021;11;15;2;3;2;6;0;0;0;1;0;0;0;0;554157.843593299388885;6034502.402919178828597;9.835364004000041;54.455306001000054
3485;01210902152013182021;01;0;03;000;2021;09;13;5;3;2;6;0;0;0;1;0;0;0;0;610989.010480332188308;5966827.446945831179619;10.686743818000025;53.838095196000040
3486;01211108125013572021;01;0;01;000;2021;11;10;2;3;2;6;0;0;0;1;0;0;0;0;529814.038332988508046;6070571.953831633552909;9.463559118000035;54.781464257000039
3487;01210820134013152021;01;0;02;000;2021;08;20;6;3;5;2;1;1;0;1;0;0;0;0;574431.968000007793307;6017650.781999804079533;10.143807101000050;54.301318975000072
3488;01210616181013852021;01;0;61;049;2021;06;15;4;3;5;2;0;0;0;1;0;1;0;0;546904.384837978519499;5977989.632505608722568;9.714674165000076;53.948152616000073
3489;01210711171013452021;01;0;56;015;2021;07;10;1;3;0;7;0;0;1;0;0;0;0;0;543692.957763608545065;5957117.697544611990452;9.662775362000048;53.760846552000032
3490;01210809134013422022;01;0;57;063;2021;08;07;2;3;2;6;0;0;0;1;0;0;0;0;581476.013465452939272;6026501.363462427631021;10.254445746000044;54.379768884000043
3492;01210923181013052021;01;0;51;075;2021;09;17;5;2;4;6;0;0;0;0;0;0;0;1;502879.240002322942019;6007836.991246800869703;9.044156231000045;54.218532084000060
3493;01210722171013632021;01;0;60;023;2021;07;14;5;3;4;6;0;0;0;1;0;0;0;0;559162.480470612645149;5976499.378720186650753;9.901137158000040;53.933503670000050
3494;01211020152013762021;01;0;03;000;2021;10;16;4;3;5;2;0;1;1;1;0;0;0;0;611381.840226466767490;5970951.255372840911150;10.694207157000051;53.875060278000035
3497;01211203125013072021;01;0;59;171;2021;12;06;6;3;8;1;2;2;0;1;0;0;0;0;526562.853802171535790;6056014.018889417871833;9.411682500000040;54.650820345000056
3498;01210905161013482021;01;0;53;039;2021;09;17;1;3;8;1;0;0;0;0;0;1;0;0;596100.907413746230304;5957554.088527221232653;10.457677632000070;53.757738249000056
3500;01211113134013352021;01;0;57;004;2021;11;15;7;3;4;6;0;0;0;1;0;0;0;0;602670.019000032916665;6023464.866999780759215;10.579588736000062;54.348658788000080
3501;01211028125013122021;01;0;54;121;2021;10;16;5;3;5;3;0;0;0;1;0;0;0;0;501006.322565855458379;6054004.911161201074719;9.015589732000024;54.633463100000029
3502;01210914125013592021;01;0;59;161;2021;09;15;3;3;5;3;0;0;1;1;0;0;0;0;542864.168392488732934;6066801.650184277445078;9.665897719000043;54.746638886000028
3503;01210909125013252021;01;0;54;056;2021;09;15;5;3;4;6;0;0;1;0;0;0;0;0;503701.886343944817781;6036608.131674887612462;9.057129885000052;54.477104278000070
3504;01210819145013562021;01;0;58;076;2021;08;14;5;3;2;2;0;0;0;1;0;0;0;1;562744.475022374652326;6004264.195709984749556;9.961433292000038;54.182592509000074
3505;01210627125013632021;01;0;59;159;2021;06;16;1;2;0;6;0;0;0;1;0;1;0;0;529168.017061213031411;6057562.783779306337237;9.452211637000062;54.664594618000081
3506;01210928152013742021;01;0;03;000;2021;09;10;3;3;5;3;0;0;1;1;0;0;0;0;610679.817097728140652;5968254.906206760555506;10.682561398000075;53.850985832000049
3507;01210727145013472021;01;0;04;000;2021;07;11;3;3;5;3;0;0;1;1;0;0;0;0;562151.264757079072297;5990554.268209148198366;9.949524211000039;54.059460494000064
3509;01210705161013182021;01;0;53;100;2021;07;05;2;2;8;7;0;0;0;0;0;1;0;0;613504.138151923194528;5947727.938384041190147;10.717931050000061;53.665957481000078
3510;01211015134013972021;01;0;02;000;2021;10;07;6;3;5;2;2;1;1;1;0;0;0;0;573405.706125082448125;6019199.926408885046840;10.128420543000061;54.315387629000043
3512;01211227105132462022;01;0;60;089;2021;12;17;2;3;9;1;2;2;0;1;0;0;0;0;581306.725293407216668;5988214.105120060965419;10.241480323000076;54.035766689000070
3513;01211215181013702021;01;0;61;046;2021;12;05;4;3;1;5;2;1;0;1;0;0;0;0;533385.056363807991147;5975878.984153090044856;9.508462502000043;53.930231631000026
3514;01211203161013712021;01;0;53;012;2021;12;07;6;3;5;3;2;1;0;1;0;0;0;0;584819.091935607604682;5925256.520291278138757;10.277808450000066;53.469462809000049
3515;01210923105132202021;01;0;62;056;2021;09;06;5;3;9;7;2;0;0;1;0;0;0;1;591504.390956320799887;5958406.706697525456548;10.388232554000069;53.766226956000082
3516;01210823171013622021;01;0;60;063;2021;08;20;2;3;5;2;1;0;1;1;0;0;0;0;569123.322023724205792;5948510.230039559304714;10.046546447000026;53.680739677000076
3517;01210618134013032021;01;0;57;080;2021;06;12;6;3;4;6;0;0;0;1;0;0;1;0;582201.988015501759946;6001899.692922584712505;10.258865163000053;54.158598115000075
3518;01210713134013622021;01;0;57;062;2021;07;22;3;3;4;5;1;0;0;1;0;0;0;0;583853.703568008728325;6010359.756568593904376;10.286512165000033;54.234347787000047
3519;01210622125013972021;01;0;59;077;2021;06;10;3;3;9;7;0;0;0;0;0;1;0;0;532605.756463117897511;6042429.845761366188526;9.503825509000023;54.528389198000070
3520;01210812134013262021;01;0;57;021;2021;08;17;5;3;5;7;0;0;1;0;0;0;0;1;599280.849213972687721;6014392.517094515264034;10.524451121000027;54.267821425000079
3522;01210814145013862021;01;0;04;000;2021;08;23;7;2;8;1;2;0;0;1;0;0;0;0;562204.013708992861211;5991716.210017908364534;9.950568413000042;54.069896016000030
3523;01210927125013982021;01;0;59;173;2021;09;12;2;3;2;6;0;1;0;1;0;0;0;0;515677.983396039344370;6069487.370894594117999;9.243711393000069;54.772358084000075
3524;01211009145013642021;01;0;58;090;2021;10;13;7;2;5;3;0;0;0;1;0;1;0;0;548802.096393783576787;6038444.716941993683577;9.753412731000026;54.491276092000078
3525;01211220125013402021;01;0;54;135;2021;12;08;2;2;8;1;0;2;0;1;0;0;0;0;490210.109087989665568;6028357.553695259615779;8.849189015000036;54.402873558000067
3526;01211210125013232021;01;0;59;176;2021;12;16;6;3;2;2;2;0;0;1;0;0;0;0;533159.199983079917729;6074010.631119707599282;9.515962047000073;54.812155602000075
3527;01211125171013292021;01;0;60;044;2021;11;07;5;3;2;6;0;0;0;1;0;0;1;0;560607.247551072388887;5964325.862452695146203;9.920733344000041;53.823933966000027
3528;01211118134013642021;01;0;02;000;2021;11;05;5;3;5;2;2;1;0;1;0;0;0;0;574752.906358933076262;6018285.320581942796707;10.148896693000040;54.306973858000049
3529;01211031105132732021;01;0;59;056;2021;10;02;1;2;8;7;2;1;0;1;0;0;0;0;538100.174919603392482;6033304.672025293111801;9.587543959000072;54.446000474000073
3530;01210918145013612021;01;0;58;091;2021;09;15;7;3;0;7;0;0;0;0;0;1;0;0;560518.326667892746627;5997917.398973168805242;9.926052988000038;54.125824367000064
3531;01210901152013882021;01;0;03;000;2021;09;21;4;3;5;3;2;0;1;1;0;0;0;0;609185.142000043764710;5970159.084999736398458;10.660527227000046;53.868410017000031
3532;01211105171013562021;01;0;56;015;2021;11;19;6;3;2;6;2;1;0;1;0;0;0;0;543522.856250546872616;5957030.296616388484836;9.660182973000076;53.760075257000040
3533;01211104134013712021;01;0;02;000;2021;11;17;5;3;0;1;2;1;0;0;0;1;0;0;573835.494656003080308;6020437.181052235886455;10.135332095000024;54.326443223000069
3534;01210923134013412021;01;0;02;000;2021;09;20;5;2;6;4;2;1;0;1;1;0;0;0;572772.543544573709369;6019541.260137191042304;10.118772603000025;54.318545392000033
3535;01210806125013822021;01;0;54;160;2021;08;14;6;3;0;7;0;0;1;0;0;0;0;0;459737.126484128646553;6053658.583463082090020;8.376324377000060;54.628745791000028
3536;01211002125013882021;01;0;54;087;2021;10;14;7;2;0;7;0;1;1;0;0;0;0;0;468402.130575845949352;6060028.836605757474899;8.509851329000071;54.686609536000049
3537;01210730134013452021;01;0;57;074;2021;07;22;6;2;7;7;2;0;0;0;0;1;0;0;581900.221382837742567;6020471.267631029710174;10.259317261000035;54.325519167000039
3539;01211006171013982021;01;0;56;049;2021;10;17;4;3;5;3;0;0;1;0;0;0;0;0;544649.593545941635966;5948936.659439342096448;9.676104885000029;53.687236689000031
3540;01210803125013112021;01;0;59;171;2021;08;17;3;3;0;7;0;0;0;0;0;1;0;0;525739.777938173152506;6057308.175713229924440;9.399040411000044;54.662493242000039
3541;01211019134013662021;01;0;02;000;2021;10;17;3;3;2;6;1;1;0;1;0;0;0;0;571010.207145622000098;6022961.977996584028006;10.092499341000064;54.349531375000026
3544;01210705134013802021;01;0;02;000;2021;07;00;2;3;9;1;2;0;0;1;0;0;0;0;572585.270630265586078;6021110.655012480914593;10.116275979000022;54.332674197000074
3545;01211022134013342021;01;0;02;000;2021;10;15;6;3;0;6;0;1;0;1;0;1;0;0;574624.381170154549181;6020805.504701722413301;10.147551877000069;54.329638110000076
3546;01211217171013402021;01;0;56;048;2021;12;10;6;3;4;6;0;1;0;1;0;0;0;1;549511.276578927412629;5951967.738070558756590;9.750200469000049;53.714040685000043
3547;01210904161013812021;01;0;53;108;2021;09;14;7;3;2;2;0;0;0;1;0;1;0;0;598963.895125180482864;5949960.516421338543296;10.498659450000048;53.688972262000050
3549;01211110171013402021;01;0;56;049;2021;11;20;4;3;7;7;2;1;1;1;0;0;0;0;546011.113056757487357;5949302.910845037549734;9.696774339000058;53.690410318000033
3550;01211026171013592021;01;0;60;039;2021;10;11;3;3;4;7;0;0;0;1;0;0;0;0;564524.442982146516442;5960328.174960557371378;9.979395570000065;53.787535722000030
3551;01210913171013122021;01;0;56;001;2021;09;07;2;3;0;1;1;0;1;0;0;0;0;0;549431.172425067052245;5945981.094455601647496;9.748032583000054;53.660242592000031
3552;01210827125013112021;01;0;01;000;2021;08;14;6;3;2;6;0;1;0;1;0;0;0;0;528255.022611433640122;6070591.652236338704824;9.439321728000039;54.781731460000060
3553;01210718171013412021;01;0;60;080;2021;07;16;1;2;0;1;0;0;0;0;0;1;0;0;586806.783244063146412;5993206.438968950882554;10.326866237000047;54.079728727000031
3554;01210819105132732021;01;0;62;008;2021;08;20;5;3;6;7;1;0;0;1;1;0;0;0;595805.289822158403695;5962743.897506296634674;10.454807571000060;53.804424934000053
3555;01210625171013392021;01;0;56;036;2021;06;09;6;3;5;2;0;0;1;1;0;0;0;0;544462.721333531662822;5946866.801870847120881;9.672978790000059;53.668649198000082
3556;01210708105132012021;01;0;53;126;2021;07;17;5;3;2;6;0;1;0;1;0;0;0;0;606702.412923306226730;5935159.154924247413874;10.610726085000067;53.554460003000031
3557;01210725145013372021;01;0;04;000;2021;07;17;1;3;1;5;0;0;0;1;0;0;0;0;561848.068215925246477;5990425.480469040572643;9.944866514000068;54.058339602000046
3559;01211014152013272021;01;0;03;000;2021;10;16;5;3;2;6;0;1;0;1;0;0;0;0;610927.664904486387968;5968055.882611392065883;10.686255512000059;53.849144879000050
3560;01211223161013692021;01;0;53;097;2021;12;17;5;3;8;1;2;2;0;1;0;0;0;0;607365.938885551877320;5945056.069269683212042;10.624145995000049;53.643247669000061
3561;01211214125013682021;01;0;59;179;2021;12;20;3;3;0;7;2;1;1;0;0;0;0;0;514750.409884248860180;6059360.977620312944055;9.228779418000045;54.681382762000055
3562;01211201152013612021;01;0;55;040;2021;12;16;4;3;5;2;1;1;0;1;0;0;0;1;608465.359798865392804;5972341.242937752977014;10.650357563000057;53.888166248000061
3563;01210823125013192021;01;0;59;127;2021;08;16;2;1;5;3;0;0;0;1;0;0;0;0;538968.168087269179523;6068358.193093910813332;9.605585762000032;54.760943613000052
3564;01210617161013362021;01;0;62;045;2021;06;13;5;3;0;7;0;0;1;0;0;0;0;0;590245.591741768643260;5946248.013960381969810;10.365597707000063;53.657191080000075
3565;01210713125013062021;01;0;54;018;2021;07;15;3;3;5;2;0;0;0;1;0;1;0;0;504907.976000001654029;6079898.376999842002988;9.076470482000047;54.866139277000059
3566;01210620134013392021;01;0;02;000;2021;06;15;1;3;0;1;0;0;1;0;0;0;0;0;572869.847709214314818;6025010.269659560173750;10.121605406000072;54.367674287000057
3567;01210810171013942021;01;0;60;039;2021;08;08;3;3;5;3;0;0;0;1;0;0;0;0;566404.947000004351139;5960399.278999771922827;10.007949653000026;53.787938225000062
3569;01210813125013512021;01;0;59;106;2021;08;14;6;2;8;7;0;0;0;0;0;0;0;1;543922.522875282913446;6070053.754443658515811;9.682829796000021;54.775771366000072
3570;01210926181013252021;01;0;51;068;2021;09;13;1;3;3;2;0;0;0;1;0;0;0;0;513290.763000000268221;6012293.056999804452062;9.204024878000041;54.258416705000059
3571;01211207152013012021;01;0;55;004;2021;12;16;3;3;0;7;2;0;0;0;0;0;0;1;612158.860995084047318;5976865.037735171616077;10.708187013000042;53.928022768000062
3572;01211124171013002021;01;0;60;006;2021;11;07;4;3;8;6;2;1;0;1;0;1;0;0;589904.857372101396322;5971210.552238751202822;10.367715884000063;53.881556028000034
3573;01211116152013952021;01;0;03;000;2021;11;19;3;3;5;3;2;1;0;1;0;0;0;0;612373.513154007494450;5967646.586614901199937;10.708073994000074;53.845156907000046
3574;01211029171013372021;01;0;56;029;2021;10;17;6;2;5;3;0;0;1;1;0;0;0;0;542740.442000000737607;5953410.809999773278832;9.647815094000066;53.727609064000035
3575;01210917152013012021;01;0;03;000;2021;09;12;6;3;6;2;0;0;0;0;1;0;1;0;618480.630473477765918;5974752.187847077846527;10.803598313000066;53.907634239000060
3576;01210831171013602021;01;0;60;030;2021;08;18;3;3;8;1;0;0;0;0;0;1;0;0;585807.239395001903176;5982022.232378508895636;10.308433149000052;53.979400295000062
3577;01211120171013902021;01;0;60;063;2021;11;16;7;3;2;6;2;1;0;1;0;0;0;0;565915.507023246027529;5948654.444954810664058;9.998018174000038;53.682450218000042