OBJECTID;UIDENTSTLAE;ULAND;UREGBEZ;UKREIS;UGEMEINDE;UJAHR;UMONAT;USTUNDE;UWOCHENTAG;UKATEGORIE;UART;UTYP1;ULICHTVERH;USTRZUSTAND;IstRad;IstPKW;IstFuss;IstKrad;IstGkfz;IstSonstige;LINREFX;LINREFY;XGCSWGS84;YGCSWGS84
3578;01210921134013052021;01;0;02;000;2021;09;15;3;3;3;6;0;1;0;1;0;0;1;0;577307.178502002730966;6020387.381832413375378;10.188689133000025;54.325481734000050
3579;01210805161013192021;01;0;53;001;2021;08;07;5;3;3;6;0;0;1;1;0;0;0;0;611157.799728387966752;5948897.409978426992893;10.682854050000060;53.676968708000061
3580;01210930145013132021;01;0;58;107;2021;09;15;5;3;5;2;0;1;1;1;0;0;0;0;570692.336627381853759;6016000.380583837628365;10.085961051000027;54.287019867000026
3581;01210727171013252021;01;0;60;063;2021;07;20;3;3;0;7;0;0;1;0;0;0;0;0;567763.353225540369749;5951420.895614052191377;10.026596071000029;53.707075764000081
3583;01211004171013782021;01;0;60;047;2021;10;16;2;3;4;6;0;0;0;1;0;0;0;0;569172.147285322658718;5963639.630581991747022;10.050672703000032;53.816697937000072
3584;01210706152013642021;01;0;03;000;2021;07;16;3;3;5;3;0;0;1;1;0;0;0;0;612121.735363280400634;5972279.344454752281308;10.705941855000049;53.886832637000055
3585;01210731152013172021;01;0;03;000;2021;07;18;7;3;5;1;0;1;0;1;0;0;0;0;609039.674056135118008;5967276.798915578052402;10.657292209000047;53.842545074000043
3586;01211016105132922021;01;0;58;065;2021;10;01;7;3;2;7;2;0;0;1;0;0;0;0;555659.736043915152550;6008342.501828083768487;9.853643154000054;54.220060160000060
3588;01211231152013652022;01;0;03;000;2021;12;17;6;3;6;2;2;1;0;1;1;0;0;0;610432.545623652637005;5969403.598295211791992;10.679217355000048;53.861358630000041
3589;01210702171013192021;01;0;60;058;2021;07;17;6;3;0;3;0;0;0;0;0;1;0;1;574845.930117283947766;5961434.676814690232277;10.136299226000062;53.796097550000070
3590;01211021152013082021;01;0;03;000;2021;10;18;5;3;5;3;2;1;0;1;0;0;0;1;613616.224946643225849;5969404.757819645106792;10.727604327000051;53.860682102000055
3591;01211216171013732021;01;0;60;063;2021;12;06;5;3;5;3;2;1;1;1;0;0;0;0;566138.239092289470136;5948640.311309807002544;10.001386953000065;53.682295055000054
3593;01211109152013112021;01;0;55;021;2021;11;09;3;3;5;2;0;0;0;0;0;1;0;1;628505.138780149631202;6026958.260742988437414;10.978336635000062;54.374182070000074
3594;01211025125013462021;01;0;54;160;2021;10;12;2;3;0;7;0;0;1;0;0;0;0;0;460533.690413571894169;6053465.991411210969090;8.388688391000073;54.627077980000081
3595;01210911145013732021;01;0;58;004;2021;09;18;7;2;2;6;0;1;1;0;0;0;0;0;556818.013258852064610;6032226.682779069989920;9.875954336000063;54.434565358000043
3596;01210826145013572021;01;0;58;037;2021;08;12;5;3;5;2;0;0;1;0;0;0;0;1;573458.254560924135149;6031062.747187560424209;10.132156696000038;54.421974781000074
3597;01210716152013752021;01;0;03;000;2021;07;12;6;3;5;3;0;0;0;1;0;0;0;0;609397.112716183066368;5971499.685363387688994;10.664227709000045;53.880409757000052
3598;01210817152013322021;01;0;03;000;2021;08;07;3;3;5;3;0;0;1;0;0;1;0;0;610539.944000047631562;5973466.343999734148383;10.682314621000046;53.897836394000080
3599;01210624152013922021;01;0;03;000;2021;06;12;5;3;6;7;0;0;0;0;1;0;0;1;608953.304635477252305;5971739.655807776376605;10.657564599000068;53.882659123000053
3600;01210722125013392021;01;0;54;168;2021;07;18;5;3;0;7;0;0;1;0;0;0;0;0;456539.255078537389636;6084290.088349264115095;8.322208151000041;54.903739715000029
3601;01211012134013662021;01;0;57;050;2021;10;14;3;2;5;3;0;1;1;1;0;0;0;0;590303.831906637176871;6017422.804824177175760;10.387571288000061;54.296711770000059
3602;01211223125013812021;01;0;59;106;2021;12;20;5;3;8;1;2;2;0;1;0;0;0;0;543429.035431078635156;6070629.053055290132761;9.675244626000051;54.780984004000061
3603;01211214105132542021;01;0;56;041;2021;12;13;3;3;3;6;0;1;0;1;0;0;0;0;562636.883123422972858;5956516.571847865357995;9.949975578000021;53.753511303000039
3604;01211130171013302021;01;0;56;014;2021;11;06;3;2;6;1;2;1;0;0;1;0;0;1;551869.533698389306664;5954942.491373920813203;9.786428189000048;53.740547187000061
3605;01211102152013282021;01;0;03;000;2021;11;23;3;3;7;7;2;0;0;0;0;1;0;0;611012.334991428069770;5968311.036755725741386;10.687634235000075;53.851419155000031
3606;01210903125013422021;01;0;54;168;2021;09;14;6;3;2;6;0;0;0;1;0;0;0;0;458229.979727718047798;6083748.789952166378498;8.348652419000075;54.899019811000073
3607;01210821152013602021;01;0;03;000;2021;08;01;7;2;9;1;2;0;0;1;0;0;0;0;611190.825792477466166;5970984.708551123738289;10.691315201000066;53.875401792000048
3608;01210615171013842021;01;0;60;063;2021;06;08;3;3;2;6;0;0;0;1;0;0;0;0;565886.020904459990561;5948636.494988203048706;9.997567991000039;53.682292620000055
3609;01210711145013072021;01;0;58;051;2021;07;14;1;3;5;3;0;0;1;1;0;0;0;0;568652.894004377536476;6029653.378698239102960;10.057783667000024;54.409981868000045
3610;01210809171013432021;01;0;56;018;2021;08;12;2;3;5;2;0;0;0;1;0;0;0;0;555426.606122948229313;5943581.618663419038057;9.838322366000057;53.638076269000067
3612;01210924181013952021;01;0;61;003;2021;09;13;6;3;2;2;0;0;0;1;0;0;0;0;528470.899000001139939;5986427.354999789968133;9.434606858000052;54.025330650000058
3613;01210722125013992021;01;0;59;077;2021;07;10;5;3;3;6;0;0;0;1;0;0;0;1;528450.176828204654157;6041119.753547765314579;9.439489119000029;54.516865980000034
3616;01211205125013522021;01;0;01;000;2021;12;17;1;2;6;2;2;1;0;1;1;0;0;0;529637.675999999977648;6073754.930999839678407;9.461142535000022;54.810078317000034
3617;01210907152013072021;01;0;03;000;2021;09;17;3;2;5;3;0;0;1;0;0;0;0;1;607652.144000042229891;5968689.601999737322330;10.636707914000056;53.855527735000067
3618;01211122134013072021;01;0;02;000;2021;11;16;2;3;3;6;0;0;0;1;0;0;0;1;574100.538126159459352;6018624.617942033335567;10.138956663000045;54.310117735000063
3619;01211115161013492021;01;0;62;001;2021;11;06;2;3;2;2;1;0;0;1;0;0;0;0;582994.698353861458600;5947992.121333321556449;10.256373493000069;53.674064953000027
3620;01211028171013702021;01;0;56;041;2021;10;16;5;3;5;2;0;0;1;1;0;0;0;0;560506.482000003568828;5956029.530999770388007;9.917574324000043;53.749385884000048
3621;01210916145013012021;01;0;58;162;2021;09;20;5;3;2;6;2;1;0;1;0;0;0;0;556399.463139049708843;6049548.011360153555870;9.872814572000038;54.590263310000068
3622;01210830161013912021;01;0;53;056;2021;08;06;2;3;5;2;1;1;0;1;0;0;0;0;608870.432000044733286;5934768.255999719724059;10.643302658000039;53.550502709000057
3623;01211119152013052021;01;0;03;000;2021;11;07;6;3;5;2;1;1;0;1;0;1;0;0;618479.940000065602362;5974746.799999698996544;10.803585722000037;53.907585995000034
3624;01210920105132782021;01;0;62;025;2021;09;11;2;3;2;6;0;0;0;1;0;0;0;1;604022.850442857481539;5967352.732924744486809;10.581100057000072;53.844256061000067
3625;01210816152013032021;01;0;55;016;2021;08;17;2;2;0;7;0;0;1;0;0;0;0;0;624411.916953944601119;6003165.010488018393517;10.905474567000056;54.161474700000042
3626;01210928181013342021;01;0;51;044;2021;09;08;3;2;0;1;0;1;0;0;0;1;0;0;509258.699011192657053;6005471.587352868169546;9.141918969000074;54.197197274000075
3627;01210727152013552021;01;0;55;016;2021;07;09;3;3;7;7;0;0;1;0;0;0;0;0;630157.304096240550280;6007055.893633108586073;10.995094540000025;54.194999395000082
3629;01210705181013512021;01;0;51;047;2021;07;09;2;3;3;6;0;0;0;1;0;0;1;0;499903.305167531594634;6014836.639162501320243;8.998514823000050;54.281449792000046
3630;01211015125013042021;01;0;54;131;2021;10;17;6;3;5;3;0;0;0;1;0;0;0;0;494122.615000001154840;6080727.536999844014645;8.908408422000036;54.873580161000064
3632;01211228105132682021;01;0;56;008;2021;12;18;3;3;9;7;2;1;0;1;0;0;0;0;546434.570152492262423;5959394.101518671959639;9.704701907000072;53.781068803000039
3633;01210702125013082021;01;0;59;183;2021;07;17;6;3;3;6;0;0;0;1;0;0;0;0;517956.266582468524575;6072387.122172990813851;9.279305975000057;54.798340780000046
3634;01211216134013132021;01;0;02;000;2021;12;15;5;3;2;6;0;1;0;1;0;0;0;0;568304.718000004999340;6019295.446999808773398;10.050043183000071;54.316953825000041
3635;01211022161013622021;01;0;62;018;2021;10;04;6;3;5;2;2;1;0;1;0;0;0;0;581399.960089983418584;5931196.036346506327391;10.227853331000063;53.523378569000045
3636;01210909152013732021;01;0;03;000;2021;09;07;5;3;5;2;0;0;1;0;0;0;0;1;612133.791634177789092;5972270.577808659523726;10.706121994000057;53.886751270000047
3637;01210824181013962021;01;0;61;042;2021;08;16;3;3;2;6;0;0;0;1;0;0;0;1;539645.167966911569238;5980609.310452450066805;9.604414587000065;53.972303962000069
3638;01210715145013102021;01;0;58;086;2021;07;13;5;3;8;7;0;0;0;1;0;0;0;0;543708.307446243241429;6011004.155678929761052;9.670749815000022;54.245139229000074
3639;01210828152013682021;01;0;03;000;2021;08;13;7;2;0;7;0;1;1;0;0;0;0;0;612623.292876780964434;5972229.046351980417967;10.713550856000040;53.886272096000027
3640;01210622171013322021;01;0;60;068;2021;06;16;3;3;8;7;0;0;0;1;0;0;0;0;577476.057828591205180;5983906.945433219894767;10.181905899000071;53.997652206000055
3641;01210719181013742021;01;0;51;032;2021;07;15;2;3;8;6;0;0;0;1;0;0;0;0;510501.361589120700955;5986643.178950972855091;9.160312422000061;54.027949007000075
3643;01210806145013042021;01;0;58;047;2021;08;13;6;3;4;6;0;0;0;1;0;0;0;0;535492.862052150070667;6013079.618130045011640;9.544928077000066;54.264427218000037
3644;01211001125013592021;01;0;01;000;2021;10;10;6;3;0;6;0;1;0;1;0;1;0;0;525515.792277923785150;6068742.064543003216386;9.396569549000048;54.765256787000055
3645;01210730152013072021;01;0;55;028;2021;07;10;6;3;5;3;0;0;0;1;0;0;0;0;601134.563201208598912;6003658.405013367533684;10.549288297000032;54.171019883000042
3647;01211005152013922021;01;0;55;040;2021;10;12;3;3;2;6;0;1;0;1;0;0;0;0;606315.265643316321075;5972647.715000890195370;10.617763619000073;53.891364929000076
3648;01210802171013532021;01;0;56;028;2021;08;14;2;2;9;7;0;0;0;1;0;0;0;0;544662.599789146333933;5940830.394989943131804;9.675136897000073;53.614377946000047
3649;01211018125013252021;01;0;01;000;2021;10;14;2;3;5;3;0;1;0;1;0;0;0;0;528775.226999999955297;6071569.504999840632081;9.447506845000021;54.790489346000072
3651;01211230105132072022;01;0;02;000;2021;12;07;5;3;3;6;2;1;0;1;0;0;1;0;571128.481064788065851;6019153.145957246422768;10.093410193000068;54.315289569000072
3652;01210703161013002021;01;0;62;090;2021;07;18;7;3;5;2;0;0;1;1;0;0;0;0;575860.565950216725469;5948401.385465720668435;10.148502052000026;53.678826944000036
3653;01211021152013902021;01;0;55;044;2021;10;18;5;2;5;3;2;1;0;1;0;0;0;0;615910.483187288977206;5986079.148283720016479;10.768797714000073;54.009973438000031
3654;01211216152013582021;01;0;03;000;2021;12;16;5;3;5;2;2;0;0;1;0;0;0;0;607458.534644349478185;5968324.482238873839378;10.633637872000065;53.852287424000053
3656;01211108181013242021;01;0;61;052;2021;11;12;2;3;5;3;0;1;0;1;0;0;0;0;527153.530000000260770;5979013.810999784618616;9.413836674000038;53.958770985000058
3657;01211024181013482021;01;0;51;113;2021;10;12;1;3;2;6;0;0;0;1;0;0;0;0;499149.158702699467540;6002734.361506050452590;8.986965873000031;54.172678955000038
3658;01210911181013392021;01;0;51;069;2021;09;10;7;2;8;2;0;0;0;1;0;0;0;0;503835.405104774981737;6004863.977070370689034;9.058782098000052;54.191805545000079
3659;01210825145013682021;01;0;58;085;2021;08;16;4;3;8;7;0;1;0;1;0;0;0;0;542548.232520910911262;5991873.923871889710426;9.650247737000029;54.073311731000047
3660;01210716145013672021;01;0;58;012;2021;07;07;6;3;4;6;0;0;0;1;0;0;0;1;554184.848839133046567;6039159.736517298966646;9.836634194000055;54.497155061000058
3661;01210817152013932021;01;0;03;000;2021;08;15;3;3;2;6;0;1;0;1;0;0;0;0;609098.440635851584375;5970754.900139272212982;10.659421182000074;53.873781254000050
3662;01210624134013442021;01;0;02;000;2021;06;16;5;3;0;3;0;0;1;1;0;0;0;0;570508.047327678650618;6023728.818086815997958;10.084956630000022;54.356491703000074
3663;01210721125013282021;01;0;59;075;2021;07;15;4;3;0;7;0;0;1;0;0;0;0;0;536914.414932822808623;6042248.665546871721745;9.570376937000049;54.526465366000082
3664;01211011161013752021;01;0;62;023;2021;10;11;2;3;5;2;0;0;1;0;0;1;0;0;583065.966756205074489;5946613.512127198278904;10.257083241000032;53.661665102000029
3665;01211222171013102022;01;0;60;044;2021;12;18;4;3;5;3;2;0;0;1;0;0;0;0;562216.815052216872573;5966385.053950823843479;9.945598730000029;53.842249660000050
3666;01211212152013002021;01;0;55;004;2021;12;17;1;3;6;4;2;1;0;1;1;0;0;0;611479.489782487042248;5976199.889371354132891;10.697602621000044;53.922193699000047
3667;01211129171013352021;01;0;60;005;2021;11;06;2;3;2;6;2;1;0;1;0;0;0;0;585977.863472429104149;5976924.792684523388743;10.309597803000031;53.933568234000063
3668;01211103181013352021;01;0;61;049;2021;11;07;4;3;4;6;0;0;1;0;0;0;0;0;547827.292000002227724;5977853.198999783024192;9.728713728000059;53.946841978000066
3669;01210903134013772021;01;0;57;009;2021;09;19;6;2;8;1;0;0;0;0;0;1;0;0;596399.156856227666140;5997747.933368690311909;10.474884702000054;54.118827104000047
3670;01210821171013162021;01;0;56;043;2021;08;17;7;3;5;3;0;0;1;0;0;0;0;1;557696.349674175493419;5943019.194302469491959;9.872543426000050;53.632776229000058
3671;01210617125013462021;01;0;59;008;2021;06;06;5;2;2;6;0;0;0;0;0;1;0;1;537709.791770596057177;6050867.924349866807461;9.583771435000074;54.603864655000052
3672;01210711161013352021;01;0;53;131;2021;07;10;1;3;8;7;0;0;0;1;0;0;0;0;595632.520929523743689;5922521.508575646206737;10.439828843000043;53.443033619000062
3673;01210620105132592021;01;0;61;041;2021;06;03;1;3;8;7;1;0;0;1;0;0;0;0;540387.028527044691145;5965607.152623226866126;9.613744355000051;53.837414009000042
3674;01210809161013252021;01;0;62;001;2021;08;15;2;3;5;3;0;0;1;1;0;0;0;0;581528.827000008895993;5948674.145999768748879;10.234368043000075;53.680424539000057
3676;01210924152013212022;01;0;55;032;2021;09;14;6;3;5;2;0;0;1;1;0;0;0;0;617377.840452887117863;5996177.759794132784009;10.795085540000059;54.100362147000055
3677;01210722152013372021;01;0;55;042;2021;07;17;5;3;5;2;0;0;0;1;0;0;0;0;616615.182000060565770;5984103.606999712064862;10.778788703000032;53.992067342000041
3680;01211206125013512021;01;0;59;018;2021;12;16;2;3;5;2;2;0;0;0;0;1;0;1;535827.079000000841916;6038641.490999819710851;9.553138925000042;54.494126710000046
3681;01210907161013432021;01;0;62;087;2021;09;13;3;3;9;7;0;0;0;0;0;1;0;0;601309.638000031933188;5968979.867999758571386;10.540413932000035;53.859411904000069
3682;01211122125013582021;01;0;01;000;2021;11;20;2;3;2;6;0;1;0;1;0;0;0;0;525424.307569994591177;6068350.674071814864874;9.395113457000036;54.761744173000068
3683;01211114145013562021;01;0;58;151;2021;11;19;1;3;8;7;2;0;0;1;0;0;0;0;532613.721000001765788;5994041.766999797895551;9.498663376000025;54.093519887000070
3684;01211028152013462022;01;0;03;000;2021;10;13;5;3;2;6;0;0;0;1;0;0;0;0;610665.041036335751414;5968260.934909973293543;10.682339051000042;53.851043144000073
3685;01210916125013462022;01;0;59;171;2021;09;17;5;3;4;6;0;1;0;1;0;0;0;0;526713.272737855091691;6057782.074609259143472;9.414175267000076;54.666701378000027
3686;01210830161013952021;01;0;62;027;2021;08;06;2;3;2;6;0;1;0;1;0;0;1;0;588146.705000015906990;5952969.252999763935804;10.335757329000046;53.717945720000046
3687;01211119125013532021;01;0;01;000;2021;11;07;6;3;5;3;1;1;0;1;0;0;0;0;529353.739456072449684;6073077.296105207875371;9.456656156000065;54.804005507000056
3688;01210920152013222021;01;0;03;000;2021;09;18;2;3;5;2;0;0;0;1;0;0;0;1;609835.008637866005301;5971422.637101899832487;10.670858576000057;53.879625015000045
3690;01210804134013592021;01;0;02;000;2021;08;08;4;3;2;6;0;0;1;0;0;0;0;1;575902.231553266756237;6027383.326889174059033;10.168874680000044;54.388554741000064
3691;01210929152013092021;01;0;55;020;2021;09;19;4;3;4;6;2;1;0;1;0;0;0;1;619141.345128515735269;6012183.969021914526820;10.828372108000053;54.243742246000068
3692;01210727181013062021;01;0;51;075;2021;07;19;3;2;9;1;0;0;0;0;0;1;0;0;501359.544999999925494;6008151.497999802231789;9.020851506000042;54.221365027000047
3694;01211005145013022021;01;0;58;074;2021;10;20;3;3;8;7;2;0;0;0;0;0;0;1;549023.459117499180138;5998252.564098553732038;9.750231259000032;54.130061017000060
3695;01210706105132382021;01;0;58;169;2021;07;17;3;3;2;6;0;0;0;1;0;0;0;0;560390.432618466205895;5991374.888712760061026;9.922790250000048;54.067044456000076
3696;01210802125013092021;01;0;54;118;2021;08;15;2;3;2;6;0;0;0;1;0;0;0;0;507121.130916181020439;6037694.271114233881235;9.109923954000067;54.486829151000052
3697;01211015181013122021;01;0;51;026;2021;10;16;6;3;2;6;0;0;0;1;0;0;0;0;517293.972121790982783;5989665.863561758771539;9.264178771000047;54.054933215000062
3699;01211228125013712021;01;0;01;000;2021;12;16;3;3;2;6;2;0;0;1;0;0;0;0;529006.692110568284988;6068335.033625593408942;9.450783132000026;54.761409518000050
3700;01211021134013092021;01;0;57;062;2021;10;17;5;3;9;6;0;1;0;1;0;0;0;0;585256.447962834499776;6011204.705367218703032;10.308267559000058;54.241708237000068
3701;01211216134013402022;01;0;02;000;2021;12;10;5;3;3;6;0;0;1;0;0;0;0;1;573690.413639884442091;6021446.879008963704109;10.133351212000036;54.335536994000051
3702;01211108134013362021;01;0;02;000;2021;11;07;2;3;2;6;0;1;0;1;0;0;0;0;574788.892100694589317;6017463.473292263224721;10.149243906000038;54.299583756000061
3703;01211023105132432021;01;0;55;040;2021;10;11;7;2;8;6;0;0;0;1;0;0;0;1;602928.736209864728153;5974003.837243914604187;10.566709355000057;53.904232494000041
3704;01210909181013622021;01;0;51;013;2021;09;15;5;3;2;6;0;0;0;1;0;0;0;0;491810.810371068306267;5998742.659223167225718;8.874657543000069;54.136738254000079
3705;01210825125013562021;01;0;54;101;2021;08;17;4;3;2;2;0;0;0;1;0;0;0;0;513805.477657720446587;6040708.522698663175106;9.213245957000026;54.513780702000076
3706;01210716125013902021;01;0;01;000;2021;07;17;6;2;5;2;0;0;0;1;0;1;0;0;526673.143000000156462;6070084.219999838620424;9.414680045000068;54.777257970000051
3707;01210828145013672021;01;0;58;043;2021;08;16;7;3;2;6;0;1;0;1;0;0;0;0;555533.257539837621152;6033886.357471276074648;9.856461080000031;54.449621575000037
3708;01210622161013552021;01;0;62;035;2021;06;16;3;3;2;6;0;0;0;1;0;0;0;1;585824.992251577787101;5946181.849065707996488;10.298706233000075;53.657340595000051
3709;01210719134013562021;01;0;57;007;2021;07;09;2;3;4;6;0;0;0;1;0;0;1;0;607958.878348678350449;6016217.680090628564358;10.658300832000066;54.282460346000050
3711;01210629105132852021;01;0;62;009;2021;06;11;3;3;2;6;0;0;0;1;0;0;1;0;577669.485766532830894;5935400.692667419090867;10.172639287000038;53.561729199000069
3712;01211009171013172021;01;0;56;028;2021;10;17;7;3;0;3;1;0;0;1;0;0;0;0;544223.698060954920948;5941560.368483107537031;9.668606454000042;53.620976100000064
3713;01211221125013302021;01;0;54;020;2021;12;17;3;2;6;4;2;1;0;1;1;0;0;0;499214.502077916637063;6050022.176953576505184;8.987841910000043;54.597670683000047
3714;01211212134013412021;01;0;02;000;2021;12;02;1;3;0;7;2;1;0;0;0;0;0;1;573674.593451003544033;6018999.538736063987017;10.132503639000049;54.313548282000056
3715;01211127171013422021;01;0;60;063;2021;11;13;7;3;5;2;0;1;1;1;0;0;0;0;565705.200015214271843;5948450.120678802952170;9.994791196000051;53.680640435000043
3716;01211101171013462021;01;0;60;005;2021;11;11;2;2;2;6;0;0;0;1;0;0;0;0;584370.754339880309999;5976683.041022479534149;10.285058738000032;53.931660276000059
3717;01210901171013952021;01;0;56;004;2021;09;09;4;3;0;7;0;0;1;0;0;0;0;0;557748.259000003337860;5958358.907999772578478;9.876187352000045;53.770633397000040
3718;01211107145013942021;01;0;04;000;2021;11;19;1;3;5;2;2;1;1;1;0;0;0;0;563779.042318273335695;5991603.683033496141434;9.974609675000067;54.068692222000038
3719;01210616152013922021;01;0;03;000;2021;06;13;4;2;2;6;0;0;0;1;0;0;0;0;611323.967000049538910;5971081.832999732345343;10.693374689000052;53.876245829000027
3720;01210709145013372021;01;0;58;051;2021;07;18;6;2;5;3;0;1;1;1;0;0;0;0;568706.203871947713196;6025972.309941168874502;10.057753658000024;54.376897352000071
3721;01210807171013462021;01;0;56;037;2021;08;14;7;3;8;1;0;1;0;0;0;1;0;0;542212.167053673416376;5947852.946783622726798;9.639051367000036;53.677699087000065
3723;01211008145013342021;01;0;58;053;2021;10;14;6;3;2;6;0;0;0;1;0;0;0;0;568258.462657114490867;6011113.922570915892720;10.047465560000035;54.243440909000071
3724;01210803152013862021;01;0;55;043;2021;08;13;3;3;2;6;0;0;0;0;0;1;0;0;612103.803746100515127;6017686.299517095088959;10.722488212000030;54.294761522000044
3725;01211019152013672021;01;0;55;043;2021;10;13;3;2;5;3;0;0;0;1;0;0;0;1;613755.747972407378256;6014240.504514547064900;10.746547537000026;54.263441800000066
3728;01210906181013152021;01;0;61;098;2021;09;15;2;2;2;6;0;0;0;1;0;1;0;0;539029.388114783912897;5978236.533243443816900;9.594723593000026;53.951025500000071
3730;01211111181013002021;01;0;51;110;2021;11;16;5;2;4;6;0;1;0;0;0;1;1;0;513083.385601322166622;5987567.442386660724878;9.199768843000072;54.036197105000042
3731;01211027181013322021;01;0;61;041;2021;10;19;4;3;5;3;2;0;0;1;0;0;0;0;539627.973854289390147;5966342.419307025149465;9.602304867000043;53.844080783000038
3732;01210914145013032021;01;0;58;169;2021;09;15;3;3;2;6;0;0;0;1;0;0;0;0;560512.625023099593818;5991691.492884274572134;9.924720351000076;54.069875328000080
3733;01210909145013762021;01;0;04;000;2021;09;14;5;3;0;7;0;0;1;0;0;0;0;0;565191.063860752619803;5992289.670312300324440;9.996330856000043;54.074680087000047
3734;01210820145013922021;01;0;58;124;2021;08;12;6;3;5;3;0;1;0;1;0;0;0;0;543924.085536509752274;6014935.851939607411623;9.674637549000067;54.280454518000056
3735;01210628134013632021;01;0;02;000;2021;06;15;2;3;5;3;0;0;0;1;0;0;0;0;574046.426002112217247;6022789.153952667489648;10.139158913000074;54.347546635000072
3736;01210709145013952021;01;0;58;086;2021;07;13;6;2;8;1;0;0;0;1;0;0;0;0;543785.913533473387361;6010881.594400104135275;9.671922772000073;54.244031147000044
3737;01210928161013112021;01;0;53;105;2021;09;15;3;2;5;2;0;0;0;1;0;1;0;0;596057.342000024393201;5931243.263999747112393;10.448890990000052;53.521328566000079
3738;01210727152013612021;01;0;55;035;2021;07;11;3;2;5;3;0;0;0;1;0;0;0;1;617422.161000062711537;5980142.805999703705311;10.789565535000065;53.956302474000040
3740;01211015161013082021;01;0;53;100;2021;10;05;6;3;2;6;2;0;0;1;0;0;1;0;614448.884489988908172;5952271.629200043156743;10.733899636000046;53.706573318000039
3742;01211223161013222022;01;0;62;004;2021;12;15;5;3;2;1;0;2;0;1;0;0;0;0;592190.350369229912758;5962426.177340364083648;10.399837843000057;53.802223214000037
3743;01211214134013032021;01;0;02;000;2021;12;08;3;3;2;6;1;1;0;1;0;0;0;0;574087.872501184232533;6022405.261161454021931;10.139700954000034;54.344091102000050
3744;01211202105132442021;01;0;62;081;2021;12;07;5;3;8;1;2;2;0;1;0;0;0;0;587306.467957069166005;5954849.393601283431053;10.323558851000030;53.734981776000041
3745;01210923125013732021;01;0;54;109;2021;09;14;5;3;5;2;0;0;0;1;0;0;0;0;490959.008999527432024;6069388.858263602480292;8.859462040000039;54.771636154000078
3746;01210824134013102021;01;0;57;048;2021;08;14;3;2;5;2;0;0;0;0;0;1;0;1;603128.797571051865816;6016725.760293124243617;10.584315751000076;54.288022119000061
3747;01210618181013012021;01;0;61;027;2021;06;07;6;3;4;6;0;0;1;0;0;0;0;0;530964.642301192507148;5960095.963781822472811;9.470008025000027;53.788526993000062
3748;01210713171013692021;01;0;60;060;2021;07;10;3;2;9;1;0;0;0;1;0;0;0;0;588970.906524002552032;5986790.164792843163013;10.358053697000059;54.021707212000081
3749;01210621125013682021;01;0;54;019;2021;06;07;2;3;5;3;0;0;0;1;0;1;0;0;497876.769019255414605;6052002.439132196828723;8.967121881000025;54.615463462000037
3750;01210811181013562021;01;0;51;074;2021;08;19;4;3;2;6;0;0;0;1;0;0;0;0;505510.451000000350177;5993451.384999793022871;9.084245687000021;54.089217372000064
3752;01210814161013092021;01;0;53;032;2021;08;22;7;3;1;5;2;0;0;1;0;0;0;0;591478.799848272465169;5921677.396255301311612;10.377066002000049;53.436185529000056
3753;01210927171013502022;01;0;60;049;2021;09;16;2;3;5;3;0;0;1;1;0;0;0;0;586513.798683986067772;5979850.764677679166198;10.318587815000058;53.959770630000037
3754;01211219125013972021;01;0;59;174;2021;12;18;1;3;0;1;2;0;0;1;0;0;0;0;521929.389965167269111;6060143.620893245562911;9.340182658000060;54.688154820000079
3755;01211208125013792022;01;0;54;056;2021;12;07;4;3;2;6;2;1;0;1;0;0;0;0;502933.513809374533594;6038564.670261148363352;9.045291300000031;54.494693075000043
3756;01211125152013552021;01;0;03;000;2021;11;05;5;3;5;3;2;0;1;1;0;0;0;0;611269.872468780726194;5969108.290022796019912;10.691836443000057;53.858526739000069
3757;01211117125013952021;01;0;54;056;2021;11;17;4;3;5;2;2;1;1;1;0;0;0;0;503461.907921452075243;6037491.928179414942861;9.053436740000052;54.485048820000031
3758;01211031171013532021;01;0;56;001;2021;10;17;1;3;9;1;2;0;0;1;0;0;0;0;550161.527229363098741;5943368.878070956096053;9.758662298000047;53.636695338000038
3759;01210919134013272021;01;0;02;000;2021;09;03;1;3;8;7;2;0;0;1;0;0;0;0;573329.551883906126022;6025754.243568964302540;10.128862976000050;54.374293412000043
3760;01210901145013412021;01;0;58;143;2021;09;18;4;3;5;3;0;0;0;1;0;0;0;0;566972.407762170769274;6006953.922839159145951;10.026805730000035;54.206228451000072
3761;01211107125013572021;01;0;59;185;2021;11;09;1;3;9;1;0;1;0;1;0;0;0;0;538921.179225002415478;6057975.577168492600322;9.603468392000025;54.667645466000067
3762;01211105152013752021;01;0;03;000;2021;11;15;6;3;5;2;0;0;1;1;0;0;0;0;610943.779838900081813;5968106.672354569658637;10.686518712000066;53.849597744000050
3763;01210922161013162021;01;0;62;069;2021;09;09;4;3;2;2;0;0;0;1;0;0;0;0;586120.190032257698476;5944495.178986696526408;10.302704582000047;53.642135453000037
3764;01210806105132402021;01;0;61;046;2021;08;18;6;2;3;1;0;1;0;1;0;0;0;0;531652.415156023576856;5976261.719472629949450;9.482114661000026;53.933780349000074
3765;01211001171013582021;01;0;60;004;2021;10;06;6;2;8;7;2;1;0;1;0;0;0;0;560122.670536071062088;5973364.149225642904639;9.915143904000047;53.905217102000051
3766;01210729161013542021;01;0;62;004;2021;07;11;5;3;0;7;0;1;0;0;0;1;0;0;586525.175074089318514;5961221.169977823272347;10.313503895000053;53.792368205000059