OBJECTID;UIDENTSTLAE;ULAND;UREGBEZ;UKREIS;UGEMEINDE;UJAHR;UMONAT;USTUNDE;UWOCHENTAG;UKATEGORIE;UART;UTYP1;ULICHTVERH;USTRZUSTAND;IstRad;IstPKW;IstFuss;IstKrad;IstGkfz;IstSonstige;LINREFX;LINREFY;XGCSWGS84;YGCSWGS84
3768;01211006134013812021;01;0;57;057;2021;10;11;4;3;2;2;0;0;0;1;0;0;0;0;591242.994223195128143;6002915.115290444344282;10.397585962000051;54.166195001000062
3769;01210802181013792021;01;0;51;099;2021;08;16;2;3;5;3;0;1;0;1;0;0;0;0;518990.897012257948518;5991918.636407265439630;9.290241404000028;54.075120746000039
3770;01211018125013542021;01;0;59;075;2021;10;06;2;3;2;6;2;1;0;1;0;1;0;0;535222.447904973290861;6041888.322542764246464;9.544192065000061;54.523347513000033
3773;01210704125013562021;01;0;59;075;2021;07;00;1;3;0;7;2;0;1;0;0;0;0;0;537590.716922288760543;6042683.255756063386798;9.580881556000065;54.530321156000070
3774;01211022105132702021;01;0;62;081;2021;10;17;6;3;2;6;0;1;0;1;0;0;0;0;587202.671757656149566;5955080.304266771301627;10.322050891000060;53.737074086000064
3775;01211218181013922021;01;0;51;027;2021;12;11;7;3;0;7;0;1;1;0;0;0;0;0;503010.888349805958569;5991420.411682292819023;9.046011332000035;54.070984089000035
3776;01210904145013652021;01;0;04;000;2021;09;16;7;3;5;3;0;0;1;1;0;0;0;0;565415.985000004060566;5998752.186999797821045;10.001165777000040;54.132726269000045
3778;01211110134013482021;01;0;57;046;2021;11;17;4;3;5;2;2;1;0;1;0;0;0;0;584816.929685231298208;6014159.944036269560456;10.302361567000048;54.268334682000045
3779;01211026161013682021;01;0;62;087;2021;10;19;3;3;9;7;2;1;0;1;0;0;0;0;600829.435359221883118;5969319.985297005623579;10.533227078000039;53.862561304000053
3780;01210913152013102021;01;0;55;035;2021;09;15;2;3;4;6;0;0;0;1;0;1;0;0;611701.363000048324466;5983203.614999733865261;10.703543067000055;53.985067498000035
3781;01210827152013302021;01;0;03;000;2021;08;15;6;3;2;6;0;0;0;1;0;1;0;0;609557.492269481532276;5971260.628815039992332;10.666580949000036;53.878228161000038
3782;01210718152013232021;01;0;55;041;2021;07;10;1;3;3;6;0;0;0;1;0;0;0;1;612041.396887465380132;5992395.637035977095366;10.712115823000033;54.067573827000047
3783;01210819105132992021;01;0;58;049;2021;08;19;5;2;3;6;0;0;0;1;0;0;0;0;553860.823138132691383;6010155.821170030161738;9.826382213000045;54.236548063000043
3784;01210625171013112021;01;0;56;005;2021;06;14;6;3;5;2;0;0;1;1;0;0;0;0;559953.013357578776777;5945824.035292269662023;9.907207275000076;53.657730658000048
3785;01210707134013992021;01;0;02;000;2021;07;17;4;3;4;6;0;0;1;0;0;0;0;1;574278.503471652045846;6019920.679423114284873;10.142013951000024;54.321737845000030
3786;01210725161013632021;01;0;62;004;2021;07;07;1;2;0;1;0;1;1;0;0;0;0;0;588420.341893675737083;5962003.231716997921467;10.342489496000042;53.799077106000027
3788;01211014145013082021;01;0;58;023;2021;10;17;5;2;2;6;1;1;0;1;0;1;0;0;557245.344370823353529;6003425.623644854873419;9.877022103000058;54.175699618000067
3789;01211222134013392021;01;0;02;000;2021;12;06;4;3;5;3;2;2;1;1;0;0;0;0;572435.670216054655612;6019862.996762134134769;10.113672836000035;54.321484339000051
3790;01211213134013902021;01;0;02;000;2021;12;07;2;3;4;6;2;1;1;0;0;0;0;0;573179.771000006236136;6023069.150999810546637;10.125897600000030;54.350187683000058
3791;01211201125013732021;01;0;54;037;2021;12;13;4;2;4;2;0;1;0;1;0;0;1;0;508318.209927536547184;6058744.827645979821682;9.128998586000023;54.675992768000071
3792;01211103161013022021;01;0;62;053;2021;11;18;4;3;0;2;2;0;0;1;0;0;0;1;577453.660271542146802;5933216.185470839962363;10.168840374000069;53.542129539000030
3793;01210822171013882021;01;0;60;063;2021;08;17;1;3;5;3;0;1;1;1;0;0;0;0;563618.896000002510846;5946120.173999767750502;9.962731590000033;53.659959029000049
3794;01210617171013712021;01;0;56;013;2021;06;09;5;3;5;3;0;0;1;1;0;0;0;0;559487.319000002928078;5943410.245999768376350;9.899699462000058;53.636090290000027
3795;01210712152013072021;01;0;03;000;2021;07;20;2;3;5;3;0;1;0;1;0;0;0;1;614443.625561740249395;5968296.130906451493502;10.739765824000074;53.850540491000061
3796;01210620161013322021;01;0;53;009;2021;06;14;1;3;8;1;0;0;0;0;0;1;0;0;609273.635601323097944;5957190.296052848920226;10.657269016000043;53.751874217000079
3797;01210810145013862021;01;0;58;135;2021;08;16;3;3;5;2;0;0;0;1;0;0;0;0;543135.124892757274210;6016475.399643694981933;9.662742749000074;54.294357430000048
3799;01210813161013872021;01;0;62;069;2021;08;07;6;3;5;3;0;0;1;1;0;0;0;0;586551.855628179386258;5943570.835232857614756;10.308975132000057;53.633757977000073
3800;01210926145013562021;01;0;04;000;2021;09;20;1;3;2;6;2;0;0;1;0;0;0;0;563357.150356193073094;5992215.198590075597167;9.968291620000059;54.074239674000069
3801;01210723171013572021;01;0;60;063;2021;07;10;6;3;2;6;0;0;0;1;0;0;0;0;564070.878246727399528;5946545.503363762050867;9.969658010000046;53.663726343000064
3802;01211207105132772021;01;0;58;104;2021;12;06;3;3;2;6;2;1;0;1;0;0;0;1;567319.043838825076818;6018229.103533865883946;10.034652831000074;54.307502595000074
3803;01210908134013052021;01;0;02;000;2021;09;20;4;3;6;4;1;0;1;0;1;0;0;0;574324.195808573625982;6019971.543210452422500;10.142728973000033;54.322188239000070
3804;01211124134013182021;01;0;57;062;2021;11;17;4;3;5;3;2;0;1;1;0;0;0;0;583291.570623157545924;6010211.423974288627505;10.277848930000062;54.233106702000043
3805;01211117105132542021;01;0;53;126;2021;11;17;4;3;2;6;2;1;0;1;0;0;0;0;607690.657905713655055;5934896.631829300895333;10.625547143000063;53.551899456000058
3806;01211029152013042021;01;0;55;037;2021;10;09;6;2;4;6;0;0;0;1;0;0;0;0;621875.017325550317764;5998475.809819264337420;10.864748836000047;54.119960252000055
3807;01210916171013542021;01;0;56;041;2021;09;14;5;3;5;3;0;1;1;0;0;0;0;1;559597.706733939237893;5954485.484699757769704;9.903497022000067;53.735613949000026
3808;01210831152013362021;01;0;03;000;2021;08;18;3;3;5;3;0;0;1;1;0;0;0;0;608956.438466365449131;5971620.613638957962394;10.657569937000062;53.881588951000026
3809;01211120152013572021;01;0;55;041;2021;11;18;7;3;5;2;2;0;0;1;0;0;0;0;611151.351146955974400;5994031.639019200578332;10.699121816000059;54.082464184000060
3810;01210921152013262021;01;0;55;046;2021;09;20;3;3;0;7;1;1;1;0;0;0;0;0;634246.530000113882124;6038695.146999547258019;11.071976023000047;54.478115681000077
3811;01210804152013862021;01;0;55;012;2021;08;07;4;2;5;2;0;0;0;1;0;0;0;0;607087.383000040426850;5997982.701999757438898;10.638425107000046;54.118821983000032
3812;01210929134013312021;01;0;57;081;2021;09;06;4;3;5;3;2;0;0;1;0;0;0;0;587883.485227559693158;6022800.769754467532039;10.351976562000061;54.345454448000055
3813;01210728105132232021;01;0;55;039;2021;07;10;4;3;2;6;0;0;0;1;0;0;0;0;615120.288281048648059;5993318.601722495630383;10.759491148000052;54.075186699000028
3815;01211004152013992021;01;0;55;032;2021;10;16;2;3;5;3;0;0;0;1;0;0;0;0;619249.441759733483195;5999331.395242340862751;10.824936755000067;54.128261603000055
3816;01210706152013752021;01;0;55;012;2021;07;16;3;3;0;3;0;0;0;0;0;1;1;0;606840.685000038705766;5998424.866999758407474;10.634808727000063;54.122845733000077
3817;01210801134013672021;01;0;02;000;2021;08;10;1;3;5;2;0;1;1;1;0;0;0;0;573388.522000005468726;6021202.534999808296561;10.128649011000050;54.333384911000053
3818;01211017152013382021;01;0;55;035;2021;10;11;1;3;4;6;0;1;0;1;0;0;0;0;612969.883068204857409;5977779.623375892639160;10.720870917000070;53.936063105000073
3820;01211229181013982022;01;0;61;003;2021;12;17;4;3;5;2;2;1;0;1;0;0;0;0;528942.177000000141561;5986823.161999795585871;9.441838366000070;54.028861792000043
3821;01210703171013992021;01;0;60;063;2021;07;14;7;3;2;6;0;0;0;1;0;1;0;0;569330.178728937171400;5950361.749720193445683;10.050091710000061;53.697351651000076
3822;01211020161013612021;01;0;62;023;2021;10;02;4;2;4;1;2;1;0;1;0;0;0;1;583206.361000011675060;5947284.575999764725566;10.259387144000073;53.667673130000082
3823;01211217134013432021;01;0;02;000;2021;12;07;6;3;2;6;1;0;0;1;0;0;0;1;569972.909617551602423;6025047.991791859269142;10.077033800000038;54.368419239000048
3825;01211109125013362021;01;0;59;145;2021;11;18;3;2;5;3;2;1;0;1;0;0;0;0;535729.812000000849366;6073209.598999839276075;9.555860311000060;54.804780695000034
3826;01211024161013342021;01;0;53;066;2021;10;15;1;3;4;6;0;0;0;0;0;1;0;1;625299.147089628502727;5938165.887364411726594;10.892503246000047;53.577362834000041
3827;01210911152013882021;01;0;03;000;2021;09;03;7;3;0;7;2;1;0;0;0;0;0;1;609040.612694823183119;5971955.026445932686329;10.658968874000038;53.884575739000070
3828;01210824181013432021;01;0;51;047;2021;08;16;3;2;5;3;0;0;0;1;0;0;0;1;499540.328235191293061;6014889.799454683437943;8.992939623000041;54.281927372000041
3829;01210716145013052021;01;0;58;009;2021;07;15;6;3;0;7;0;0;1;0;0;0;0;0;551351.135160371661186;5992708.360528439283371;9.784907722000071;54.080008490000068
3830;01210829152013462021;01;0;55;042;2021;08;06;1;3;5;3;0;0;0;1;0;0;0;0;615987.682061907835305;5984226.633201686665416;10.769269054000063;53.993313803000035
3831;01210624125013332021;01;0;54;052;2021;06;07;5;2;4;6;0;0;0;1;0;0;1;0;505268.831308385357261;6039807.292288742959499;9.081369038000048;54.505841834000080
3832;01210721161013702021;01;0;53;106;2021;07;09;4;3;4;6;0;1;0;1;0;0;0;1;601643.647000030614436;5931720.518999734893441;10.533275265000043;53.524566338000056
3833;01211011105132122021;01;0;58;169;2021;10;11;2;3;2;6;0;0;0;1;0;0;0;0;560449.681021989323199;5992403.859531041234732;9.923900750000030;54.076284499000053
3834;01211221125013562021;01;0;59;077;2021;12;14;3;3;2;6;0;0;0;1;0;0;0;0;530082.220645380206406;6041330.424031738191843;9.464721002000033;54.518665004000070
3835;01211212134013052022;01;0;57;086;2021;12;12;1;3;8;1;0;1;0;1;0;0;0;0;576243.137721586972475;6004952.558500656858087;10.168404310000028;54.186949773000038
3836;01211129145013522021;01;0;04;000;2021;11;18;2;2;0;7;2;1;0;0;0;1;0;0;565079.767048735171556;5992521.796463413164020;9.994680034000055;54.076780150000047
3837;01211102145013062021;01;0;58;043;2021;11;11;3;3;5;2;0;0;1;0;0;0;1;0;555223.848291742615402;6034219.772236822172999;9.851751996000075;54.452651446000061
3838;01210903145013812021;01;0;58;135;2021;09;07;6;3;5;3;0;0;1;1;0;0;0;0;543268.770000000484288;6016726.796999810263515;9.664832359000059;54.296605406000026
3839;01210821105132102021;01;0;54;152;2021;08;19;7;3;0;6;0;0;0;1;0;0;0;0;512739.125061642378569;6040199.517449038103223;9.196752697000022;54.509234144000061
3840;01210616181013572021;01;0;51;082;2021;06;06;4;3;1;5;0;0;0;1;0;0;0;0;511184.580410726368427;6002022.153089672327042;9.171310895000033;54.166156737000051
3841;01210710152013202021;01;0;03;000;2021;07;19;7;2;5;3;0;0;1;1;0;0;0;0;615034.410793140530586;5973403.670785723254085;10.750658152000028;53.896295677000069
3842;01210809152013762022;01;0;55;041;2021;08;14;2;3;0;7;0;0;0;1;0;0;0;1;613057.176115885376930;5996211.779086263850331;10.729055240000037;54.101635029000079
3844;01210924134013452021;01;0;02;000;2021;09;18;6;3;0;4;0;0;1;1;1;0;0;0;573616.070254201069474;6020915.301968242973089;10.132076840000025;54.330771154000047
3845;01210723125013122021;01;0;01;000;2021;07;13;6;3;5;2;0;0;1;1;0;0;0;0;530613.575000001117587;6072524.532999837771058;9.476196279000021;54.798962831000040
3848;01211204181013412021;01;0;61;049;2021;12;17;7;3;6;2;2;0;0;1;1;0;0;0;547824.594000001437962;5977857.237999787554145;9.728673257000025;53.946878527000081
3849;01210907145013732021;01;0;04;000;2021;09;13;3;3;9;7;0;0;1;0;0;0;0;0;564779.784330422990024;5994937.803858067840338;9.990612897000062;54.098529275000033
3850;01211122134013742021;01;0;57;063;2021;11;09;2;3;2;7;0;0;0;1;0;0;0;1;581483.556769691407681;6026495.600582413375378;10.254560276000063;54.379715897000040
3851;01211115161013192021;01;0;53;099;2021;11;20;2;3;7;7;2;0;0;0;0;1;0;0;604898.337860302999616;5944432.224044084548950;10.586623608000025;53.638142874000039
3852;01211028152013492021;01;0;55;028;2021;10;16;5;2;6;2;0;0;0;1;1;0;0;0;601754.876656332053244;6003962.848079461604357;10.558889916000055;54.173632514000076
3853;01210914152013132021;01;0;03;000;2021;09;17;3;3;7;7;0;0;1;0;1;0;0;0;607410.606249237433076;5967065.055315965786576;10.632469170000036;53.840982023000038
3854;01210830161013232021;01;0;53;002;2021;08;16;2;3;8;1;0;0;0;1;0;0;0;0;608766.537756938487291;5942290.114856723695993;10.644356858000037;53.618106981000039
3855;01211118161013732022;01;0;62;060;2021;11;11;5;3;2;6;0;1;0;1;0;0;0;1;582025.780185806564987;5932021.385502744466066;10.237507126000025;53.530698297000072
3856;01210816152013602021;01;0;03;000;2021;08;08;2;3;0;5;0;1;0;0;0;1;1;0;609118.737390134483576;5968185.393049264326692;10.658816105000028;53.850691628000050
3857;01210928152013042021;01;0;03;000;2021;09;08;3;3;5;3;0;1;0;1;0;0;0;0;612378.829000051133335;5967398.110999723896384;10.708063865000042;53.842923414000040
3858;01210727152013182021;01;0;55;040;2021;07;14;3;3;5;2;0;0;1;1;0;0;0;0;607113.603383035399020;5980032.107384134083986;10.632493432000047;53.957544884000072
3860;01211015105132152021;01;0;58;153;2021;10;16;6;3;2;6;0;0;0;1;0;0;0;1;564136.230109816417098;6006991.309832328930497;9.983337316000075;54.206927096000072
3862;01211226105132292022;01;0;62;023;2021;12;18;1;2;8;1;2;0;0;1;0;0;0;0;585242.147352382540703;5945418.958176625892520;10.289679801000034;53.650580453000032
3863;01210701105132272021;01;0;56;039;2021;07;16;5;3;3;1;0;1;0;1;0;0;0;0;552755.897019102238119;5947915.957560375332832;9.798668596000027;53.677307424000048
3864;01211216125013252021;01;0;59;083;2021;12;14;5;3;2;6;0;0;0;1;0;0;0;0;548828.011188056319952;6054951.292535861954093;9.756554289000064;54.639606442000058
3865;01211023171013782021;01;0;56;015;2021;10;20;7;3;5;3;2;0;1;1;0;0;0;0;545011.342409722507000;5956930.092291440814734;9.682744955000032;53.759048199000063
3866;01210910152013822021;01;0;03;000;2021;09;15;6;3;2;6;0;0;0;1;0;0;0;0;609747.054207503795624;5971318.857843201607466;10.669484049000062;53.878711246000080
3867;01210823181013002021;01;0;61;049;2021;08;13;2;2;3;6;0;0;1;1;0;0;0;0;547799.986380150541663;5977564.265786936506629;9.728252492000024;53.944247779000079
3868;01210715171013922021;01;0;56;039;2021;07;18;5;3;3;2;0;0;0;1;0;0;0;0;552384.947222733870149;5946363.698053907603025;9.792791457000021;53.663393723000070
3869;01210622171013452021;01;0;60;039;2021;06;16;3;2;5;3;0;0;1;1;0;0;0;0;564705.384980103932321;5961098.038565244525671;9.982303225000067;53.794431956000039
3870;01210719125013912021;01;0;54;168;2021;07;15;2;2;8;6;0;0;1;0;0;0;0;0;458551.942616149783134;6083645.737161362543702;8.353687473000036;54.898120584000083
3871;01210812171013922021;01;0;56;050;2021;08;18;5;3;6;4;0;0;0;1;1;0;0;0;546837.704169075936079;5937194.023856874555349;9.707467635000057;53.581504860000052
3873;01210816105132272021;01;0;03;000;2021;08;12;2;2;8;1;0;1;0;1;0;0;0;0;610446.732671205885708;5962536.019834337756038;10.676966055000037;53.799655129000030
3874;01210628171013462021;01;0;60;046;2021;06;14;2;2;5;2;0;0;0;1;0;1;0;0;574492.429036340676248;5957454.703107537701726;10.129972312000064;53.760382238000034
3875;01211009161013662021;01;0;62;060;2021;10;16;7;3;5;2;0;0;0;1;0;1;0;0;582956.485000011511147;5934482.071999754756689;10.252197316000036;53.552665044000037
3876;01211220171013712022;01;0;60;064;2021;12;16;2;3;2;2;2;0;0;1;0;0;0;1;560671.479737893678248;5967911.369602872058749;9.922416977000069;53.856149402000028
3877;01211209181013452021;01;0;51;044;2021;12;07;5;3;2;6;1;0;0;1;0;0;0;0;508125.402377708815038;6005521.123703006654978;9.124548986000036;54.197661697000058
3878;01211126152013892021;01;0;03;000;2021;11;18;6;3;2;6;1;0;0;1;0;0;0;0;613834.688208138570189;5969252.831517547369003;10.730868178000037;53.859269340000026
3879;01211118145013692021;01;0;58;110;2021;11;16;5;2;4;6;2;1;0;1;0;0;0;1;561944.083863702602684;6031519.635897712782025;9.954822746000048;54.427613075000068
3880;01211030171013372021;01;0;60;063;2021;10;12;7;3;3;6;0;0;0;1;0;0;0;0;566108.168000004254282;5948518.491999767720699;10.000905768000052;53.681204067000067
3881;01210902125013932021;01;0;54;138;2021;09;16;5;3;2;2;0;0;0;1;0;1;0;0;495795.845000001601875;6018157.102999808266759;8.935379895000040;54.311275071000068
3882;01211107105132582021;01;0;58;168;2021;11;17;1;2;8;7;2;1;0;1;0;0;0;0;556715.142442402429879;6006992.934784708544612;9.869572871000059;54.207816461000050
3883;01211104145013652021;01;0;58;034;2021;11;15;5;3;2;6;0;1;0;1;0;0;0;0;543870.463686350733042;6018713.369001582264900;9.674368551000043;54.314407094000046
3884;01210807152013022021;01;0;03;000;2021;08;12;7;3;5;3;0;0;0;1;0;1;0;0;621951.796546004712582;5980355.950809627771378;10.858645046000049;53.957169396000040
3886;01211007125013222021;01;0;59;179;2021;10;16;5;3;8;6;0;0;0;1;0;0;0;0;511294.213799001649022;6059190.707748906686902;9.175167418000058;54.679941912000061
3887;01210803125013932021;01;0;59;157;2021;08;15;3;3;5;2;0;0;0;1;0;0;0;0;538443.998698915354908;6073078.579285101965070;9.598065942000062;54.803402603000052
3888;01211019152013002021;01;0;03;000;2021;10;18;3;2;5;2;2;1;1;0;0;0;0;0;611857.504399203695357;5971013.749864038079977;10.701461679000033;53.875519421000035
3891;01210628152013862021;01;0;55;035;2021;06;17;2;3;5;2;0;0;0;1;0;0;0;0;612374.768809217028320;5983849.826127015054226;10.714046475000032;53.990727024000080
3892;01210905152013662021;01;0;55;044;2021;09;14;1;3;0;7;0;0;0;0;0;1;0;0;615645.184294904582202;5986813.110717164352536;10.765030492000051;54.016626569000039
3894;01211111171013452021;01;0;62;076;2021;11;17;5;3;2;6;2;1;0;1;0;0;0;0;572640.357972468249500;5953726.448751896619797;10.101007853000056;53.727139243000067
3895;01211027125013122021;01;0;01;000;2021;10;15;4;3;0;7;0;1;0;0;1;1;0;0;527905.506726265884936;6071468.274971164762974;9.433971817000042;54.789628768000057
3896;01210913134013312021;01;0;02;000;2021;09;14;2;3;5;2;0;0;1;1;0;0;0;0;572054.233000007458031;6018075.031999804079533;10.107378095000058;54.305472087000055
3897;01210908171013862021;01;0;56;036;2021;09;16;4;3;5;3;0;0;1;1;0;0;0;0;544712.937693336047232;5947682.428518870845437;9.676883219000047;53.675958533000028
3898;01210827161013692021;01;0;62;004;2021;08;10;6;3;0;3;0;0;0;1;0;0;0;1;589305.827620452269912;5962266.099820066243410;10.356005948000075;53.801287937000041
3899;01210818161013132021;01;0;62;004;2021;08;05;4;2;5;3;0;0;1;1;0;0;0;0;591025.642063493840396;5963018.776304963976145;10.382333542000026;53.807753144000060
3900;01210627145013712021;01;0;04;000;2021;06;19;1;3;0;3;0;0;1;1;0;0;0;0;566294.046071105636656;5995072.860786840319633;10.013794639000025;54.099550123000029
3901;01210709171013332021;01;0;56;051;2021;07;07;6;3;0;7;0;0;1;0;0;0;0;0;544864.834383942186832;5967335.818528795614839;9.682039088000067;53.852583067000069
3902;01210726134013372021;01;0;02;000;2021;07;19;2;3;2;6;0;0;0;1;0;0;0;0;573251.699153195135295;6020992.923673043027520;10.126493764000031;54.331521070000065
3904;01211013152013672021;01;0;03;000;2021;10;10;4;3;2;6;0;0;0;1;0;0;0;0;609182.518840914592147;5971638.258811613544822;10.661014024000053;53.881699950000041
3905;01211223145013392021;01;0;58;022;2021;12;16;5;3;2;6;1;2;0;1;0;0;0;1;566688.027796512469649;6004837.881322402507067;10.021977159000073;54.187250372000051
3906;01211214171013902021;01;0;56;021;2021;12;12;3;2;9;7;0;1;0;1;0;0;0;0;560209.491880286484957;5950481.700958078727126;9.911991589000024;53.699560862000055
3907;01211202145013272021;01;0;58;043;2021;12;12;5;3;0;7;0;0;1;0;0;0;0;0;555212.371165300719440;6034234.630968699231744;9.851577770000063;54.452786217000039
3908;01210822145013022021;01;0;58;024;2021;08;17;1;3;0;7;0;1;0;0;0;1;0;0;545433.256713022477925;6021867.839107688516378;9.698870040000031;54.342618884000046
3909;01210618161013972021;01;0;53;079;2021;06;16;6;2;5;3;0;0;1;1;0;0;0;0;600430.000333879143000;5952118.332563849166036;10.521552105000069;53.708080896000070
3910;01210714145013792021;01;0;58;096;2021;07;10;4;3;5;3;0;0;0;1;0;0;0;0;561714.821421089582145;6028425.957389771938324;9.950645965000035;54.399840978000043
3911;01210621125013702021;01;0;59;103;2021;06;11;2;3;2;6;0;1;0;1;0;0;0;0;536398.248666394501925;6064177.508486151695251;9.565126845000066;54.723567241000069
3912;01210811145013872021;01;0;58;042;2021;08;14;4;2;5;3;0;0;1;0;0;0;0;1;563046.785000003874302;6052953.600999826565385;9.976402156000063;54.620079558000043
3914;01210814171013672021;01;0;56;023;2021;08;11;7;3;5;3;0;0;1;1;0;0;0;0;545527.473804648034275;5950994.093756670132279;9.689699326000039;53.705652574000055
3915;01210927134013432021;01;0;02;000;2021;09;18;2;3;5;3;0;0;0;1;0;0;0;1;574749.226712699048221;6018277.177371392026544;10.148838114000057;54.306901224000057
3916;01211206161013022021;01;0;62;004;2021;12;09;2;3;3;6;0;0;0;1;0;0;0;0;588993.609000016003847;5962100.502999765798450;10.351218878000054;53.799853428000063
3917;01211125125013352021;01;0;01;000;2021;11;08;5;3;5;2;0;1;1;1;0;0;0;0;527718.878161471337080;6070132.872835377231240;9.430941949000044;54.777638536000040
3918;01211116161013372021;01;0;53;100;2021;11;12;3;3;0;7;0;0;1;0;0;0;0;0;617734.682012156583369;5951150.484087439253926;10.783227319000048;53.695770351000078
3919;01211029152013322021;01;0;03;000;2021;10;18;6;3;2;2;2;0;0;1;0;0;0;0;609318.308129019103944;5970302.858943555504084;10.662602763000052;53.869673700000078
3920;01210917152013592021;01;0;03;000;2021;09;11;6;3;0;7;0;0;0;1;1;0;0;0;610262.976389721035957;5970950.497109184041619;10.677196144000050;53.875292417000082
3921;01210901134013432021;01;0;02;000;2021;09;06;4;3;5;2;1;0;1;1;0;0;0;0;572780.651402574032545;6018057.145031256601214;10.118535482000027;54.305208372000038
3922;01211121152013042021;01;0;03;000;2021;11;15;1;3;2;6;0;1;0;1;0;0;0;0;609426.625101540237665;5970923.841495621949434;10.664470937000033;53.875229977000060
3923;01210922125013962021;01;0;59;053;2021;09;14;4;3;8;7;0;0;0;0;0;0;0;1;535617.223870636895299;6025077.583035139366984;9.548269084000026;54.372244626000054
3924;01210806161013522021;01;0;53;064;2021;08;14;6;3;7;7;0;0;0;0;0;1;0;0;606152.325081154704094;5930432.376836441457272;10.600822836000077;53.512100911000061
3925;01211001161013412021;01;0;53;107;2021;10;20;6;2;7;1;2;0;0;1;0;0;0;0;618733.613773026503623;5947651.293419351801276;10.797010105000027;53.664107597000054
3926;01210729181013662021;01;0;61;034;2021;07;08;5;2;5;3;0;0;1;1;0;0;0;0;530727.461000001057982;5975875.977999787777662;9.467987931000039;53.930369132000067
3928;01211005171013072021;01;0;60;005;2021;10;14;3;3;5;3;0;1;0;0;0;0;1;0;583935.460000013001263;5976978.046999778598547;10.278511592000029;53.934381876000032
3929;01210802125013272021;01;0;54;134;2021;08;19;2;3;0;7;0;0;1;0;0;0;0;0;482108.319903216324747;6017707.525858310982585;8.725023924000027;54.306938444000082
3930;01211018134013952021;01;0;02;000;2021;10;20;2;3;5;3;2;0;0;1;0;0;0;1;573383.943020974285901;6018813.901777297258377;10.127991183000063;54.311922055000082
3933;01210704161013862021;01;0;53;032;2021;07;11;1;3;2;6;0;0;0;1;0;0;0;0;591061.295000018551946;5923031.811999745666981;10.371175002000030;53.448428832000047
3934;01211021152013572021;01;0;55;028;2021;10;18;5;3;6;4;2;1;0;1;1;0;0;0;601305.551961011253297;6003441.914739191532135;10.551833812000041;54.169041140000047
3935;01211217161013862021;01;0;53;072;2021;12;14;6;3;2;2;0;0;0;1;0;0;0;0;587292.151000016368926;5927436.579999754205346;10.315660719000050;53.488649415000054
3936;01210629125013572022;01;0;59;068;2021;06;18;3;2;8;1;0;1;0;1;0;0;0;0;555438.738937888294458;6055557.973532019183040;9.859085594000021;54.644375004000040
3937;01211009181013512021;01;0;51;113;2021;10;14;7;2;0;1;0;0;0;0;0;1;0;0;499304.087412334978580;6001804.512728253379464;8.989341390000050;54.164322020000043
3938;01211220161013342021;01;0;62;061;2021;12;14;2;2;9;1;0;0;0;1;0;0;0;0;597588.419493904337287;5965765.814085846766829;10.482833004000042;53.831245975000058
3939;01211209125013132021;01;0;59;045;2021;12;15;5;3;0;7;1;0;1;0;0;0;0;0;560254.872472891584039;6057283.413848744705319;9.934061940000049;54.659327125000061
3940;01211126145013962021;01;0;58;037;2021;11;22;6;2;9;1;2;1;0;1;0;0;0;0;574056.775777868926525;6031146.173456678166986;10.141400064000038;54.422637613000063
3941;01211031171013982021;01;0;60;063;2021;10;14;1;3;0;4;0;0;0;1;1;0;0;0;563120.328025488182902;5947177.560526970773935;9.955402949000074;53.669522358000052
3942;01210901181013882021;01;0;51;125;2021;09;16;4;3;0;7;0;0;1;0;0;0;0;0;515626.871767127886415;6005575.024501521140337;9.239536068000064;54.197972401000072
3943;01211108145013352021;01;0;58;085;2021;11;23;2;3;8;1;2;1;0;1;0;0;0;0;541738.237866484560072;5990937.551844440400600;9.637740794000024;54.064962582000078
3944;01211105134013362021;01;0;02;000;2021;11;21;6;3;2;6;2;1;0;1;0;0;0;0;573613.697905802167952;6022955.727075014263391;10.132544258000053;54.349106044000052
3945;01210709125013792022;01;0;59;183;2021;07;13;6;3;2;6;0;1;0;1;0;0;0;0;521368.903000000864267;6070046.046999840065837;9.332215401000042;54.777168735000032
3946;01210807152013392021;01;0;03;000;2021;08;09;7;3;5;2;0;0;1;1;0;0;0;0;610849.348013982176781;5967875.467257201671600;10.685000440000067;53.847540701000071
3948;01211006181013222021;01;0;61;056;2021;10;12;4;3;5;3;0;0;1;0;0;0;0;1;531478.652000000700355;5970547.319999782368541;9.478880241000070;53.882431400000030
3949;01210803152013182021;01;0;03;000;2021;08;21;3;3;0;7;2;0;0;1;0;0;0;0;610602.563689883798361;5972092.426624312996864;10.682771126000034;53.885479492000059
3950;01211019161013012021;01;0;53;043;2021;10;08;3;3;2;6;0;0;0;1;0;0;0;0;612331.117164690978825;5960757.025511654093862;10.704915331000052;53.783268819000057
3953;01210629152013792021;01;0;03;000;2021;06;14;3;3;6;4;0;1;1;0;1;0;0;0;611481.559427396394312;5970374.487823074683547;10.695513580000068;53.869857086000081
3954;01210906145013542021;01;0;58;026;2021;09;16;2;2;8;1;0;0;0;0;0;1;0;0;554339.048425663262606;6020258.812381515279412;9.835553962000063;54.327288468000063
3956;01211112171013042021;01;0;56;047;2021;11;07;6;3;2;2;2;1;1;1;0;0;0;0;556951.409907543100417;5949534.416533173993230;9.862473783000041;53.691412771000046