OBJECTID;UIDENTSTLAE;ULAND;UREGBEZ;UKREIS;UGEMEINDE;UJAHR;UMONAT;USTUNDE;UWOCHENTAG;UKATEGORIE;UART;UTYP1;ULICHTVERH;USTRZUSTAND;IstRad;IstPKW;IstFuss;IstKrad;IstGkfz;IstSonstige;LINREFX;LINREFY;XGCSWGS84;YGCSWGS84
4525;01211217161013942021;01;0;62;060;2021;12;16;6;3;6;2;1;1;0;1;1;0;0;0;582855.640562268905342;5929791.459693443030119;10.249433984000063;53.510528861000068
4526;01210905125013352021;01;0;54;042;2021;09;14;1;2;0;1;0;0;1;0;0;0;0;0;501845.031193532980978;6041753.115099372342229;9.028505871000050;54.523353242000042
4528;01211110105132642021;01;0;60;064;2021;11;07;4;2;3;6;1;0;0;1;0;0;1;0;561756.680949681438506;5967516.534062460064888;9.938833956000053;53.852473107000037
4529;01211025161013332022;01;0;62;091;2021;10;07;2;3;9;1;1;0;0;0;0;1;0;0;592413.754996250383556;5952451.322649173438549;10.400243985000031;53.712553616000037
4530;01210913152013902021;01;0;55;032;2021;09;13;2;3;6;4;0;0;0;0;1;0;0;1;618824.424705211073160;5996836.841931104660034;10.817455205000044;54.105950897000071
4531;01210827134013092021;01;0;57;054;2021;08;06;6;3;2;6;1;1;0;1;0;0;0;0;577209.083243210799992;6003209.823592059314251;10.182756695000023;54.171145560000070
4532;01210718161013972021;01;0;53;090;2021;07;15;1;2;5;3;0;0;1;0;0;0;0;0;611029.797016100026667;5941908.495362816378474;10.678421306000075;53.614203409000027
4533;01210818105132812021;01;0;58;049;2021;08;16;4;3;9;7;0;0;0;0;0;0;0;1;552719.564000002108514;6011770.829999808222055;9.809157887000026;54.251180356000077
4534;01210625152013582021;01;0;03;000;2021;06;14;6;3;0;7;0;0;1;0;0;0;0;0;616255.469844453036785;5974853.566092444583774;10.769781797000064;53.909048879000068
4535;01210707134013732021;01;0;57;058;2021;07;13;4;3;4;6;0;0;0;1;0;0;1;0;580673.511218123137951;6010673.089753929525614;10.237817673000052;54.237674069000036
4536;01210820145013992021;01;0;58;144;2021;08;20;6;3;9;7;0;0;0;1;0;0;0;0;564175.820346876978874;6001027.706449206918478;9.982672727000022;54.153331281000078
4537;01210616125013392021;01;0;01;000;2021;06;10;4;2;5;3;0;0;0;1;0;0;0;1;528199.237539743073285;6070212.854311767965555;9.438417568000034;54.778330535000066
4538;01210711181013732021;01;0;51;061;2021;07;11;1;2;5;3;0;0;1;1;0;0;0;0;502102.756539199501276;6018246.068511217832565;9.032321125000067;54.312087621000046
4539;01210809171013922021;01;0;60;005;2021;08;15;2;3;2;6;0;0;0;0;0;1;0;0;585393.715088468044996;5978076.224482560530305;10.301024611000059;53.944011311000054
4541;01210925125013292021;01;0;54;168;2021;09;13;7;3;0;7;0;0;0;0;0;0;0;1;454445.148353661410511;6074729.520094141364098;8.291060855000069;54.817642503000059
4542;01210722125013562021;01;0;54;068;2021;07;16;5;3;5;7;0;0;1;1;0;0;0;0;492502.797851560637355;6072939.383379613980651;8.883367661000023;54.803569150000044
4545;01211203125013812021;01;0;01;000;2021;12;20;6;3;5;2;2;1;0;1;0;0;0;0;525390.564718957059085;6069859.110848410055041;9.394720996000046;54.775301527000067
4546;01210906171013642021;01;0;60;044;2021;09;06;2;2;4;6;1;0;0;1;0;0;0;0;561880.523400902748108;5965430.089690199121833;9.940296087000036;53.833707611000079
4548;01211111171013972021;01;0;56;005;2021;11;06;5;2;6;4;2;1;0;1;1;0;0;0;560165.436472475528717;5946636.662529746070504;9.910578622000060;53.665009582000039
4549;01211027152013322021;01;0;03;000;2021;10;17;4;3;4;6;1;1;1;0;0;0;0;1;611580.104359543882310;5969627.379311913624406;10.696739903000037;53.863123757000039
4550;01210914125013752023;01;0;59;045;2021;09;15;3;3;0;7;0;0;1;0;0;0;0;0;561721.347251911647618;6054532.690614596009254;9.956211154000073;54.634432582000045
4551;01210909152013492021;01;0;55;046;2021;09;11;5;3;5;3;0;0;1;1;0;0;0;0;641920.881093881092966;6034857.063632491976023;11.188489013000037;54.441559677000043
4552;01210819145013102021;01;0;58;071;2021;08;10;5;3;5;2;0;0;0;1;0;0;0;0;541705.341326313093305;6004489.692085299640894;9.639109764000068;54.186760635000041
4553;01210627152013412021;01;0;03;000;2021;06;23;1;2;7;7;2;0;0;0;0;1;0;0;612429.665808585472405;5967059.220805222168565;10.708712163000030;53.839867772000048
4554;01210928152013502022;01;0;03;000;2021;09;10;3;3;5;3;0;0;1;1;0;0;0;0;611952.194000049494207;5969631.380999729037285;10.702396787000055;53.863079602000028
4555;01210727125013352021;01;0;54;103;2021;07;17;3;3;0;7;0;0;1;0;0;0;0;0;479588.394596170634031;6041632.247459450736642;8.684650150000039;54.521859251000080
4557;01211015161013232021;01;0;53;083;2021;10;14;6;3;5;2;0;0;0;1;0;0;0;0;603169.292697292752564;5914988.964282020926476;10.550793161000058;53.373928652000075
4559;01211226152013142021;01;0;55;040;2021;12;15;1;3;1;5;0;1;0;1;0;0;0;0;608470.317661510780454;5972671.683267401531339;10.650549957000067;53.891134003000047
4560;01211216125013782021;01;0;59;077;2021;12;07;5;3;5;3;2;1;0;1;0;0;1;0;532571.784665862098336;6042414.011641150340438;9.503298848000043;54.528249085000027
4561;01211204125013182021;01;0;54;109;2021;12;18;7;3;5;2;2;1;1;1;0;0;0;0;491869.009999999776483;6068024.709999836981297;8.873645734000036;54.759392457000047
4562;01210922152013672021;01;0;55;033;2021;09;15;4;3;5;2;0;0;0;1;0;0;0;0;622181.708000075072050;6017016.443999687209725;10.876974515000029;54.286434393000036
4563;01210824134013832021;01;0;02;000;2021;08;14;3;3;5;7;0;0;0;1;0;0;0;1;573230.172988045960665;6018443.222879337146878;10.125537177000069;54.308613313000080
4564;01210619125013812021;01;0;59;112;2021;06;18;7;3;1;5;0;0;0;0;0;0;0;1;557817.421448666602373;6067090.200670089572668;9.898227258000077;54.747733959000072
4565;01210713152013992022;01;0;03;000;2021;07;19;3;3;4;6;0;0;1;0;0;0;0;1;612658.113064170815051;5969722.783374352380633;10.713159604000055;53.863748061000081
4566;01210622152013952022;01;0;03;000;2021;06;14;3;3;0;7;0;0;0;0;0;0;0;1;615598.112563580274582;5973632.458870641887188;10.759318798000038;53.898225706000062
4567;01210812152013372021;01;0;03;000;2021;08;18;5;3;3;7;0;0;0;1;0;0;0;0;610247.580514003522694;5971494.855486644431949;10.677157816000033;53.880186339000034
4569;01210815145013032021;01;0;04;000;2021;08;19;1;3;5;3;0;0;1;0;0;0;0;0;565795.576380559243262;5992522.323549831286073;10.005618737000077;54.076693948000070
4570;01210928105132502021;01;0;51;082;2021;09;12;3;2;3;6;0;0;0;1;0;0;0;0;511383.957374133169651;6001770.488466694951057;9.174355168000034;54.163890486000071
4571;01211009105132552021;01;0;60;070;2021;10;16;7;3;2;6;0;0;0;1;0;0;1;0;582393.057427382096648;5980310.896234659478068;10.255923473000053;53.964578046000042
4572;01211220145013262021;01;0;04;000;2021;12;09;2;3;5;2;0;0;1;0;0;0;1;0;563961.975000004284084;5993901.641999794170260;9.977889946000062;54.089320128000054
4573;01211208161013482021;01;0;53;032;2021;12;10;4;3;3;6;0;1;0;1;0;0;0;1;590878.310000017285347;5921830.848999744281173;10.368073727000024;53.437668333000033
4574;01211127145013022021;01;0;58;037;2021;11;09;7;2;2;6;0;1;0;1;0;0;0;0;573327.645358464680612;6032309.222946496680379;10.130452423000065;54.433193868000046
4575;01211117152013332021;01;0;03;000;2021;11;16;4;3;2;6;1;1;0;1;0;0;0;0;615280.266835426911712;5973174.228920653462410;10.754311434000044;53.894179802000053
4576;01211030161013752021;01;0;62;050;2021;10;08;7;3;7;7;0;0;0;1;0;0;0;0;584104.797312429174781;5959659.717409569770098;10.276345320000075;53.778733737000039
4577;01210918171013362021;01;0;60;039;2021;09;20;7;3;2;2;1;0;0;1;0;0;0;0;565526.954299752600491;5958126.329315830022097;9.994142076000060;53.767622726000070
4578;01210901125013452021;01;0;59;158;2021;09;14;4;3;2;2;0;0;0;1;0;0;0;0;511400.956700785085559;6068188.687295639887452;9.177175222000074;54.760802506000061
4579;01211106105132382021;01;0;60;027;2021;11;06;7;2;8;1;0;1;0;1;0;0;0;0;561571.934575727209449;5982927.106557847931981;9.939129153000067;53.990987251000035
4580;01211105134013912021;01;0;02;000;2021;11;15;6;3;0;7;0;0;0;1;0;0;0;1;572050.577049907296896;6022432.153949907049537;10.108374126000058;54.344624602000067
4581;01210922152013282021;01;0;03;000;2021;09;13;4;3;5;2;0;0;0;1;0;1;0;0;609090.497091848403215;5971409.340808145701885;10.659533260000046;53.879662635000045
4582;01210808152013682021;01;0;03;000;2021;08;02;1;3;0;7;2;1;0;0;0;0;0;1;611615.462944678962231;5969629.089372653514147;10.697277945000053;53.863131520000081
4583;01211002171013592021;01;0;56;015;2021;10;09;7;3;1;5;0;0;0;1;0;0;0;0;544236.460000000894070;5957042.708999777212739;9.671008346000065;53.760126720000073
4584;01210731125013952021;01;0;01;000;2021;07;19;7;3;0;7;0;0;1;0;0;0;0;0;527979.606392752379179;6071376.593848304823041;9.435115293000024;54.788800752000043
4586;01211007125013952021;01;0;54;168;2021;10;10;5;3;8;7;0;0;1;0;0;0;0;0;454887.061594761908054;6081715.592824073508382;8.296846581000068;54.880459108000082
4587;01210803152013882021;01;0;03;000;2021;08;11;3;3;6;4;0;0;0;1;1;0;0;0;609769.834005628712475;5970382.143666479736567;10.669495107000046;53.870290718000035
4588;01211019181013442021;01;0;51;075;2021;10;15;3;3;8;1;0;1;0;1;0;0;0;1;503198.637000001035631;6009166.264999805018306;9.049068689000023;54.230477140000062
4591;01210705145013342021;01;0;58;037;2021;07;12;2;2;5;3;0;0;0;1;0;1;0;0;573652.596000008285046;6031896.208999812602997;10.135358302000043;54.429435758000068
4592;01211009152013512021;01;0;55;020;2021;10;14;7;3;5;2;0;0;0;0;0;1;0;1;619797.864000068046153;6011268.416999699547887;10.838075809000031;54.235364713000081
4593;01210905125013882021;01;0;59;026;2021;09;12;1;2;5;3;0;0;1;0;0;0;0;0;540133.516460480168462;6039848.322780683636665;9.619786572000066;54.504649639000036
4595;01211111145013372021;01;0;58;135;2021;11;07;5;3;2;6;1;1;0;1;0;0;0;0;543165.440738846547902;6016528.816574614495039;9.663216211000076;54.294834921000074
4596;01211026134013042021;01;0;02;000;2021;10;12;3;3;3;6;0;0;0;1;0;0;1;0;572762.078505262732506;6018131.968305820599198;10.118268329000045;54.305883361000042
4597;01210913125013292021;01;0;54;073;2021;09;19;2;2;9;1;0;0;0;1;0;0;0;0;501830.697958030737936;6075151.778283149003983;9.028493789000038;54.823503971000036
4598;01210826181013482021;01;0;51;074;2021;08;23;5;3;5;3;2;0;0;1;0;0;0;0;504553.503781472332776;5994107.327496539801359;9.069625429000041;54.095122187000072
4599;01210718152013322021;01;0;03;000;2021;07;19;1;3;5;3;0;0;0;1;0;0;0;0;609984.803033239208162;5969246.192535016685724;10.672355856000024;53.860039495000080
4600;01210819125013992021;01;0;54;168;2021;08;21;5;3;5;3;2;0;1;1;0;0;0;0;454571.418760647065938;6077293.767782298848033;8.292623029000026;54.840696268000045
4601;01210626152013952021;01;0;55;001;2021;06;00;7;3;5;3;2;0;0;1;0;0;0;1;603005.875714921392500;5986474.602200167253613;10.572093869000071;54.016262011000038
4602;01210707152013782021;01;0;55;035;2021;07;12;4;3;5;2;0;0;1;1;0;0;0;0;612403.663803515955806;5983924.974792841821909;10.714514732000055;53.991395868000041
4603;01210726145013942021;01;0;58;137;2021;07;15;2;3;8;7;0;0;0;1;0;0;0;0;554060.361556892283261;6041432.705618781968951;9.835128764000046;54.517593702000056
4605;01211014152013432021;01;0;03;000;2021;10;07;5;2;1;5;2;1;0;0;0;1;1;0;609576.902504777535796;5969346.932153047993779;10.666192453000065;53.861030820000053
4606;01211224171013002022;01;0;56;026;2021;12;13;6;3;4;6;0;1;0;1;0;0;0;0;556063.888959680683911;5957682.864613339304924;9.850511527000037;53.764741636000053
4607;01211214171013632022;01;0;56;015;2021;12;20;3;3;5;3;2;1;0;1;0;0;0;0;543500.377418338321149;5955821.180633472278714;9.659671727000045;53.749209974000053
4608;01211201171013522021;01;0;56;050;2021;12;07;4;3;5;3;1;1;1;1;0;0;0;0;547253.545353560708463;5937296.801146754994988;9.713763804000052;53.582391304000055
4609;01210822145013262021;01;0;58;043;2021;08;18;1;3;2;6;0;1;0;1;0;0;0;0;554705.621834680438042;6034935.884630428627133;9.843892391000054;54.459142683000039
4610;01210618145013112021;01;0;04;000;2021;06;14;6;3;0;1;0;0;1;0;0;0;0;0;564431.492128753103316;5990988.072812078520656;9.984447302000035;54.063078868000048
4611;01210713105132692021;01;0;55;004;2021;07;17;3;2;2;6;0;0;0;1;0;0;0;0;611905.132036156952381;5975232.226088898256421;10.703727071000060;53.913408378000042
4612;01210622152013442021;01;0;55;044;2021;06;16;3;3;8;1;0;0;0;1;0;0;0;0;608703.356000042520463;5984341.072999745607376;10.658248317000073;53.995925862000036
4613;01210810105132842021;01;0;03;000;2021;08;06;3;3;2;6;0;0;0;1;0;0;0;1;607267.672948506660759;5969859.456939741969109;10.631274039000061;53.866117838000036
4615;01210813145013142021;01;0;58;107;2021;08;13;6;3;2;6;0;0;0;1;0;0;0;0;569356.276809917762876;6013317.775266092270613;10.064819034000038;54.263097148000043
4616;01210927105132222021;01;0;04;000;2021;09;19;2;2;9;1;1;1;0;1;0;0;0;0;562342.811215850524604;5997552.833407921716571;9.953891834000046;54.122330218000059
4617;01211207171013312021;01;0;60;063;2021;12;13;3;3;5;3;0;0;1;1;0;0;0;0;565262.034511771053076;5947851.731731561943889;9.987956817000054;53.675318208000078
4618;01211124145013772021;01;0;58;058;2021;11;17;4;3;9;7;2;1;0;1;0;0;0;0;564793.094622389413416;6029594.048459490761161;9.998310358000026;54.409954863000053
4619;01211116145013002021;01;0;58;018;2021;11;05;3;3;5;2;2;0;0;1;0;0;0;0;566147.356838369742036;6009029.063734324648976;10.014615457000048;54.224983168000051
4620;01211029171013272021;01;0;56;049;2021;10;18;6;3;0;7;2;0;0;0;0;1;0;1;545866.765354864299297;5949244.901388708502054;9.694579989000033;53.689901640000073
4621;01210917152013932021;01;0;55;042;2021;09;22;6;3;5;3;2;0;0;1;0;0;0;0;615985.529769757762551;5984227.685072118416429;10.769236641000077;53.993323736000036
4622;01210831171013572021;01;0;60;012;2021;08;07;3;3;4;6;0;0;0;1;0;0;0;1;579824.761205915361643;5991023.869290012866259;10.219596973000023;54.061246140000037
4623;01211120145013062021;01;0;04;000;2021;11;23;7;3;4;1;2;1;0;1;0;0;0;0;564991.815117143094540;5993157.438437746837735;9.993472410000038;54.082503417000055
4624;01210922134013572021;01;0;57;016;2021;09;14;4;3;8;1;0;0;0;1;0;0;0;0;584887.758756513707340;6014805.287226956337690;10.303631840000037;54.274121458000081
4625;01210806171013042021;01;0;62;076;2021;08;15;6;3;2;6;0;0;0;1;0;0;0;0;573968.414000005461276;5955711.451999772340059;10.121607801000039;53.744791049000071
4626;01211002134013602021;01;0;57;063;2021;10;06;7;3;9;1;2;0;0;1;0;0;0;0;584580.900601572357118;6022675.951607991009951;10.301149826000028;54.344891302000065
4627;01210729152013732021;01;0;03;000;2021;07;16;5;3;2;6;0;0;0;1;0;0;0;0;608216.788676423951983;5968105.246162356808782;10.645082749000039;53.850160267000035
4629;01211005145013692021;01;0;58;128;2021;10;13;3;2;4;6;0;0;0;1;0;0;1;0;561919.756141887046397;5988766.111325312405825;9.945622858000036;54.043418883000072
4630;01210802134013082021;01;0;02;000;2021;08;13;2;3;5;3;0;1;1;1;0;0;0;0;573439.750695867463946;6017827.331154828891158;10.128606243000036;54.303048994000051
4631;01211017171013102021;01;0;60;063;2021;10;21;1;3;8;1;2;1;0;1;0;0;0;0;566129.716872097924352;5948638.463796315714717;10.001257547000023;53.682279530000073
4633;01211229171013592022;01;0;56;018;2021;12;23;4;3;5;3;2;1;0;1;0;0;0;0;557500.946789398789406;5942457.786799758672714;9.869484979000049;53.627752114000032
4634;01210702171013792021;01;0;60;028;2021;07;14;6;3;2;2;0;0;0;1;0;1;0;0;569763.234762161970139;5989380.673500802367926;10.065526178000027;54.047940142000073
4635;01211022152013432021;01;0;03;000;2021;10;09;6;3;2;6;0;1;0;1;0;0;0;0;609708.623561926186085;5970460.337670719251037;10.668592558000057;53.871006178000073
4636;01211216152013982021;01;0;03;000;2021;12;13;5;3;2;6;0;1;0;1;0;0;0;0;613337.118363860063255;5965294.076169691979885;10.721846136000067;53.823812373000067
4638;01211108161013222021;01;0;62;082;2021;11;16;2;3;5;3;2;1;1;1;0;0;0;0;592149.682014729827642;5941598.517319120466709;10.393023872000072;53.615079607000041
4639;01211024125013562021;01;0;54;103;2021;10;00;1;2;5;2;2;0;0;1;0;0;0;0;478987.944691425189376;6042766.323757126927376;8.675292776000049;54.532026632000054
4640;01210911171013052021;01;0;60;096;2021;09;19;7;2;9;1;1;1;0;1;0;0;0;0;591413.042991119436920;5977065.707113785669208;10.392401384000038;53.933903395000073
4641;01210825171013382021;01;0;60;005;2021;08;07;4;3;5;3;0;0;1;1;0;0;0;0;586656.543000014498830;5976007.632999777793884;10.319672253000022;53.925213832000054
4642;01210716134013712021;01;0;57;091;2021;07;13;6;3;6;4;0;0;1;0;1;0;0;0;582893.095802864991128;6013000.003862120211124;10.272508255000048;54.258227665000049
4643;01210817152013892021;01;0;03;000;2021;08;08;3;3;8;6;0;0;1;0;0;0;0;0;611147.910815950483084;5968320.386770006269217;10.689697686000045;53.851474161000056
4644;01210624134013492021;01;0;57;070;2021;06;10;5;3;0;7;0;0;1;0;0;0;0;0;585400.207515371032059;6008788.642231296747923;10.309785336000061;54.219975422000061
4645;01210721145013852021;01;0;58;117;2021;07;07;4;3;8;7;0;0;0;1;0;0;0;0;555823.645082326605916;6001977.071527393534780;9.854975331000048;54.162838582000063
4646;01211011134013802021;01;0;57;091;2021;10;15;2;2;2;6;0;0;0;1;0;0;0;0;583049.529657872393727;6012240.107722232118249;10.274698430000058;54.251374397000063
4647;01211223105132272022;01;0;60;027;2021;12;20;5;3;9;1;2;2;0;1;0;0;0;0;562036.864843457005918;5981510.667610574513674;9.945930978000035;53.978202507000049
4648;01211214105132142021;01;0;62;048;2021;12;12;3;3;9;7;0;1;0;1;0;0;0;0;602450.026426279917359;5974491.513635918498039;10.559588998000038;53.908708968000042
4649;01211129161013652021;01;0;53;132;2021;11;06;2;3;5;3;2;1;0;1;0;0;0;0;603840.692484282888472;5925437.643007313832641;10.564324200000044;53.467683187000034
4650;01211103171013862021;01;0;56;021;2021;11;18;4;3;2;6;2;0;0;1;0;0;0;0;560140.293623210862279;5949484.615884540602565;9.910750136000047;53.690607793000027
4651;01210903125013372021;01;0;54;131;2021;09;13;6;3;5;2;0;0;1;1;0;0;0;0;494142.137599369511008;6080854.728409504517913;8.908710074000055;54.874723408000079
4652;01210821161013342021;01;0;62;092;2021;08;15;7;2;4;6;0;0;0;1;0;1;0;0;587878.031271615065634;5966849.918307662010193;10.335642527000061;53.842720071000031
4653;01210617161013702021;01;0;62;018;2021;06;11;5;3;2;6;0;0;1;0;0;0;0;1;581551.085539715364575;5933761.160775171592832;10.230800746000057;53.546406745000070
4654;01210710171013152021;01;0;60;002;2021;07;11;7;3;5;2;0;0;1;1;0;0;0;1;557664.202601269818842;5960171.422468766570091;9.875251060000039;53.786932143000058
4655;01210620152013062021;01;0;55;044;2021;06;17;1;3;8;1;0;0;0;1;0;0;0;0;612952.807863066904247;5991388.108573269098997;10.725660864000076;54.058323473000030
4656;01210809161013982021;01;0;53;027;2021;08;06;2;3;5;2;0;0;0;1;0;0;0;0;603178.402572955936193;5936111.009971082210541;10.557865604000028;53.563717083000029
4658;01210925134013512021;01;0;02;000;2021;09;19;7;3;2;6;2;0;0;1;0;0;0;0;574719.238246980123222;6018173.036007892340422;10.148351266000077;54.305969834000052
4659;01210722145013942021;01;0;58;043;2021;07;16;5;3;2;2;0;0;0;1;0;0;0;0;551384.639965921640396;6038171.864109415560961;9.793230754000035;54.488569145000042
4662;01211205152013452021;01;0;03;000;2021;12;14;1;3;5;3;0;1;1;1;0;0;0;0;609035.853979808278382;5971498.871162360534072;10.658734234000065;53.880478492000066
4663;01210907161013222021;01;0;53;023;2021;09;16;3;3;5;3;0;0;1;1;0;0;0;0;590560.729023003950715;5929566.722850905731320;10.365524393000044;53.507238801000028
4664;01211123161013662021;01;0;53;100;2021;11;14;3;2;1;5;0;0;0;1;0;0;0;1;617231.185751606710255;5951515.478013467043638;10.775743376000037;53.699162725000065
4665;01211115145013052021;01;0;58;066;2021;11;14;2;3;8;7;0;0;0;0;0;1;0;0;550160.590421559289098;6029646.672486711293459;9.772892558000024;54.412080672000059
4666;01211028171013532021;01;0;56;001;2021;10;15;5;3;5;2;0;0;1;1;0;0;0;0;549224.064083631150424;5945982.436721738427877;9.744898956000043;53.660274192000031
4667;01210916105132682021;01;0;58;146;2021;09;14;5;3;3;7;0;1;0;1;0;0;0;0;548256.503311259672046;6017323.172179259359837;9.741559340000038;54.301518140000042
4668;01210830161013992021;01;0;53;070;2021;08;13;2;3;2;6;0;0;0;1;0;0;0;0;600096.924266636371613;5941525.748776352033019;10.513094480000063;53.612967477000041
4669;01211118171013942021;01;0;56;015;2021;11;15;5;3;8;1;0;1;0;1;0;0;0;0;545238.685593727976084;5956343.752742838114500;9.686107198000059;53.753758702000027
4670;01210919181013082021;01;0;51;081;2021;09;01;1;3;5;3;2;0;0;1;0;0;0;0;503166.111834817565978;6004660.369122076779604;9.048522252000055;54.189980161000051
4671;01210804125013772021;01;0;59;045;2021;08;12;4;3;9;1;0;0;0;0;0;1;0;0;558353.063344601541758;6058641.250651441514492;9.904855702000077;54.671752065000078
4672;01210929125013672021;01;0;59;083;2021;09;19;4;3;4;1;2;1;0;1;0;0;0;0;554157.233372453600168;6055382.463346533477306;9.839197131000049;54.642937074000031
4673;01210727181013542021;01;0;51;044;2021;07;15;3;3;8;1;0;0;0;0;0;1;0;0;508345.854496705345809;6005511.898076556622982;9.127927887000055;54.197575240000049
4675;01211005105132872021;01;0;60;096;2021;10;21;3;3;9;1;2;1;0;1;0;0;0;0;589967.835117849521339;5975317.748980980366468;10.369880556000055;53.918450323000059
4676;01210801181013412021;01;0;51;044;2021;08;17;1;3;4;6;0;0;1;0;0;0;0;0;509677.387006781063974;6005143.717050720006227;9.148326118000057;54.194242779000035
4677;01211016171013082021;01;0;60;063;2021;10;16;7;3;5;2;0;0;0;1;0;1;0;0;566106.723862279206514;5948514.330635054036975;10.000883021000050;53.681166851000057
4679;01211228145013002021;01;0;58;054;2021;12;06;3;2;9;1;2;1;0;1;0;0;0;0;537767.168850397691131;6017760.853524923324585;9.580435138000041;54.306334755000080
4680;01210701125013742021;01;0;54;019;2021;07;15;5;3;3;6;0;0;1;0;0;0;0;0;497931.030988764017820;6051937.492295257747173;8.967962583000030;54.614880010000036
4681;01211020181013292021;01;0;61;046;2021;10;08;4;2;5;3;0;0;1;1;0;0;0;0;531823.002284863032401;5976185.637892402708530;9.484704937000060;53.933086094000032
4682;01211215171013042021;01;0;56;015;2021;12;07;4;3;6;2;2;0;0;1;1;0;0;0;542996.065190426073968;5956398.987050123512745;9.652104937000047;53.754444972000044
4683;01211107152013732021;01;0;55;046;2021;11;07;1;2;8;1;1;1;0;1;0;0;0;0;643684.094924340955913;6040269.472211420536041;11.218284895000068;54.489670402000058
4684;01211023145013612021;01;0;04;000;2021;10;00;7;3;5;3;2;1;1;1;0;0;0;0;564061.332000004127622;5992940.524999793618917;9.979205359000048;54.080670720000057
4685;01210910105132092021;01;0;53;007;2021;09;09;6;3;8;1;0;1;0;1;0;0;0;0;600338.922262521460652;5936660.708226419985294;10.515186244000063;53.569206919000067
4686;01210824161013332021;01;0;62;001;2021;08;08;3;3;5;3;0;0;1;1;0;0;0;0;582464.920692756772041;5947019.882570227608085;10.248097565000023;53.665411993000077
4687;01210715152013532021;01;0;03;000;2021;07;17;5;1;1;7;0;0;0;1;0;0;0;0;608732.475145184434950;5971937.753304844722152;10.654276827000047;53.884485231000042
4688;01210829181013322021;01;0;61;084;2021;08;13;1;2;8;1;0;1;0;1;0;0;0;0;539877.262877649627626;5987858.923215188086033;9.608903091000059;54.037441303000037
4689;01210622171013932021;01;0;56;015;2021;06;08;3;3;5;3;0;0;1;1;0;0;0;0;544330.365000001154840;5957260.977999774739146;9.672463993000065;53.762080466000043
4690;01210719152013012021;01;0;55;033;2021;07;15;2;3;9;7;0;0;0;1;0;0;0;0;621604.423920216970146;6014815.303799321874976;10.867216987000063;54.266799812000045
4692;01210628171013842021;01;0;56;015;2021;06;10;2;2;0;7;0;0;1;0;0;0;0;0;545011.829541722312570;5956928.845402508974075;9.682752161000053;53.759036950000052
4693;01211009181013752021;01;0;56;015;2021;10;04;7;2;0;3;2;0;0;1;0;0;0;0;545171.850456115789711;5958177.452393487095833;9.685361940000064;53.770245118000048
4694;01211221181013102021;01;0;61;105;2021;12;14;3;2;6;7;0;0;0;0;1;0;0;1;525154.287169754505157;5983047.635065406560898;9.383700732000023;53.995127070000080
4695;01211210171013732021;01;0;60;004;2021;12;22;6;3;8;7;2;0;0;1;0;0;0;0;557301.937432856298983;5975366.027173867449164;9.872589370000071;53.923527510000042
4696;01211127171013272021;01;0;56;039;2021;11;17;7;2;5;3;2;1;0;1;0;1;0;0;552391.579000002704561;5944657.692999767139554;9.792604139000048;53.648060210000040
4697;01211101105132282021;01;0;60;027;2021;11;10;2;3;9;6;0;0;0;1;0;0;1;0;561306.826487494632602;5983748.243337038904428;9.935251548000053;53.998398107000071
4698;01210902134013592021;01;0;02;000;2021;09;12;5;3;0;7;0;0;1;0;0;0;0;0;571080.164783650077879;6017503.966249926015735;10.092275121000057;54.300477066000042
4699;01211107134013072021;01;0;02;000;2021;11;17;1;3;3;6;2;1;0;1;0;0;0;0;573160.997242134995759;6017877.093589834868908;10.124335521000035;54.303536144000077
4700;01211022181013882021;01;0;51;028;2021;10;11;6;3;0;7;0;1;0;0;0;1;0;0;504291.457387008704245;5997953.220332127064466;9.065673216000050;54.129690333000042
4701;01210627152013822021;01;0;55;027;2021;06;03;1;3;8;7;2;0;0;1;0;0;0;0;621219.345811822451651;6010238.018074527382851;10.859456974000068;54.225774336000029
4702;01210709125013792021;01;0;54;144;2021;07;17;6;3;4;1;0;1;0;1;0;0;0;0;506543.271046444773674;6045068.361805571243167;9.101167617000044;54.553108794000082
4703;01210807134013982021;01;0;02;000;2021;08;15;7;3;5;3;0;0;1;1;0;0;0;0;573206.971588996239007;6018044.223633551970124;10.125082858000042;54.305031343000053
4705;01211007171013432021;01;0;56;048;2021;10;12;5;3;2;6;0;0;0;1;0;1;0;0;547606.256429639644921;5950306.287578785791993;9.721082601000035;53.699285395000061
4706;01210803181013722021;01;0;51;063;2021;08;14;3;3;5;3;0;0;0;1;0;0;0;0;515431.037375966086984;5992102.726172085851431;9.235845354000048;54.076894242000037
4707;01211019152013052021;01;0;03;000;2021;10;19;3;3;5;3;2;0;0;1;0;0;0;0;610142.044000047259033;5969946.492999734356999;10.674996991000057;53.866297858000053
4710;01210906161013472021;01;0;53;129;2021;09;17;2;3;4;7;0;0;0;1;0;0;0;0;582881.229000012390316;5928921.875999754294753;10.249589858000036;53.502710295000043
4712;01211112152013312021;01;0;03;000;2021;11;14;6;3;6;4;0;0;0;1;1;0;0;0;608836.416518897749484;5968149.182887027040124;10.654513423000026;53.850425540000060
4713;01211027171013922021;01;0;56;039;2021;10;21;4;3;0;3;2;0;1;1;0;0;0;0;551392.197820431552827;5947176.477275215089321;9.777903301000038;53.670797165000067
4714;01210914152013562021;01;0;03;000;2021;09;09;3;2;8;7;0;0;0;1;0;0;0;0;610307.361000044271350;5971042.909999733790755;10.677904198000022;53.876113244000067