OBJECTID;UIDENTSTLAE;ULAND;UREGBEZ;UKREIS;UGEMEINDE;UJAHR;UMONAT;USTUNDE;UWOCHENTAG;UKATEGORIE;UART;UTYP1;ULICHTVERH;USTRZUSTAND;IstRad;IstPKW;IstFuss;IstKrad;IstGkfz;IstSonstige;LINREFX;LINREFY;XGCSWGS84;YGCSWGS84
4715;01210909125013592021;01;0;54;076;2021;09;17;5;3;2;2;0;0;0;1;0;0;0;0;497719.699159591458738;6066795.209482494741678;8.964574098000071;54.748403830000029
4716;01210827171013992021;01;0;60;004;2021;08;11;6;3;2;2;0;1;0;1;0;0;0;1;558152.014803212136030;5974557.226978104561567;9.885378780000053;53.916164111000057
4717;01210818145013622021;01;0;04;000;2021;08;14;4;3;6;4;0;0;0;1;1;0;0;0;565313.614981578662992;5991985.058199588209391;9.998137852000070;54.071927184000060
4718;01210628125013582021;01;0;59;075;2021;06;11;2;3;6;4;0;0;0;1;1;0;0;0;534947.691268973983824;6039509.936773048713803;9.539665429000024;54.501992581000081
4719;01210709145013902021;01;0;58;052;2021;07;17;6;3;0;3;0;1;1;1;0;0;0;0;545325.389955223537982;6037424.898892574012280;9.699587047000023;54.482434018000049
4720;01210928125013122021;01;0;59;075;2021;09;14;3;3;2;2;0;0;0;1;0;0;0;1;535622.045886952430010;6043831.754309289157391;9.550600598000074;54.540784625000072
4721;01210725152013942021;01;0;03;000;2021;07;16;1;3;0;7;0;0;1;0;0;0;0;0;611209.768828789703548;5971642.280071171000600;10.691841731000068;53.881305473000054
4723;01210705161013672021;01;0;62;009;2021;07;12;2;3;5;3;0;0;0;1;0;0;0;0;579304.077000009827316;5936976.188999759033322;10.197712198000033;53.575643115000048
4724;01211013134013892021;01;0;02;000;2021;10;22;4;2;9;1;2;1;1;0;0;0;0;1;574423.378175702877343;6018293.439037812873721;10.143835232000072;54.307094929000073
4726;01211224161013782021;01;0;62;061;2021;12;14;6;3;2;2;0;1;0;1;0;0;0;0;597827.603000027127564;5964895.672999760136008;10.486189190000061;53.823382660000050
4727;01211215152013892021;01;0;55;012;2021;12;13;4;3;2;2;0;1;0;1;0;0;0;0;606497.892756815999746;5998655.413282489404082;10.629647172000034;54.124988087000077
4728;01211202134013482021;01;0;02;000;2021;12;21;5;3;2;6;2;0;0;1;0;0;0;0;574040.994001942686737;6020685.135580996051431;10.138552810000022;54.328641487000027
4729;01210923125013352021;01;0;59;163;2021;09;13;5;1;8;7;0;1;0;1;0;0;0;0;555164.387727314606309;6065211.290160626173019;9.856659736000040;54.731148657000062
4730;01210823152013012021;01;0;03;000;2021;08;15;2;3;5;3;0;0;1;1;0;0;0;0;610684.372000047937036;5968262.140999726951122;10.682633217000046;53.851049861000035
4731;01210618161013222021;01;0;53;032;2021;06;12;6;3;2;6;0;0;0;1;0;0;0;0;590382.892077314667404;5922922.991016793996096;10.360931716000039;53.447567728000081
4732;01210714125013782021;01;0;59;113;2021;07;23;4;2;7;7;2;0;0;0;0;1;0;0;533381.664164245128632;6076462.165937148034573;9.519706280000037;54.834171103000074
4733;01210621134013932021;01;0;02;000;2021;06;16;2;3;5;3;0;1;1;1;0;0;0;0;573446.579940252006054;6017827.855533611029387;10.128711300000077;54.303052724000054
4734;01210812125013522021;01;0;59;132;2021;08;23;5;3;8;7;2;0;0;1;0;0;0;0;517502.261000001803041;6052009.195999830961227;9.271020330000056;54.615225353000028
4736;01210815134013492021;01;0;57;021;2021;08;15;1;3;2;2;0;0;0;1;0;0;0;0;600211.317677620798349;6013493.509980382397771;10.538431916000036;54.259563054000068
4737;01210927161013742021;01;0;62;006;2021;09;13;2;3;5;3;0;0;1;1;0;0;0;0;583256.727817297913134;5954730.081492725759745;10.262149795000028;53.734571829000060
4738;01211220171013162021;01;0;56;040;2021;12;14;2;2;6;4;0;0;0;1;1;0;0;0;550632.038001487962902;5947879.117340285331011;9.766512833000036;53.677186396000081
4739;01211209152013992021;01;0;03;000;2021;12;10;5;3;5;3;0;1;0;1;0;0;0;1;611164.466177465394139;5968332.680174782872200;10.689953694000053;53.851581065000062
4740;01211126171013492021;01;0;56;041;2021;11;07;6;3;6;2;1;1;0;1;1;0;0;0;559593.814391008578241;5954475.679124653339386;9.903436133000071;53.735526269000047
4741;01211118152013172021;01;0;55;033;2021;11;07;5;3;0;2;0;1;0;1;0;1;0;0;623522.547026484273374;6017514.320109164342284;10.897765909000043;54.290584355000078
4742;01211031145013802021;01;0;04;000;2021;10;08;1;3;6;7;0;0;0;1;1;0;0;0;564331.655674752779305;5992297.036552768200636;9.983200026000077;54.074854330000051
4743;01210916152013702021;01;0;55;028;2021;09;14;5;3;5;3;0;1;0;1;0;1;0;0;601786.977000031620264;6004216.555999772623181;10.559467256000062;54.175905543000056
4744;01210901125013822021;01;0;59;045;2021;09;17;4;3;5;2;0;0;1;1;0;0;0;0;559625.660258017480373;6058160.027670063078403;9.924488264000047;54.667278962000069
4745;01211106152013402021;01;0;03;000;2021;11;18;7;3;6;7;2;0;0;1;1;0;0;0;608808.300769122317433;5971830.987616071477532;10.655392017000054;53.883510113000057
4746;01211104181013962021;01;0;61;046;2021;11;08;5;3;2;6;0;1;0;1;0;0;0;0;533880.061868064105511;5974225.471249606460333;9.515817984000023;53.915338254000062
4747;01210921152013832021;01;0;03;000;2021;09;09;3;3;0;3;0;1;1;1;0;0;0;0;612542.751000050455332;5970485.953999722376466;10.711686151000038;53.870629487000031
4748;01210806105132632021;01;0;59;159;2021;08;20;6;2;8;1;1;1;0;1;0;0;0;0;528040.600507250986993;6056338.973853459581733;9.434615699000062;54.653660617000071
4749;01210930145013862021;01;0;58;018;2021;09;02;5;2;8;1;2;1;0;1;0;0;0;0;566519.629502595402300;6009564.428703512996435;10.020443296000053;54.229745835000074
4750;01210729134013402021;01;0;02;000;2021;07;15;5;3;2;6;0;1;0;1;0;0;0;0;573221.605238473042846;6019313.325930900871754;10.125618894000070;54.316433037000081
4752;01211006125013672021;01;0;59;045;2021;10;10;4;3;2;6;0;0;0;1;0;0;0;0;559509.878711557015777;6057309.424065584316850;9.922520128000031;54.659649328000057
4753;01210802181013582021;01;0;51;024;2021;08;14;2;3;0;2;0;0;0;1;0;1;0;0;509031.540593493729830;5977532.402408197522163;9.137604211000053;53.946089981000057
4754;01211019134013582021;01;0;02;000;2021;10;07;3;2;6;4;1;0;0;1;1;0;0;0;575643.580083357170224;6027199.698620459064841;10.164845693000075;54.386943239000061
4757;01210704125013122021;01;0;59;058;2021;07;11;1;2;8;1;0;0;0;0;0;1;0;0;526087.870050230063498;6020997.622472275048494;9.401227540000036;54.336154370000031
4758;01211022105132422021;01;0;55;035;2021;10;11;6;3;2;6;0;1;0;1;0;0;0;0;613659.466286473907530;5983187.365580964833498;10.733384836000027;53.984494618000042
4759;01211218171013052021;01;0;56;030;2021;12;12;7;2;0;1;0;1;0;0;0;1;0;0;543537.232000000774860;5961543.739999774843454;9.661038238000060;53.800639306000051
4760;01210904171013562021;01;0;56;014;2021;09;21;7;2;2;6;2;0;0;1;0;1;0;0;550202.140357236377895;5952894.755688764154911;9.760817855000028;53.722306307000053
4762;01211109181013332021;01;0;51;001;2021;11;15;3;3;5;3;0;0;1;1;0;0;0;0;518267.957543862983584;5999214.528731534257531;9.279633601000057;54.140719805000060
4763;01211025152013772021;01;0;55;035;2021;10;15;2;2;5;3;0;0;1;1;0;0;0;0;613735.118149446323514;5978784.876812163740396;10.732896219000054;53.944926666000072
4764;01210913125013612021;01;0;59;075;2021;09;12;2;3;0;7;0;0;1;0;0;0;0;0;533901.142234596423805;6043195.569451343268156;9.523929070000065;54.535185534000050
4765;01210825152013592021;01;0;55;004;2021;08;16;4;3;0;7;0;0;1;0;0;0;0;0;611472.432456760667264;5976162.603482523933053;10.697481611000057;53.921860238000079
4766;01210718161013892021;01;0;62;069;2021;07;15;1;2;0;7;0;0;1;0;0;0;0;0;584993.841596808284521;5942746.974021783098578;10.285193921000030;53.626609875000042
4767;01210816171013642021;01;0;60;098;2021;08;22;2;3;9;1;2;1;0;1;0;0;0;0;594373.766561958007514;5977545.575370049104095;10.437631883000051;53.937683939000067
4768;01210626125013242021;01;0;01;000;2021;06;23;7;3;2;6;1;0;0;1;0;0;0;0;528271.947895227000117;6072513.604317575693130;9.439772284000071;54.799002069000039
4769;01210707145013582021;01;0;58;127;2021;07;17;4;2;2;2;0;0;0;1;0;0;0;0;541617.000214408151805;6028266.871944636106491;9.641066465000051;54.400451332000046
4770;01210723152013522021;01;0;03;000;2021;07;13;6;3;5;2;0;0;1;1;0;0;0;0;609006.719965514726937;5971545.679590206593275;10.658307876000038;53.880905156000040
4772;01211012152013142021;01;0;03;000;2021;10;16;3;3;5;3;0;0;1;1;0;0;0;0;610105.001873239874840;5969953.908599646762013;10.674436595000032;53.866372340000055
4773;01211222125013992022;01;0;59;045;2021;12;12;4;3;5;2;0;0;0;1;0;0;0;0;561357.677959593012929;6057455.764937466010451;9.951191051000023;54.660742820000053
4774;01211213161013962021;01;0;62;001;2021;12;12;2;3;2;6;0;1;0;1;0;0;0;0;581166.760710841976106;5947256.288210391998291;10.228516858000035;53.667739548000043
4775;01211130152013932021;01;0;03;000;2021;11;17;3;3;0;3;2;1;1;1;0;0;0;0;613203.999797224998474;5969709.616887036710978;10.721451771000034;53.863511021000079
4776;01211102152013902021;01;0;03;000;2021;11;18;3;2;6;4;2;0;0;1;1;0;0;0;609167.017367445863783;5971296.807964535430074;10.660656710000069;53.878635509000048
4777;01210823134013062021;01;0;02;000;2021;08;12;2;3;3;6;0;0;0;1;0;0;1;0;573313.566745829768479;6017040.549530828371644;10.126474460000054;54.295997313000044
4778;01210617134013602021;01;0;57;025;2021;06;15;5;3;0;7;0;0;1;0;0;0;0;0;578154.771174911409616;6024673.430266637355089;10.202842782000062;54.363864601000046
4779;01210712125013202021;01;0;59;183;2021;07;16;2;3;4;6;0;0;0;1;0;0;1;0;517710.457001494243741;6072474.745019918307662;9.275487863000023;54.799136952000026
4780;01210620125013072021;01;0;54;148;2021;06;17;1;3;4;6;0;0;0;1;0;1;0;1;486516.068452188745141;6016756.546343293040991;8.792808678000029;54.298526994000042
4781;01210811125013072023;01;0;54;138;2021;08;17;4;2;8;6;0;0;0;1;0;0;0;0;490607.107117513194680;6018619.053002083674073;8.855611895000038;54.315357731000063
4783;01210813125013572021;01;0;59;045;2021;08;10;6;3;5;2;0;1;0;1;0;0;0;0;561115.602000004611909;6057063.632999829947948;9.947356878000051;54.657248643000059
4784;01210926161013082021;01;0;53;100;2021;09;21;1;3;0;7;2;1;0;1;0;0;0;0;618068.372731697745621;5949176.794748837128282;10.787527395000041;53.677963383000076
4785;01210724134013832021;01;0;02;000;2021;07;14;7;3;5;2;0;0;1;1;0;0;0;0;573230.529474642127752;6019843.541606737300754;10.125886144000049;54.321196118000046
4788;01211206181013402021;01;0;51;001;2021;12;07;2;2;8;1;2;1;0;1;0;0;0;0;517212.650120580568910;6000595.903526965528727;9.263558696000075;54.153171484000040
4789;01210908134013082021;01;0;57;062;2021;09;14;4;3;5;2;0;0;1;1;0;0;0;0;584069.231838682666421;6010082.256268173456192;10.289740194000046;54.231819032000033
4790;01211123171013702021;01;0;60;005;2021;11;19;3;2;4;6;2;1;0;1;0;0;0;1;586836.583000013604760;5976939.410999776795506;10.322677980000037;53.933556288000034
4791;01211116125013822021;01;0;59;075;2021;11;11;3;3;2;6;0;1;0;1;0;0;0;0;534986.750054805539548;6040284.334274381399155;9.540360369000041;54.508949212000061
4792;01211029125013562021;01;0;54;168;2021;10;08;6;3;5;2;1;1;1;1;0;0;0;0;455733.664775334298611;6084636.024533448740840;8.309592388000056;54.906777548000036
4793;01210915152013052021;01;0;55;046;2021;09;16;4;3;5;3;0;1;1;1;0;0;0;0;641547.971479507163167;6034961.670886369422078;11.182793175000029;54.442603106000035
4794;01210831161013052021;01;0;62;004;2021;08;16;3;3;0;1;0;0;0;1;0;0;0;0;592816.473000019788742;5961279.862999765202403;10.408996514000023;53.791811682000059
4795;01211119181013582021;01;0;61;119;2021;11;17;6;3;3;6;2;0;1;1;0;0;0;0;522486.402011049911380;5978258.561015004292130;9.342652633000057;53.952206866000040
4796;01210919161013652021;01;0;53;066;2021;09;14;1;2;4;6;0;0;0;0;0;1;0;0;625530.744660491123796;5939329.578353015705943;10.896467210000026;53.587761622000073
4797;01210804134013982021;01;0;02;000;2021;08;07;4;3;2;6;0;0;0;1;0;0;0;1;572670.071849057450891;6022314.433441678062081;10.117873282000062;54.343478917000027
4798;01210930125013702021;01;0;59;088;2021;09;16;5;3;9;1;0;0;0;1;0;0;0;0;521144.323920196853578;6016557.187681727111340;9.324883517000046;54.296475689000033
4799;01210728125013952021;01;0;54;160;2021;07;16;4;3;9;5;0;0;1;1;0;0;0;0;460807.638941780664027;6053430.376068271696568;8.392936205000069;54.626779268000064
4801;01211005134013292021;01;0;02;000;2021;10;06;3;3;5;3;1;0;0;1;0;1;0;0;573614.346454184502363;6023636.049392884597182;10.132722369000021;54.355219075000036
4802;01210706152013712021;01;0;03;000;2021;07;17;3;3;0;7;0;0;1;0;0;0;0;0;609774.293499373830855;5970378.225124126300216;10.669561498000064;53.870254569000053
4803;01210801125013522021;01;0;59;113;2021;08;13;1;3;0;7;0;1;1;0;0;0;0;0;531943.340000000782311;6075088.736999841406941;9.497162863000028;54.821922785000027
4804;01211016181013622021;01;0;61;097;2021;10;17;7;3;2;2;0;0;0;1;0;0;0;0;531473.783328982070088;5988522.839931346476078;9.480661232000045;54.043989509000028
4806;01211229125013062022;01;0;59;012;2021;12;18;4;3;2;2;2;1;0;1;0;0;0;0;541628.794289680197835;6038093.476054849103093;9.642629300000067;54.488758968000070
4807;01210703171013012021;01;0;56;020;2021;07;16;7;2;1;5;0;0;0;0;0;1;0;1;538834.175444443710148;5943513.299109781160951;9.587372431000063;53.638956441000062
4808;01211021134013022021;01;0;57;091;2021;10;12;5;3;2;2;0;1;0;1;0;0;0;1;581990.931365858763456;6015477.571234378963709;10.259341213000027;54.280634808000059
4809;01211216161013832021;01;0;62;060;2021;12;17;5;3;2;6;1;0;0;1;0;0;0;0;582004.381934197619557;5932027.325453359633684;10.237185934000024;53.530755016000057
4811;01211108181013952021;01;0;51;097;2021;11;13;2;3;2;2;0;1;0;1;0;0;0;0;510288.174522397108376;5984051.109385138377547;9.156970227000045;54.004656146000059
4812;01211025125013102021;01;0;54;056;2021;10;18;2;3;5;3;1;1;1;1;0;0;0;0;505766.272474736906588;6035919.449305675923824;9.088975349000066;54.470895700000028
4813;01210911161013712021;01;0;53;014;2021;09;14;7;3;0;6;0;0;0;1;0;0;0;1;608932.485348497517407;5941771.101682918146253;10.646683036000070;53.613409275000038
4814;01210824152013632021;01;0;03;000;2021;08;11;3;2;0;7;0;0;1;0;0;0;0;0;609771.063062584027648;5970381.063698211684823;10.669513405000032;53.870280755000067
4815;01210716134013502021;01;0;02;000;2021;07;07;6;3;0;1;0;0;1;0;0;0;0;0;572133.508325443603098;6021403.059006687253714;10.109400586000049;54.335365721000073
4816;01210829105132352021;01;0;62;025;2021;08;11;1;3;2;6;0;1;0;1;0;0;0;0;604695.902651706710458;5968142.600509971380234;10.591595050000024;53.851217559000077
4817;01210624134013902021;01;0;57;027;2021;06;02;5;3;0;7;2;0;1;0;0;0;0;0;604627.378088794648647;6011993.249994149431586;10.605674143000044;54.245200784000076
4818;01210720171013092021;01;0;60;030;2021;07;18;3;3;5;2;0;0;1;1;0;0;0;0;586208.016606104560196;5981043.832014938816428;10.314265896000052;53.970542110000054
4819;01211010181013452021;01;0;51;057;2021;10;18;1;3;5;3;0;0;0;1;0;0;0;0;495182.842000000178814;5977173.694999784231186;8.926611538000031;53.942922309000039
4820;01211221152013942021;01;0;03;000;2021;12;17;3;3;5;3;2;0;0;1;0;0;0;0;609612.396000043489039;5969711.713999735191464;10.666862202000061;53.864300644000082
4821;01211210134013932021;01;0;02;000;2021;12;16;6;3;2;6;2;2;0;1;0;0;0;0;573950.304756899364293;6018274.697394385933876;10.136561373000063;54.306995235000045
4822;01211129145013212021;01;0;58;123;2021;11;15;2;2;5;3;0;0;1;1;0;0;0;0;548654.461000001989305;6033674.696999816223979;9.750348930000030;54.448424774000046
4823;01211102134013342021;01;0;02;000;2021;11;11;3;3;1;5;0;0;1;0;0;0;0;1;573339.388110745698214;6020375.159910880029202;10.127690103000077;54.325957447000064
4824;01210903125013332022;01;0;54;072;2021;09;12;6;3;5;2;0;0;0;1;0;0;0;0;494116.629925860092044;6020556.246050637215376;8.909522191000065;54.332820598000069
4825;01210820171013252021;01;0;56;028;2021;08;13;6;3;8;1;0;1;0;1;0;0;0;0;543791.443401283584535;5941081.574572063982487;9.662004458000069;53.616709076000063
4826;01210616145013472021;01;0;58;140;2021;06;15;4;3;0;7;0;0;1;1;0;0;0;0;546404.893202957697213;6018007.006437629461288;9.713214303000029;54.307835148000038
4827;01210710181013062021;01;0;51;097;2021;07;18;7;2;5;2;0;0;0;1;0;1;0;0;508701.310999999754131;5983280.549999790266156;9.132736946000023;53.997759618000032
4828;01210809161013872021;01;0;62;061;2021;08;20;2;3;8;1;2;1;0;0;0;1;0;0;597693.740000025369227;5965748.987999759614468;10.484427387000039;53.831075004000070
4830;01210925125013842021;01;0;59;178;2021;09;17;7;3;0;7;0;0;1;0;0;0;0;0;543042.426413465291262;6073811.389425870031118;9.669706550000058;54.809614138000029
4831;01210722152013492021;01;0;03;000;2021;07;16;5;3;2;6;0;0;1;0;0;0;0;0;611954.588448189198971;5969631.419828616082668;10.702433194000037;53.863079434000042
4834;01210725161013212021;01;0;62;090;2021;07;20;1;3;0;1;1;1;0;0;0;1;0;0;577128.371216824278235;5949862.220412854105234;10.168055096000046;53.691769202000046
4836;01211013171013212021;01;0;60;063;2021;10;07;4;3;8;1;0;1;0;1;0;0;0;0;565179.643308435566723;5945158.755400843918324;9.986144571000068;53.651126464000072
4837;01211223125013712021;01;0;01;000;2021;12;11;5;3;8;1;0;2;0;1;0;0;0;0;526117.886554139666259;6072878.922021353617311;9.406299601000057;54.802401778000046
4838;01211213152013022021;01;0;55;004;2021;12;20;2;3;0;7;2;1;1;0;0;0;0;0;611253.263836666941643;5975051.158474452793598;10.693741496000030;53.911922008000033
4839;01211129161013572021;01;0;53;032;2021;11;13;2;3;5;3;0;1;0;1;0;0;1;0;588815.809239541180432;5921382.078224629163742;10.336907817000053;53.433987027000057
4840;01211103134013652021;01;0;02;000;2021;11;06;4;3;2;6;0;0;0;1;0;0;0;0;572391.452518019825220;6021788.803596278652549;10.113460558000043;54.338795380000079
4841;01210822125013502021;01;0;01;000;2021;08;04;1;3;9;7;2;0;0;1;0;0;0;0;528875.731325559318066;6071805.338956614956260;9.449093304000030;54.792602884000075
4842;01210617171013182021;01;0;60;099;2021;06;18;5;3;5;3;0;0;0;1;0;0;0;1;559358.296240740455687;5979205.539576377719641;9.904645454000047;53.957801198000027
4843;01210713134013462021;01;0;57;020;2021;07;06;3;3;4;6;0;0;0;1;0;0;0;1;586861.068670181557536;6026176.257613414898515;10.337237577000053;54.375958102000027
4844;01210621105132472021;01;0;59;077;2021;06;18;2;2;5;3;0;1;0;1;0;0;0;0;531386.439388761296868;6042106.342407502233982;9.484950878000063;54.525558943000078
4845;01210810171013072021;01;0;56;043;2021;08;12;3;3;0;7;0;0;1;0;0;0;0;0;555688.000307119451463;5945116.342375991865993;9.842550354000025;53.651841820000072
4847;01210813145013642021;01;0;58;168;2021;08;07;6;1;4;6;0;0;0;1;0;0;1;0;556219.200325805693865;6006982.464695241302252;9.861967941000046;54.207777001000068
4848;01210926171013692021;01;0;56;028;2021;09;20;1;3;3;6;2;0;0;1;0;0;0;0;547233.990624956786633;5939340.087196417152882;9.713777888000038;53.600757784000052
4849;01210724152013272021;01;0;55;032;2021;07;18;7;2;5;3;0;0;0;1;0;1;0;0;619749.029607904143631;5997786.917986074462533;10.831965698000033;54.114271240000051
4850;01211207125013952021;01;0;01;000;2021;12;07;3;3;5;2;1;1;0;1;0;0;0;0;526312.866000000387430;6069995.272999837994576;9.409071012000027;54.776477659000079
4851;01211124161013812021;01;0;62;004;2021;11;11;4;3;2;6;0;1;0;1;0;0;0;0;591888.826593724079430;5962965.369537545368075;10.395421834000047;53.807121490000043
4852;01211116134013602021;01;0;02;000;2021;11;16;3;2;0;7;1;0;0;1;0;0;0;1;574144.878829877823591;6020639.837826721370220;10.140138672000035;54.328219376000050
4853;01211029152013412021;01;0;03;000;2021;10;19;6;3;2;2;2;0;0;1;0;0;0;0;611269.183389193378389;5969107.696646792814136;10.691825755000025;53.858521555000038
4854;01210917125013502021;01;0;54;024;2021;09;09;6;2;0;7;0;0;1;0;0;0;0;0;502331.094660789705813;6050370.415821960195899;9.036083902000030;54.600795546000029
4855;01210831181013482021;01;0;51;024;2021;08;18;3;2;5;3;0;0;1;1;0;0;0;0;509460.315369131974876;5976627.950446089729667;9.144108966000033;53.937953128000061
4856;01211121171013492021;01;0;60;004;2021;11;13;1;3;0;7;0;1;1;0;0;0;0;0;558153.588469954207540;5975167.214763749390841;9.885518734000073;53.921645874000035
4857;01210921145013672021;01;0;04;000;2021;09;16;3;3;5;2;0;1;0;1;0;0;0;0;567642.370555136352777;5988936.441913679242134;10.033040121000056;54.044230696000056
4858;01210805152013942021;01;0;03;000;2021;08;14;5;2;5;2;0;0;0;1;0;1;0;0;608619.331260072998703;5968083.204686246812344;10.651191504000053;53.849878210000043
4859;01210929134013962021;01;0;02;000;2021;09;08;4;3;5;3;0;0;1;1;0;0;0;0;572168.988000005483627;6017654.554999807849526;10.109039786000039;54.301677575000042
4860;01210728171013742021;01;0;60;063;2021;07;12;4;3;5;3;0;0;1;1;0;0;0;0;566818.008044172078371;5948753.889652762562037;10.011701919000075;53.683229301000040
4862;01211005105132862021;01;0;62;004;2021;10;14;3;3;2;6;0;1;0;1;0;0;0;0;593459.411155693233013;5960562.514910997822881;10.418535824000060;53.785250914000073
4863;01210706134013022021;01;0;02;000;2021;07;16;3;3;2;2;0;0;0;1;0;0;0;0;575899.045544717460871;6030517.546985244378448;10.169626727000036;54.416717563000077
4864;01210801134013172021;01;0;02;000;2021;08;19;1;3;0;7;0;0;0;0;0;0;0;1;573777.742247127927840;6020574.314111594110727;10.134478172000058;54.327683806000039
4865;01211015161013752021;01;0;62;060;2021;10;16;6;3;5;3;0;0;0;1;0;0;0;0;581277.996933694928885;5929977.266437252983451;10.225697892000028;53.512444864000031
4867;01211230181013382022;01;0;51;044;2021;12;18;5;3;5;3;2;1;0;1;0;0;0;1;507537.791431584395468;6005482.115357154980302;9.115540925000062;54.197320080000054
4868;01210702171013292021;01;0;60;049;2021;07;19;6;3;0;7;0;0;1;0;0;0;1;0;586641.003794357180595;5980184.015723511576653;10.320620681000037;53.962743796000041
4869;01211021145013312021;01;0;04;000;2021;10;17;5;2;8;1;0;1;0;1;0;0;0;0;566530.689606585539877;5996215.460748994722962;10.017664250000053;54.109787380000057
4870;01211216152013682021;01;0;03;000;2021;12;12;5;3;1;5;0;0;1;1;0;0;0;0;611812.860922547988594;5969627.440108522772789;10.700277616000051;53.863074224000059
4872;01211109145013812021;01;0;04;000;2021;11;10;3;3;2;6;0;0;0;1;0;0;0;0;562350.241876240819693;5997405.140001792460680;9.953975026000023;54.121002072000067
4873;01211025145013702021;01;0;58;043;2021;10;09;2;3;5;2;0;0;1;1;0;0;0;0;554152.270398460328579;6034506.071124473586679;9.835278721000066;54.455339559000038
4874;01210911171013622021;01;0;56;015;2021;09;17;7;3;0;7;0;0;1;0;0;0;0;0;543272.238873108290136;5955844.259128296747804;9.656215549000024;53.749436386000070
4875;01210825134013592021;01;0;02;000;2021;08;20;4;3;6;4;0;0;1;0;1;0;0;0;573974.985635873861611;6020699.148109210655093;10.137541474000045;54.328776970000035
4876;01210716152013232021;01;0;03;000;2021;07;15;6;3;0;7;0;0;0;0;0;1;0;0;610516.738031291402876;5968876.318487498909235;10.680307111000047;53.856603495000059
4877;01210817134013232021;01;0;02;000;2021;08;14;3;3;2;6;0;1;0;1;0;0;0;0;574911.197415159083903;6013505.951440475881100;10.150131863000070;54.264004812000053
4878;01210625125013612021;01;0;59;154;2021;06;10;6;2;5;3;0;0;1;1;0;0;0;0;560676.169000003486872;6060147.079999832436442;9.941186745000039;54.685008638000056
4879;01210721125013672021;01;0;54;075;2021;07;12;4;3;5;3;0;0;0;1;0;0;0;0;495724.272772386670113;6059382.500192863866687;8.933682724000050;54.681773983000028
4880;01211011171013192021;01;0;56;023;2021;10;16;2;3;5;3;0;1;0;1;0;0;0;0;543667.493000001646578;5951399.610999772325158;9.661581611000031;53.709456149000061
4881;01211221161013842021;01;0;53;002;2021;12;18;3;3;2;6;2;1;0;1;0;0;0;0;610474.083818223327398;5943507.069949949160218;10.670591784000067;53.628683552000041
4882;01211211125013362021;01;0;59;183;2021;12;12;7;3;5;2;0;0;0;1;0;0;0;0;521191.616928713396192;6070069.387478116899729;9.329460947000030;54.777386002000071
4883;01211129161013012021;01;0;62;061;2021;11;17;2;2;5;3;2;1;1;1;0;0;0;0;598314.427840185351670;5964716.685749435797334;10.493525028000022;53.821682602000067
4884;01211102125013352021;01;0;54;131;2021;11;16;3;2;0;1;0;0;0;0;0;1;0;0;494131.263428562320769;6082163.074900355190039;8.908513979000077;54.886480851000044
4885;01210903161013352021;01;0;62;009;2021;09;18;6;3;5;3;0;0;0;1;0;0;0;0;579304.077000009827316;5936976.188999759033322;10.197712198000033;53.575643115000048
4886;01210821134013612021;01;0;57;046;2021;08;19;7;3;8;1;0;0;0;0;0;1;0;0;587991.883907281793654;6008161.719828777015209;10.349338262000060;54.213903969000057
4887;01210616134013542021;01;0;02;000;2021;06;13;4;3;3;6;0;0;0;1;0;0;1;0;573302.971190813928843;6017092.257811265066266;10.126324374000035;54.296463470000049
4888;01210711145013072022;01;0;58;053;2021;07;15;1;3;2;6;0;0;0;1;0;0;0;0;568865.646509500220418;6012371.262671135365963;10.057070275000058;54.254658068000026
4889;01210809134013242021;01;0;02;000;2021;08;07;2;3;0;7;0;1;1;0;0;0;0;0;571030.292749365791678;6023724.957909667864442;10.092990252000050;54.356384525000067
4891;01210923171013792021;01;0;60;007;2021;09;09;5;3;2;2;0;0;0;1;0;0;0;0;578670.521000009961426;5975433.756999779492617;10.197938122000039;53.921331534000046
4892;01210722152013002021;01;0;55;021;2021;07;11;5;3;6;4;0;0;0;1;1;0;0;0;627805.518751956522465;6026652.188243107870221;10.967441555000050;54.371608868000067
4895;01211205125013172021;01;0;59;075;2021;12;15;1;3;5;3;1;1;0;1;0;0;0;0;535104.975830337032676;6041975.555889537557960;9.542387584000039;54.524139607000052
4896;01210907125013302021;01;0;54;076;2021;09;20;3;2;9;7;2;0;0;1;0;0;0;0;497413.048346679657698;6066979.412082552909851;8.959808448000047;54.750057735000041
4897;01211123152013362021;01;0;03;000;2021;11;12;3;3;0;7;0;0;1;0;0;0;0;0;610142.200174471363425;5969930.687737785279751;10.674993691000054;53.866155826000067
4898;01211114152013152021;01;0;03;000;2021;11;02;1;3;6;6;2;1;0;0;1;0;0;1;610126.146000045351684;5971476.296999735757709;10.675304679000021;53.880045395000081
4899;01211029125013702021;01;0;54;109;2021;10;16;6;3;0;7;0;0;1;0;0;0;0;0;492331.246332515031099;6069166.183365872129798;8.880798652000067;54.769657865000056
4900;01210915145013882021;01;0;58;054;2021;09;08;4;3;0;7;0;1;1;0;0;0;0;0;539000.100764847360551;6017434.093969943001866;9.599340001000030;54.303305524000052
4901;01210830134013202021;01;0;02;000;2021;08;17;2;3;2;6;0;0;0;0;0;1;0;0;572123.175904657691717;6018166.972330123186111;10.108459635000031;54.306288513000027