OBJECTID;UIDENTSTLAE;ULAND;UREGBEZ;UKREIS;UGEMEINDE;UJAHR;UMONAT;USTUNDE;UWOCHENTAG;UKATEGORIE;UART;UTYP1;ULICHTVERH;USTRZUSTAND;IstRad;IstPKW;IstFuss;IstKrad;IstGkfz;IstSonstige;LINREFX;LINREFY;XGCSWGS84;YGCSWGS84
5093;01211125171013122021;01;0;56;010;2021;11;08;5;3;2;6;0;1;0;1;0;0;0;0;546372.916095768101513;5967608.210565051063895;9.705004339000027;53.854898698000056
5094;01211118125013542021;01;0;54;041;2021;11;16;5;3;4;6;2;1;0;1;0;0;0;0;514248.250574449077249;6051559.093689687550068;9.220610967000027;54.611282608000067
5095;01211030181013852021;01;0;61;017;2021;10;19;7;3;5;3;2;0;0;1;0;0;0;0;533861.373218303546309;5972191.555444611236453;9.515308424000068;53.897059262000028
5096;01210901134013792021;01;0;02;000;2021;09;16;4;3;2;6;0;0;1;1;0;0;0;0;573399.348123833537102;6023594.204418243840337;10.129404535000049;54.354874068000072
5097;01211105171013632021;01;0;60;002;2021;11;19;6;2;8;6;2;1;0;1;0;0;0;0;558069.853141490370035;5962484.786402221769094;9.881843459000038;53.807677615000046
5098;01211104171013432021;01;0;60;005;2021;11;12;5;3;2;2;0;1;0;1;0;0;0;0;584705.036500295624137;5977005.854979062452912;10.290238290000048;53.934506425000052
5099;01210807145013072021;01;0;58;146;2021;08;01;7;2;7;7;2;1;1;0;0;0;0;0;547280.908763694576919;6017054.070337453857064;9.726526112000045;54.299191017000055
5100;01211003125013332021;01;0;54;088;2021;10;15;1;3;5;3;0;1;0;1;0;0;0;0;490958.771440658718348;6069389.176125045865774;8.859458338000024;54.771639006000044
5101;01210731145013042021;01;0;58;037;2021;07;15;7;3;8;1;0;1;0;1;0;0;0;0;570643.993634109385312;6030874.759022761136293;10.088746691000040;54.420684256000072
5103;01211007152013892021;01;0;55;032;2021;10;16;5;3;2;6;0;0;0;1;0;0;0;0;617504.217200756072998;5996285.281616117805243;10.797058968000044;54.101299215000040
5104;01210803145013482021;01;0;58;053;2021;08;11;3;3;0;1;0;0;0;0;0;0;0;1;569569.925439698621631;6010463.013021945953369;10.067435891000059;54.237415304000081
5105;01211020105132602021;01;0;56;015;2021;10;17;4;2;8;7;0;1;0;1;0;0;0;0;547038.405089555308223;5955138.935809982940555;9.713216726000041;53.742770963000055
5108;01210704125013142021;01;0;54;098;2021;07;20;1;3;5;3;1;0;0;1;0;0;0;0;467544.382383638992906;6065885.851928874850273;8.495893949000049;54.739189072000045
5109;01211008171013882021;01;0;60;005;2021;10;14;6;2;6;4;0;0;0;0;1;0;0;1;585557.606000012718141;5978431.533999782055616;10.303620440000032;53.947176941000066
5110;01210906125013752021;01;0;01;000;2021;09;16;2;3;5;3;0;0;1;1;0;0;0;0;531371.910893981344998;6072980.239222440868616;9.488041115000044;54.803011131000062
5112;01211111152013882021;01;0;03;000;2021;11;16;5;3;5;3;1;1;0;1;0;0;0;1;608884.541669364087284;5969788.580741334706545;10.655826199000046;53.865144420000036
5113;01211026145013392021;01;0;58;053;2021;10;14;3;3;2;6;0;0;0;1;0;0;0;0;568114.771095433272421;6011317.267435103654861;10.045307133000051;54.245287315000041
5114;01210913171013472021;01;0;56;039;2021;09;12;2;3;5;2;0;0;1;1;0;0;0;0;552422.188897251151502;5946376.487813245505095;9.793357170000036;53.663504940000053
5115;01210909152013512021;01;0;03;000;2021;09;09;5;3;5;3;0;0;1;1;0;0;0;0;610104.808100631460547;5969927.613854626193643;10.674424213000066;53.866136142000073
5116;01210827105132082021;01;0;62;094;2021;08;23;6;3;9;1;2;1;0;1;0;0;0;0;600857.481205524876714;5964889.830303249880672;10.532199086000048;53.822751202000063
5117;01210717134013782021;01;0;02;000;2021;07;14;7;3;2;6;0;0;0;1;0;0;0;0;577399.760614095255733;6020641.268125975504518;10.190178222000043;54.327748995000036
5118;01210818134013372021;01;0;02;000;2021;08;18;4;2;5;5;0;0;0;1;0;1;0;0;569144.955292763188481;6019321.873909989371896;10.062963763000027;54.317078197000058
5119;01210627152013962021;01;0;55;046;2021;06;18;1;3;5;3;0;0;0;1;0;0;0;0;642756.042000152170658;6034246.019999371841550;11.201062729000057;54.435838264000040
5120;01210707125013472021;01;0;59;037;2021;07;15;4;2;0;7;0;0;1;0;0;0;0;0;533464.912548837251961;6058676.611604550853372;9.518954094000037;54.674337141000080
5121;01210726145013392021;01;0;58;043;2021;07;17;2;3;2;6;0;0;0;1;0;0;0;0;553191.718574285507202;6038130.139076130464673;9.821116204000077;54.488007960000061
5123;01211013145013902021;01;0;58;038;2021;10;16;4;2;5;3;0;0;1;1;0;0;0;0;561680.097810384817421;6003893.272789787501097;9.945050306000041;54.179388296000070
5124;01211223152013862021;01;0;03;000;2021;12;19;5;3;2;2;2;2;0;1;0;0;0;0;608756.234629710204899;5971904.817034723237157;10.654626454000038;53.884184340000047
5125;01211215134013212021;01;0;02;000;2021;12;19;4;3;0;1;2;1;1;0;0;0;0;0;573292.942822287790477;6017611.830769473686814;10.126297749000059;54.301133651000043
5126;01211202134013722021;01;0;02;000;2021;12;15;5;3;2;2;0;0;0;1;0;0;0;0;575510.201362137682736;6019399.410408539697528;10.160814859000027;54.316873233000081
5127;01211202152013632021;01;0;55;027;2021;12;12;5;3;2;6;0;1;0;1;0;0;0;0;622794.629000076092780;6009590.246999675408006;10.883341929000039;54.219580447000055
5128;01210907134013742021;01;0;02;000;2021;09;15;3;3;5;2;0;0;1;1;0;0;0;0;573707.887134180404246;6021996.048281574621797;10.133755672000063;54.340469112000051
5130;01211114125013292021;01;0;54;017;2021;11;19;1;3;3;6;2;1;0;1;0;0;0;0;493193.554310362786055;6077376.515261517837644;8.894009213000061;54.843454035000036
5131;01211027161013732021;01;0;53;095;2021;10;11;4;2;8;7;0;1;0;1;0;0;0;0;605095.722321576438844;5939112.021944709122181;10.587812890000066;53.590301044000057
5132;01210914161013602021;01;0;53;061;2021;09;20;3;3;0;7;2;0;0;1;0;0;0;0;603523.453051259741187;5956696.432344503700733;10.569931987000075;53.748610670000062
5133;01210830134013022021;01;0;02;000;2021;08;16;2;3;2;6;0;0;0;1;0;0;0;0;573976.155359326861799;6019660.075120041146874;10.137301840000021;54.319440046000068
5134;01211118181013402021;01;0;51;016;2021;11;17;5;2;6;4;2;1;0;1;1;0;0;0;516913.263085188344121;5983636.871134204789996;9.258027552000044;54.000758565000069
5135;01210816161013102021;01;0;62;009;2021;08;15;2;3;5;3;0;1;0;1;0;0;0;1;579304.077000009827316;5936976.188999759033322;10.197712198000033;53.575643115000048
5136;01210928171013372021;01;0;60;044;2021;09;18;3;3;2;6;0;0;0;1;0;0;0;0;561650.950952728278935;5966960.496659195050597;9.937115240000026;53.847488595000073
5137;01210727152013122021;01;0;55;001;2021;07;13;3;2;8;7;0;0;0;1;0;0;0;0;599354.160567620769143;5984442.909007916226983;10.515719077000028;53.998723461000054
5139;01211015105132482021;01;0;59;159;2021;10;12;6;2;2;6;0;0;0;1;0;0;0;1;528055.370691309683025;6056261.818319272249937;9.434837220000077;54.652966423000066
5141;01211227152013402022;01;0;55;040;2021;12;11;2;3;2;2;0;1;0;1;0;0;0;1;607697.838520708493888;5975254.201755665242672;10.639709322000044;53.914497330000074
5142;01210701105132332021;01;0;60;002;2021;07;06;5;3;9;1;1;1;0;1;0;0;0;0;561594.775385040789843;5960880.492451990023255;9.935044156000060;53.792854330000068
5143;01211216145013662022;01;0;58;166;2021;12;13;5;3;5;3;0;1;1;1;0;0;0;0;560622.953000001609325;6041266.796999821439385;9.936459883000055;54.515360389000080
5144;01211023171013052021;01;0;60;063;2021;10;14;7;3;0;1;0;0;0;0;0;1;0;0;568364.840639076195657;5949129.532198885455728;10.035201394000069;53.686405079000053
5145;01210910134013872021;01;0;02;000;2021;09;19;6;3;8;7;0;0;1;0;0;0;0;0;573548.814875422045588;6019126.876528497785330;10.130601995000063;54.314710632000072
5146;01210823161013322021;01;0;53;116;2021;08;12;2;3;5;3;0;0;1;1;0;0;0;0;597449.605594983324409;5929024.571265367791057;10.469193988000029;53.501135787000067
5147;01210716125013592021;01;0;54;134;2021;07;12;6;3;5;2;0;0;0;1;0;0;0;0;482706.650280104018748;6017706.589836778119206;8.734219568000071;54.306950641000071
5148;01210622171013532021;01;0;60;063;2021;06;11;3;3;5;7;0;0;0;1;0;0;0;0;566114.490690701641142;5948540.653645679354668;10.001006204000021;53.681402434000063
5149;01210719125013892021;01;0;54;103;2021;07;13;2;3;0;7;0;0;1;0;0;0;0;0;477040.722262553870678;6040987.475829539820552;8.645340793000059;54.515955684000062
5150;01210812171013072021;01;0;60;007;2021;08;12;5;3;2;6;0;0;0;1;0;0;0;0;574727.657539088279009;5975163.952543402090669;10.137846497000055;53.919490801000052
5152;01210815152013852021;01;0;03;000;2021;08;22;1;3;6;6;2;0;0;1;1;0;0;0;607785.065272456035018;5970232.514496333897114;10.639269819000049;53.869362373000058
5153;01210629105132762021;01;0;53;037;2021;06;13;3;3;9;1;0;1;0;0;0;0;1;0;612988.976294155232608;5934298.190537679940462;10.705268911000076;53.545409266000036
5154;01211008181013132021;01;0;51;017;2021;10;12;6;2;3;6;0;0;1;0;0;0;0;0;500980.725983569398522;5988832.895066663622856;9.014978741000050;54.047735800000055
5155;01211220125013362021;01;0;01;000;2021;12;07;2;3;2;6;2;1;0;1;0;0;0;0;526337.764735408127308;6069995.312467617914081;9.409458091000033;54.776476708000075
5156;01211208171013542021;01;0;60;049;2021;12;19;4;3;2;6;2;1;0;1;0;0;0;0;586410.819421803578734;5979708.599587539210916;10.316978461000076;53.958510403000048
5157;01211125161013942021;01;0;62;082;2021;11;12;5;3;6;4;0;1;0;1;1;0;0;0;593338.328584978356957;5940837.342322688549757;10.410758608000037;53.608029410000029
5158;01211118134013522021;01;0;02;000;2021;11;07;5;3;1;5;1;1;1;1;0;0;0;0;568433.706587083637714;6019892.948076484724879;10.052162749000047;54.322305651000079
5159;01211030152013452021;01;0;03;000;2021;10;15;7;3;5;2;0;0;0;1;0;0;0;0;610144.000708121806383;5970756.502602890133858;10.675317594000035;53.873574787000052
5160;01210901171013652021;01;0;56;001;2021;09;18;4;3;2;2;0;0;0;1;0;0;0;0;548607.296613811515272;5945921.511058228090405;9.735556842000051;53.659784303000038
5161;01211106125013722021;01;0;59;174;2021;11;16;7;3;2;6;2;1;0;1;0;0;0;0;521570.494551603682339;6060985.118537472561002;9.334677574000068;54.695732628000030
5162;01211105134013032022;01;0;02;000;2021;11;17;6;2;2;6;2;1;0;1;0;0;0;0;572460.249623739160597;6021919.779099276289344;10.114550349000069;54.339962521000075
5163;01210807171013602021;01;0;56;042;2021;08;12;7;3;2;6;0;0;0;1;0;0;0;0;538234.391351872123778;5954474.971988951787353;9.579652708000026;53.737523329000055
5165;01211007171013012021;01;0;62;076;2021;10;16;5;3;3;6;0;0;0;1;0;1;0;0;572419.287316028960049;5953659.880098465830088;10.097642187000076;53.726571747000037
5166;01210804125013382021;01;0;54;076;2021;08;16;4;3;0;7;0;0;0;1;1;0;0;0;495723.092930615879595;6069592.307204600423574;8.933514404000050;54.773527681000076
5167;01211020125013932021;01;0;01;000;2021;10;21;4;2;5;3;2;1;1;1;0;0;0;0;527998.488220372237265;6069258.768036581575871;9.435204553000062;54.769767877000049
5170;01210629145013082021;01;0;04;000;2021;06;16;3;3;2;6;0;1;0;1;0;0;0;0;565207.801830799318850;5991265.337740276008844;9.996366196000054;54.065472854000063
5171;01210906134013322021;01;0;02;000;2021;09;11;2;3;5;2;0;0;1;1;0;0;0;0;573365.121404145844281;6019790.584248993545771;10.127941972000031;54.320700934000058
5173;01211112152013152021;01;0;55;035;2021;11;15;6;3;2;2;1;0;0;1;0;0;0;0;613078.981767375953496;5978938.403307085856795;10.722961021000060;53.946449699000027
5174;01211027105132642021;01;0;56;039;2021;10;07;4;3;2;6;0;1;0;1;0;0;0;0;552456.369446366094053;5948361.524192839860916;9.794209878000061;53.681342120000068
5175;01210914125013422021;01;0;01;000;2021;09;07;3;3;3;6;0;0;1;1;0;0;0;0;525700.745804239064455;6067957.933808369562030;9.399374659000046;54.758200721000037
5176;01210908171013872021;01;0;60;092;2021;09;15;4;3;5;3;0;0;0;1;0;0;0;0;580160.591138554736972;5979412.928073486313224;10.221666505000030;53.956859794000081
5177;01210826171013392021;01;0;56;039;2021;08;08;5;3;4;6;0;0;1;0;0;0;0;0;552019.112512439489365;5945866.513256071135402;9.787172239000029;53.658961759000078
5178;01210819105132492021;01;0;58;107;2021;08;15;5;3;2;6;0;0;0;1;0;0;0;1;568016.937639861367643;6013855.917194535955787;10.044382366000036;54.268112727000073
5179;01210628105132922021;01;0;56;041;2021;06;19;2;3;8;1;0;0;0;1;0;0;0;0;562036.238577668555081;5953525.326125375926495;9.940267040000037;53.726700529000027
5180;01210709145013792021;01;0;58;135;2021;07;10;6;3;2;2;0;0;0;1;0;0;1;0;541800.308359406888485;6018014.295440314337611;9.642450918000065;54.308298267000055
5181;01210725171013812021;01;0;56;048;2021;07;13;1;3;0;3;0;0;0;1;0;1;0;0;549569.723725958727300;5952012.535549186170101;9.751093155000035;53.714437758000031
5183;01211014152013072021;01;0;55;004;2021;10;13;5;3;2;2;0;1;0;1;0;0;0;0;610088.108733926899731;5976007.231382887810469;10.676355460000025;53.920760384000062
5184;01211223145013792021;01;0;58;135;2021;12;12;5;3;2;1;0;2;0;1;0;1;0;0;540739.622000000439584;6018200.371999807655811;9.626175148000073;54.310056232000079
5185;01211214181013872021;01;0;61;104;2021;12;08;3;3;1;5;1;1;0;1;0;0;0;1;537342.907494254410267;5966233.276055920869112;9.567562852000037;53.843269131000056
5186;01211201161013412021;01;0;53;083;2021;12;17;4;3;5;2;2;1;0;1;0;0;0;0;602823.012830268591642;5915642.002462226897478;10.545802639000044;53.379864074000068
5187;01210823125013782021;01;0;54;076;2021;08;08;2;3;5;3;0;0;1;1;0;0;0;0;497582.166168454103172;6069715.962320035323501;8.962413125000069;54.774651334000055
5188;01210618145013802021;01;0;58;043;2021;06;16;6;3;5;3;0;0;1;1;0;0;0;0;554328.681957671418786;6035483.354871679097414;9.838178913000036;54.464102853000043
5189;01210713171013852022;01;0;60;089;2021;07;18;3;2;4;6;0;0;0;1;0;0;0;0;580245.874979310669005;5989168.177273573353887;10.225538407000045;54.044505905000051
5190;01210622152013742021;01;0;03;000;2021;06;17;3;3;2;6;0;0;0;1;0;0;0;0;612947.135124227032065;5970908.904869299381971;10.717989235000061;53.874341460000039
5191;01210811152013312022;01;0;55;028;2021;08;19;4;2;5;2;0;0;0;1;0;1;0;0;601954.655000032857060;6002808.598999772220850;10.561558608000041;54.163222724000036
5193;01210815105132302021;01;0;60;073;2021;08;17;1;3;8;6;0;0;0;1;0;0;0;0;562112.528695053420961;5970990.724837359040976;9.944946269000070;53.883652850000033
5194;01210927171013592021;01;0;56;018;2021;09;07;2;3;2;6;0;1;0;1;0;0;1;0;555338.479426753707230;5942746.304967125877738;9.836841029000027;53.630578205000063
5195;01211206161013092021;01;0;62;071;2021;12;13;2;3;5;3;0;1;1;1;0;0;0;0;580464.071000011637807;5940237.887999759986997;10.216068385000028;53.604777760000047
5196;01211125105132952021;01;0;59;183;2021;11;20;5;3;2;6;2;1;0;0;0;0;1;1;524549.838504340499640;6066198.752305544912815;9.381342097000072;54.742449233000059
5197;01211116105132462021;01;0;58;124;2021;11;07;3;3;2;6;0;0;0;1;0;0;0;0;546153.694451283663511;6016519.805770307779312;9.709124133000046;54.294492771000080
5198;01211029161013312021;01;0;53;116;2021;10;07;6;3;0;3;0;0;0;1;0;1;0;0;597957.741803476586938;5929212.586215158924460;10.476910819000068;53.502730845000031
5199;01210918125013482021;01;0;54;113;2021;09;16;7;3;0;7;0;1;1;0;0;0;0;0;475070.087387190200388;6018120.145029006525874;8.616821638000033;54.310351712000056
5200;01210901125013362021;01;0;59;043;2021;09;17;4;3;2;2;0;0;0;1;0;0;0;0;534911.844297593459487;6034792.437661999836564;9.538554592000025;54.459599838000031
5201;01211120181013862021;01;0;61;044;2021;11;17;7;3;5;3;2;0;0;1;0;0;0;1;542303.213319214060903;5958686.560254981741309;9.641910965000022;53.775061712000081
5202;01210922125013162021;01;0;54;113;2021;09;16;4;3;0;7;0;0;1;0;0;0;0;0;477236.313576458953321;6017242.165222335606813;8.650183216000073;54.302562208000040
5203;01210806161013972021;01;0;62;078;2021;08;08;6;3;0;4;0;0;0;0;1;0;0;1;589604.868242614902556;5949937.188931783661246;10.356970323000041;53.690451754000037
5204;01211001125013862021;01;0;54;019;2021;10;07;6;3;5;3;0;0;1;1;0;0;0;0;498323.389999999664724;6051950.770999826490879;8.974038078000035;54.615000801000065
5205;01210729152013652021;01;0;55;004;2021;07;16;5;3;5;3;0;1;0;1;0;0;0;0;611039.048632715828717;5974437.816518492996693;10.690259251000043;53.906457603000035
5207;01211005152013942021;01;0;03;000;2021;10;13;3;3;2;6;0;1;0;1;0;0;0;0;612442.769393985159695;5967035.987445836886764;10.708902713000043;53.839656205000040
5208;01210802125013772021;01;0;59;045;2021;08;11;2;2;3;6;0;0;1;0;0;0;0;0;561008.692484285682440;6056874.853572782129049;9.945660524000061;54.655565273000036
5209;01211018134013772021;01;0;02;000;2021;10;10;2;3;0;7;0;1;0;0;0;1;0;0;573809.168187790550292;6019447.333455551415682;10.134682546000022;54.317552588000069
5212;01210704152013272021;01;0;55;042;2021;07;09;1;3;2;6;0;0;0;1;0;0;0;0;616230.841613872908056;5982956.240432430058718;10.772491418000072;53.981846421000057
5213;01211021161013922021;01;0;62;023;2021;10;17;5;3;5;3;0;1;1;1;0;0;0;0;584353.875345039181411;5946841.170550562441349;10.276630426000054;53.663504722000027
5214;01211218171013212021;01;0;56;039;2021;12;13;7;3;5;2;0;0;1;1;0;0;0;0;551530.727342473343015;5947094.376736536622047;9.779986325000039;53.670045643000037
5215;01210904152013502021;01;0;55;039;2021;09;16;7;3;0;7;0;0;1;0;0;0;0;0;615914.118528126738966;5996291.515423728153110;10.772756017000063;54.101715806000072
5217;01211109171013482021;01;0;60;053;2021;11;17;3;3;2;6;1;1;0;1;0;0;0;0;581915.317131123505533;5968204.687123632058501;10.245402102000071;53.855868482000062
5218;01211025145013372021;01;0;04;000;2021;10;13;2;2;2;6;0;0;0;1;0;0;1;0;563773.041522312909365;5989587.376253828406334;9.974093914000036;54.050573369000062
5219;01210911152013302021;01;0;55;046;2021;09;14;7;3;2;6;0;0;0;1;0;0;0;0;636891.893382046371698;6029606.481464780867100;11.108576257000038;54.395782449000080
5220;01210826152013012021;01;0;55;001;2021;08;18;5;3;4;2;0;0;0;1;0;0;0;0;602999.875620584934950;5986469.534327294677496;10.572000616000025;54.016217675000064
5221;01210717145013872021;01;0;58;116;2021;07;18;7;2;8;1;0;0;0;0;0;1;0;0;561389.340040296316147;6034567.794450987130404;9.946904740000036;54.455071185000065
5222;01210817171013382021;01;0;56;039;2021;08;08;3;3;0;2;0;1;0;1;1;0;0;0;552340.480000002309680;5945041.243999768048525;9.791895760000045;53.651512522000075
5223;01210626161013182021;01;0;62;036;2021;06;13;7;3;0;1;0;1;0;0;0;1;0;0;579555.171118051744998;5955168.117690758779645;10.206161890000033;53.739085922000072
5224;01210708105132882021;01;0;56;039;2021;07;16;5;3;3;6;0;0;0;1;0;0;0;0;552527.974002847447991;5948276.988937193527818;9.795279571000037;53.680575164000061
5227;01211011181013062021;01;0;51;047;2021;10;19;2;3;1;5;2;1;1;0;0;0;1;0;500653.104885923676193;6014572.563149094581604;9.010030741000037;54.279076002000068
5228;01211223105132932022;01;0;60;062;2021;12;18;5;3;2;6;2;2;0;1;0;0;1;0;585908.224785987287760;5968935.930588493123651;10.306296089000057;53.861794038000028
5229;01211213125013752021;01;0;01;000;2021;12;10;2;3;5;3;0;1;0;1;0;0;0;0;529613.707762670703232;6069376.682150423526764;9.460322449000046;54.770734850000053
5230;01211130145013912021;01;0;04;000;2021;11;07;3;3;6;4;1;1;0;1;1;0;0;0;564625.695112965069711;5991837.356805793941021;9.987595131000035;54.070686625000064
5231;01211103145013592021;01;0;58;135;2021;11;08;4;3;5;3;0;0;0;1;0;0;0;0;541519.274178558029234;6018089.900252604857087;9.638142365000022;54.309000644000037
5232;01210903161013102021;01;0;62;014;2021;09;14;6;3;5;3;0;0;1;1;0;0;0;0;582023.379984349943697;5950400.755632702261209;10.242310466000049;53.695862936000026
5233;01210821161013912021;01;0;62;094;2021;08;16;7;3;0;7;0;0;1;0;0;0;0;0;601849.218335975892842;5967641.859888836741447;10.548171130000071;53.847284532000060
5234;01210617152013592021;01;0;55;021;2021;06;12;5;3;2;2;0;0;0;1;0;0;0;0;630036.859162331558764;6026024.831438316032290;11.001493724000056;54.365409543000055
5235;01210712161013962021;01;0;62;060;2021;07;04;2;3;4;6;1;0;0;1;0;0;1;0;585393.564141768030822;5935423.684677081182599;10.289231284000039;53.560735934000036
5236;01210619181013322021;01;0;51;078;2021;06;15;7;3;2;6;0;0;0;1;0;0;0;0;508006.747027830220759;5993267.930320391431451;9.122404992000043;54.087535754000044
5237;01210810145013932021;01;0;04;000;2021;08;11;3;3;6;7;0;0;1;0;1;0;0;0;564429.882664153352380;5992191.661940971389413;9.984678603000077;54.073895107000055
5239;01210814105132212021;01;0;60;070;2021;08;10;7;2;8;7;0;0;0;1;0;0;0;0;582862.102958132512867;5979631.020039534196258;10.262886568000056;53.958393887000057
5240;01210925181013612021;01;0;51;044;2021;09;14;7;3;0;2;0;0;1;1;0;0;0;0;505906.251688690856099;6005446.815157646313310;9.090531671000065;54.197024202000080
5241;01210723152013532021;01;0;55;044;2021;07;14;6;3;5;3;0;0;1;1;0;0;0;0;609960.738000045530498;5989939.817999742925167;10.679445901000065;54.045959045000075
5244;01211204152013052021;01;0;03;000;2021;12;13;7;3;2;6;0;0;0;1;0;0;0;0;609342.824637777172029;5970247.913095397874713;10.662955872000055;53.869174884000074
5245;01210908125013722021;01;0;54;138;2021;09;15;4;3;5;2;0;0;1;0;0;0;0;0;495149.831491832621396;6017678.717374682426453;8.925458101000061;54.306969879000064
5246;01211123125013842021;01;0;01;000;2021;11;10;3;3;5;3;0;0;0;1;0;0;0;0;529603.007043529301882;6069368.919734915718436;9.460155329000031;54.770665724000082
5247;01211115152013112021;01;0;03;000;2021;11;09;2;3;2;6;0;0;0;1;0;0;0;0;613384.109574728645384;5969586.261542676016688;10.724143691000052;53.862363484000070
5248;01211028181013282022;01;0;60;095;2021;10;17;5;3;8;3;1;0;1;1;0;0;0;0;552215.759710670448840;5973950.184512950479984;9.794904348000046;53.911340800000062
5249;01210916134013662021;01;0;02;000;2021;09;19;5;2;6;4;0;0;0;1;1;0;0;0;574267.144224164076149;6019169.000028828158975;10.141652312000076;54.314985168000078
5250;01210831161013382021;01;0;62;035;2021;08;10;3;2;5;2;0;0;0;1;0;0;0;0;587441.473497834987938;5945431.342826820909977;10.322948584000073;53.650328763000061
5251;01211119152013422021;01;0;03;000;2021;11;14;6;3;0;1;0;1;1;0;0;0;0;0;609453.221699508838356;5969454.129233662039042;10.664350908000074;53.862020004000044
5252;01210920145013462021;01;0;58;053;2021;09;18;2;3;2;6;0;0;0;1;0;0;0;0;568121.834807456471026;6011343.575663387775421;10.045421492000060;54.245522783000069
5254;01210804161013492021;01;0;62;018;2021;08;07;4;2;0;7;0;0;0;0;0;0;0;1;581261.642779042012990;5933636.666667623445392;10.226401119000059;53.545332844000029
5255;01210929171013092021;01;0;60;039;2021;09;18;4;3;5;3;2;0;1;1;0;0;0;0;564393.044848277233541;5959540.517484823241830;9.977236933000029;53.780473367000070
5256;01210728181013962021;01;0;51;127;2021;07;17;4;3;5;3;0;1;1;1;0;0;0;0;495638.342321009375155;6006419.090668590739369;8.933129907000023;54.205778098000053
5258;01211004125013392021;01;0;54;164;2021;10;13;2;3;8;7;0;0;0;0;0;1;0;0;472175.598827089183033;6060660.682789964601398;8.568323440000029;54.692510292000065
5259;01210801125013712022;01;0;54;168;2021;08;22;1;3;0;6;1;1;1;1;0;0;0;0;455675.969080218113959;6084147.220119861885905;8.308767851000027;54.902380081000047
5260;01211016161013222021;01;0;53;056;2021;10;18;7;3;5;2;2;0;0;1;0;0;0;0;608870.432000044733286;5934768.255999719724059;10.643302658000039;53.550502709000057
5262;01211231105132162022;01;0;03;000;2021;12;12;6;3;8;1;0;1;0;0;0;1;0;0;617161.198561688885093;5974826.279595190659165;10.783552115000077;53.908599790000039
5263;01210702171013632021;01;0;60;049;2021;07;10;6;3;2;6;0;0;0;1;0;0;0;0;586690.466714927926660;5980096.938583720475435;10.321349647000034;53.961953070000050
5264;01211021125013172021;01;0;01;000;2021;10;07;5;3;6;2;2;1;0;1;1;0;0;0;527279.736762383952737;6070150.923749212175608;9.424116579000042;54.777824807000059
5265;01211217152013042021;01;0;55;040;2021;12;08;6;3;5;3;1;0;1;1;0;0;0;0;609419.932000043801963;5974097.164999736472964;10.665502512000046;53.903741434000040
5266;01211109125013732021;01;0;54;004;2021;11;07;3;3;7;7;0;1;0;0;0;1;0;0;515500.226830754429102;6042999.620757976546884;9.239544106000039;54.534321930000033
5267;01211022161013812021;01;0;53;090;2021;10;15;6;2;5;3;0;1;0;1;0;1;0;0;610830.075478390790522;5942635.974981296807528;10.675662447000036;53.620781848000036
5268;01210909152013952021;01;0;55;040;2021;09;06;5;3;7;7;1;1;0;0;0;1;0;0;607081.554898788221180;5979970.590066792443395;10.631983617000060;53.956998827000064
5269;01210824181013552021;01;0;51;075;2021;08;20;3;3;5;2;0;0;0;1;0;0;0;1;498378.487105027772486;6009978.286803942173719;8.975120790000062;54.237782659000061
5270;01210717105132882021;01;0;62;078;2021;07;17;7;3;9;7;0;0;0;1;0;0;0;0;586654.431765327230096;5948540.992457317188382;10.311912154000026;53.678403238000044
5271;01210828152013532021;01;0;03;000;2021;08;20;7;3;6;4;1;1;0;0;1;0;0;1;611235.775373245589435;5969060.174278898164630;10.691300816000023;53.858101762000047
5272;01210624125013542021;01;0;59;083;2021;06;13;5;3;5;3;0;0;0;1;0;0;0;0;547770.864631888456643;6054953.704766286537051;9.740176505000022;54.639729315000068
5273;01210721181013342021;01;0;51;081;2021;07;14;4;3;2;2;0;0;0;1;0;0;0;0;497485.994965797290206;6003259.851987266913056;8.961483309000073;54.177396429000055
5275;01210629171013052021;01;0;60;035;2021;06;06;3;3;2;2;0;0;0;1;0;0;0;0;554714.904071884229779;5981960.671477438881993;9.834381313000051;53.983073552000064
5276;01211011134013112021;01;0;02;000;2021;10;11;2;3;5;3;0;0;1;1;0;0;0;0;572784.592130164615810;6020095.715778488665819;10.119093020000037;54.323525858000039
5277;01211221134013542021;01;0;02;000;2021;12;12;3;3;5;3;0;1;1;1;0;0;0;0;568303.287943315692246;6019575.299145393073559;10.050085244000059;54.319468748000077
5278;01211211145013432021;01;0;04;000;2021;12;19;7;2;4;6;2;0;0;1;0;0;0;1;564533.589769061654806;5988596.236142139881849;9.985498160000077;54.041571835000070
5279;01211128125013892021;01;0;54;077;2021;11;02;1;2;8;7;2;1;0;1;0;0;0;0;496794.042367408052087;6075514.033896191045642;8.950097058000040;54.826752535000082
5280;01211101105132242021;01;0;56;048;2021;11;21;2;2;1;1;2;0;0;1;0;0;0;0;550488.218870488926768;5951681.310776140540838;9.764955068000063;53.711372816000051
5281;01210901181013232021;01;0;61;046;2021;09;00;4;2;8;1;2;0;0;1;0;0;0;0;531461.957020233385265;5976249.853376323357224;9.479212583000049;53.933685308000065
5282;01210820152013862021;01;0;03;000;2021;08;14;6;3;5;2;0;0;1;1;0;0;0;0;609544.385000045411289;5971049.657999735325575;10.666306278000036;53.876335504000053
5283;01210616134013672021;01;0;02;000;2021;06;07;4;2;0;7;0;0;1;0;0;0;0;0;570959.420438488014042;6023066.059679476544261;10.091742932000045;54.350473697000041