OBJECTID;UIDENTSTLAE;ULAND;UREGBEZ;UKREIS;UGEMEINDE;UJAHR;UMONAT;USTUNDE;UWOCHENTAG;UKATEGORIE;UART;UTYP1;ULICHTVERH;USTRZUSTAND;IstRad;IstPKW;IstFuss;IstKrad;IstGkfz;IstSonstige;LINREFX;LINREFY;XGCSWGS84;YGCSWGS84
5284;01210710134013582022;01;0;02;000;2021;07;18;7;3;3;6;0;0;0;1;0;0;1;0;577220.338530415669084;6020217.402066923677921;10.187310191000051;54.323967526000047
5285;01210809134013422021;01;0;02;000;2021;08;17;2;3;5;3;0;0;1;1;0;0;0;0;569824.810209273360670;6017479.812782259657979;10.072982464000063;54.300433143000078
5287;01210925145013842021;01;0;58;117;2021;09;12;7;3;5;3;0;0;1;1;0;0;0;0;555326.188800592906773;6002656.983028115704656;9.847482256000035;54.169002575000036
5288;01210722161013932021;01;0;53;100;2021;07;08;5;3;1;5;0;0;0;1;0;0;0;1;618193.583739460445940;5951306.994653450325131;10.790233867000040;53.697072798000079
5291;01211202171013362021;01;0;60;039;2021;12;14;5;3;6;4;2;1;0;1;1;0;0;0;566094.873672856949270;5960298.167735470458865;10.003222218000076;53.787069016000032
5292;01210906181013582021;01;0;61;046;2021;09;15;2;3;0;7;0;0;1;0;0;0;0;0;534348.427531127817929;5976004.717554239556193;9.523148346000028;53.931298672000082
5294;01211112125013672021;01;0;54;073;2021;11;17;6;3;9;1;2;1;0;1;0;0;0;0;501634.879435982555151;6074744.014315633103251;9.025443680000024;54.819840202000080
5295;01211027152013382022;01;0;55;001;2021;10;14;4;3;7;7;0;0;0;1;0;0;0;0;601300.581256448291242;5985031.186687877401710;10.545597149000059;54.003630901000065
5296;01210915125013772021;01;0;54;113;2021;09;17;4;2;9;7;0;1;0;1;0;0;0;0;476433.491809234023094;6019091.286737924441695;8.637700331000076;54.319144357000027
5297;01210908152013832021;01;0;55;040;2021;09;15;4;3;5;2;0;0;1;1;0;0;0;0;609669.527432031929493;5974192.645378692075610;10.669334087000038;53.904546508000067
5298;01210819152013872021;01;0;03;000;2021;08;12;5;3;8;7;0;0;0;1;0;0;0;0;608453.344678797759116;5969347.963650286197662;10.649116184000036;53.861276009000051
5299;01210816125013982021;01;0;54;168;2021;08;13;2;3;5;2;0;0;1;1;0;0;0;0;455753.683958007022738;6084339.907046612352133;8.309950105000041;54.904118436000033
5300;01210928145013052021;01;0;58;077;2021;09;14;3;2;5;3;0;0;0;1;0;1;0;0;542439.291416557505727;5993861.434777174144983;9.648861521000072;54.091182910000043
5301;01210726152013722021;01;0;55;012;2021;07;15;2;3;0;7;0;0;1;1;0;0;0;0;609073.000421425327659;6000815.038223510608077;10.669813956000041;54.143850158000077
5303;01211014171013482021;01;0;60;005;2021;10;07;5;3;5;3;1;1;1;1;0;0;0;0;585834.063873099163175;5977054.111321059986949;10.307444435000036;53.934754106000071
5305;01211227171013492022;01;0;56;047;2021;12;23;2;3;9;1;2;1;0;1;0;0;0;0;557320.492621717974544;5949831.587285356596112;9.868117425000037;53.694043177000026
5306;01211216134013402021;01;0;02;000;2021;12;06;5;3;0;6;2;1;1;0;0;0;0;0;573466.071468515321612;6018956.344873640686274;10.129288364000047;54.313190197000040
5307;01211203125013822021;01;0;01;000;2021;12;17;6;3;6;2;2;1;0;1;1;0;0;0;531193.174461466260254;6072870.696999896317720;9.485248897000076;54.802037890000065
5308;01210923134013022021;01;0;57;062;2021;09;06;5;3;5;3;1;0;0;1;0;0;0;0;584245.801000013016164;6012229.250999797135592;10.293051397000056;54.251081337000073
5309;01210824125013772021;01;0;54;168;2021;08;14;3;3;0;7;0;0;1;0;0;0;0;0;455034.905251289717853;6082302.709924902766943;8.299059184000043;54.885748212000067
5310;01210619125013522021;01;0;59;079;2021;06;11;7;3;4;6;0;0;1;0;0;0;0;0;525812.351563457399607;6043966.375957675278187;9.398991388000070;54.542589510000028
5311;01210713171013852021;01;0;60;088;2021;07;15;3;3;8;1;0;0;0;0;0;1;0;0;574730.590000007301569;5969963.735999779775739;10.136622130000035;53.872759663000068
5312;01210623181013832021;01;0;61;066;2021;06;13;4;2;8;1;0;0;0;0;0;1;0;0;535077.268000000156462;5988089.258999792858958;9.535640294000075;54.039860196000063
5313;01210812125013192021;01;0;54;056;2021;08;14;5;3;0;7;0;0;0;1;0;0;0;0;505356.057000000029802;6036313.808999819681048;9.082652750000022;54.474444383000048
5315;01210815145013942021;01;0;57;071;2021;08;09;1;2;0;7;0;1;1;0;0;0;0;0;572494.804948844015598;5995015.355070838704705;10.108586534000040;54.098197291000076
5316;01211009105132482021;01;0;58;049;2021;10;13;7;3;2;6;0;0;0;1;0;0;1;0;553574.408488876186311;6010515.346400385722518;9.822052496000026;54.239809030000060
5317;01211220152013892021;01;0;03;000;2021;12;21;2;3;5;2;2;0;1;1;0;0;0;0;610123.208339600823820;5970720.012378366664052;10.674988383000027;53.873251362000076
5318;01211208105132242021;01;0;62;009;2021;12;08;4;3;2;6;1;1;0;1;0;0;0;0;578217.299924872815609;5935215.570502799004316;10.180861822000054;53.559984212000074
5319;01211126125013072021;01;0;59;118;2021;11;21;6;3;5;3;2;1;0;1;0;0;0;0;541571.557527605444193;6070441.299452677369118;9.646339319000049;54.779454094000073
5320;01211117161013572021;01;0;53;032;2021;11;17;4;1;5;3;2;1;0;1;0;1;0;0;591566.482952455990016;5921654.317854680120945;10.378378799000075;53.435962922000044
5321;01211030171013522021;01;0;56;024;2021;10;08;7;3;2;6;0;0;0;1;0;0;0;0;544053.591897736303508;5945217.062141207978129;9.666552761000048;53.653856272000041
5322;01210919105132702021;01;0;53;007;2021;09;07;1;2;8;1;1;0;0;1;0;0;0;0;598504.635025742463768;5936411.072985082864761;10.487418881000053;53.567311374000042
5323;01210901161013542021;01;0;53;090;2021;09;15;4;3;3;6;0;0;1;1;0;0;0;0;610756.965794431045651;5942642.346237655729055;10.674559872000032;53.620854558000076
5324;01211105161013392021;01;0;53;076;2021;11;07;6;3;6;4;0;0;0;0;1;0;0;1;592340.699000020511448;5937776.555999753996730;10.394778638000048;53.580702374000055
5325;01211104125013912021;01;0;01;000;2021;11;07;5;3;5;2;1;1;1;1;0;0;0;0;527258.711792597547174;6069464.859463086351752;9.423725278000063;54.771660625000038
5326;01210808161013142021;01;0;62;001;2021;08;12;1;3;5;3;0;0;0;1;0;0;0;0;581707.703751622699201;5948151.530018379911780;10.236937974000057;53.675700215000063
5327;01211002181013682021;01;0;51;011;2021;10;04;7;1;9;1;2;1;0;1;0;0;0;0;505925.525000000372529;5973135.458999784663320;9.090195918000063;53.906615063000061
5328;01210730152013112021;01;0;03;000;2021;07;19;6;3;5;2;0;0;0;1;0;1;0;0;612565.292018290609121;5969864.920180721208453;10.711800939000057;53.865045168000051
5330;01211008105132902021;01;0;62;056;2021;10;11;6;3;2;6;0;0;0;1;0;0;0;1;591539.338385533541441;5958440.312752209603786;10.388772545000052;53.766522788000032
5331;01210803161013122021;01;0;62;023;2021;08;16;3;3;5;3;0;0;1;0;0;0;0;1;584810.091000012122095;5946772.601999763399363;10.283514271000058;53.662814759000071
5332;01211019181013392021;01;0;61;046;2021;10;15;3;3;2;6;0;1;0;1;0;0;0;0;532380.097000000998378;5979128.783999785780907;9.493502011000032;53.959503565000034
5335;01210704125013262021;01;0;59;024;2021;07;17;1;3;5;2;0;0;0;0;0;1;0;0;520873.524822000414133;6017943.479776496067643;9.320819608000022;54.308945877000042
5336;01211009125013902021;01;0;54;118;2021;10;12;7;2;0;1;0;0;0;0;0;1;0;0;507656.298864967189729;6040342.841305246576667;9.118253646000028;54.510624455000027
5337;01210905134013062021;01;0;02;000;2021;09;04;1;2;8;7;2;0;0;1;0;0;0;0;576714.247309476137161;6018510.915570279583335;10.179092017000073;54.308710139000027
5339;01211111152013752021;01;0;03;000;2021;11;08;5;3;5;3;0;0;0;1;0;0;0;0;608955.018000043928623;5971622.695999734103680;10.657549078000045;53.881607958000075
5340;01211026171013772021;01;0;56;001;2021;10;12;3;3;5;3;0;0;0;1;0;1;0;0;548841.180000001564622;5942657.330999763682485;9.738583002000041;53.630425026000069
5341;01210913152013282021;01;0;55;032;2021;09;10;2;3;5;3;0;0;1;1;0;0;0;0;617319.597945865243673;5996128.483550835400820;10.794176196000024;54.099932760000058
5342;01210826161013632021;01;0;62;001;2021;08;16;5;3;2;6;0;0;0;1;0;0;0;0;582009.823628962039948;5948805.429655065760016;10.241683288000047;53.681529029000046
5343;01210718171013762021;01;0;56;032;2021;07;14;1;3;5;3;0;0;1;1;0;0;0;0;552410.819000001065433;5948602.096999768167734;9.793560946000071;53.683508847000041
5344;01210817181013632021;01;0;51;137;2021;08;17;3;3;5;2;0;0;0;1;0;0;0;0;501091.159796309657395;5998324.512077469378710;9.016699631000051;54.133044153000071
5345;01210625181013852021;01;0;51;002;2021;06;19;6;3;0;7;0;0;1;0;0;0;0;0;516447.415690136142075;6001057.966950798407197;9.251866828000061;54.157349398000065
5346;01210708125013492021;01;0;54;022;2021;07;19;5;2;2;6;0;0;1;0;0;0;0;0;483152.351837734691799;6063967.572726350277662;8.738426472000071;54.722715409000045
5347;01210726125013182021;01;0;54;161;2021;07;10;2;1;4;6;0;0;0;1;0;0;1;0;503121.679206184111536;6029985.672350740060210;9.048105947000067;54.417590528000062
5349;01210705161013972021;01;0;53;032;2021;07;11;2;3;2;6;0;0;0;1;0;0;0;1;590330.418857663869858;5923047.884831443428993;10.360177709000027;53.448699047000048
5350;01211012181013942021;01;0;61;044;2021;10;09;3;3;2;6;0;1;0;1;0;0;0;0;541918.603901479393244;5959781.383769599720836;9.636224102000028;53.784932752000032
5351;01211223145013342021;01;0;58;077;2021;12;15;5;3;2;2;0;2;0;1;0;0;0;1;543781.662000001408160;5994472.074999796226621;9.669472086000042;54.096558419000075
5352;01210630171013172021;01;0;60;064;2021;06;06;4;3;5;2;0;0;0;1;0;0;0;0;561440.612224704585969;5967157.843479400500655;9.933957970000051;53.849287065000055
5353;01211214145013242021;01;0;58;038;2021;12;07;3;3;2;6;0;1;0;1;0;0;0;0;561840.221763903275132;6003909.218824578449130;9.947506599000064;54.179512322000051
5354;01211202105132212021;01;0;60;067;2021;12;05;5;2;2;6;2;1;0;1;0;0;0;0;597163.139000001363456;5976267.732999764382839;10.479701764000026;53.925686523000081
5355;01210823134013832021;01;0;02;000;2021;08;14;2;3;1;6;0;0;0;0;0;0;0;1;570246.387303734198213;6020086.531787397339940;10.080072731000030;54.323798940000074
5356;01210618152013522021;01;0;03;000;2021;06;10;6;3;5;2;0;0;1;1;0;0;0;0;612562.103000050410628;5970386.201999720185995;10.711943729000041;53.869729109000048
5357;01210712125013302021;01;0;54;168;2021;07;19;2;3;9;7;0;0;1;0;0;0;0;0;454878.665511351078749;6081841.057276461273432;8.296696092000047;54.881585765000068
5358;01210621152013592022;01;0;55;004;2021;06;10;2;3;2;6;0;1;0;1;0;0;0;1;611039.583690368570387;5974247.544987320899963;10.690198364000025;53.904748061000078
5359;01210811125013932021;01;0;54;019;2021;08;07;4;2;5;3;0;0;0;1;0;0;0;0;497197.766017870046198;6053528.887682523578405;8.956592957000055;54.629178316000036
5361;01210813161013222021;01;0;53;069;2021;08;13;6;3;5;3;0;0;0;1;0;0;0;0;600387.073388155549765;5944110.475964305922389;10.518312275000028;53.636136576000069
5362;01210927125013302021;01;0;54;164;2021;09;15;2;3;0;7;0;0;0;0;0;0;0;1;471687.004802291281521;6061508.625321606174111;8.560661161000041;54.700103187000082
5363;01211207145013702021;01;0;04;000;2021;12;19;3;2;2;6;2;1;0;1;0;0;0;0;564874.335744873620570;5991079.845468189567327;9.991232025000045;54.063848023000048
5364;01211125125013012021;01;0;01;000;2021;11;20;5;3;0;7;2;1;1;0;0;0;0;0;525659.088392636738718;6069022.845383863896132;9.398821426000040;54.767772738000076
5365;01211116134013412021;01;0;02;000;2021;11;16;3;3;5;3;2;1;0;1;0;0;0;0;573190.263723158277571;6019787.023171186447144;10.125253348000058;54.320694034000041
5366;01211029152013972021;01;0;03;000;2021;10;10;6;3;5;3;0;0;1;1;0;0;0;0;612962.420405308715999;5969781.576810125261545;10.717806474000042;53.864210138000033
5367;01210917171013432021;01;0;56;036;2021;09;13;6;3;5;2;0;0;1;1;0;0;0;0;544728.753000001423061;5947711.964999768882990;9.677126877000035;53.676222647000031
5368;01210831171013452021;01;0;56;015;2021;08;15;3;3;5;3;0;0;1;1;0;0;0;0;543504.742360128089786;5955978.103283207863569;9.659760013000039;53.750619983000036
5369;01211120171013672022;01;0;60;002;2021;11;06;7;3;9;7;1;1;0;1;0;0;0;0;557662.484157781116664;5960153.980283686891198;9.875221718000034;53.786775577000071
5370;01210921134013202021;01;0;57;054;2021;09;16;3;3;2;6;0;1;0;1;0;0;1;1;577698.402354507707059;6004526.530917003750801;10.190590549000035;54.182903277000037
5371;01210806145013992021;01;0;58;023;2021;08;18;6;3;5;3;0;1;0;1;0;0;0;0;558011.072000001557171;6004462.922999802976847;9.888951733000056;54.184935393000046
5372;01211002152013722021;01;0;03;000;2021;10;13;7;3;5;3;0;0;1;1;0;0;0;0;610976.704000048339367;5973941.466999731957912;10.689130732000024;53.902011675000040
5373;01210730134013392021;01;0;57;072;2021;07;13;6;2;6;6;0;0;1;0;1;0;0;0;586829.501533122733235;6020830.242070544511080;10.335193387000061;54.327929834000031
5375;01211006125013232021;01;0;01;000;2021;10;15;4;3;2;6;0;0;0;1;0;0;0;0;527159.591633296571672;6072501.732956983149052;9.422468920000028;54.798956850000081
5376;01210802134013562021;01;0;02;000;2021;08;07;2;3;2;6;0;0;0;1;0;0;0;0;572707.028502274304628;6022385.634093552827835;10.118459031000043;54.344113438000079
5377;01211018181013112021;01;0;61;114;2021;10;15;2;2;2;6;0;0;0;1;0;1;0;1;540137.484972286038101;5978910.669722493737936;9.611696220000056;53.956999516000053
5380;01210702181013932021;01;0;51;081;2021;07;12;6;3;2;6;0;0;0;1;0;0;0;0;502412.315900222398341;6004407.089869774878025;9.036967924000066;54.187707879000072
5381;01211022105132552021;01;0;62;009;2021;10;15;6;2;2;6;0;1;0;1;0;0;0;0;578936.986531531438231;5936310.072550399228930;10.192001046000030;53.569712351000078
5382;01211217181013802021;01;0;51;051;2021;12;17;6;3;1;5;2;0;0;1;0;0;0;0;518760.813414881937206;5985481.238481670618057;9.286327051000058;54.017271549000043
5384;01211109125013362022;01;0;59;184;2021;11;17;3;2;6;6;2;1;0;1;1;0;0;0;526228.874129870906472;6061882.471388345584273;9.407033661000071;54.703575704000059
5385;01211025125013972021;01;0;54;098;2021;10;15;2;3;6;4;0;1;1;0;1;0;0;0;464294.660114609636366;6064986.820535231381655;8.445531563000031;54.730889712000078
5386;01210912125013262021;01;0;54;164;2021;09;14;1;3;0;7;0;0;1;0;0;0;0;0;471470.202521651983261;6060963.427142571657896;8.557350445000054;54.695191467000029
5387;01210825171013322021;01;0;56;050;2021;08;07;4;3;5;3;0;0;1;1;0;0;0;0;546580.210235785692930;5937179.995010953396559;9.703576506000047;53.581401704000029
5388;01210716161013602021;01;0;53;027;2021;07;15;6;3;5;2;0;0;0;1;0;0;0;1;603334.921225200407207;5936027.610606692731380;10.560200297000051;53.562936924000041
5389;01210816171013552021;01;0;56;015;2021;08;14;2;3;5;2;0;1;0;1;0;0;0;1;545150.911000002175570;5956572.351999774575233;9.684809499000039;53.755820883000069
5390;01210624145013752021;01;0;04;000;2021;06;19;5;3;5;2;0;0;1;1;0;0;0;0;564517.251573875546455;5992388.852067144587636;9.986055636000060;54.075656216000027
5391;01210721171013742021;01;0;56;037;2021;07;14;4;3;0;1;0;0;1;0;0;0;0;0;540088.526612860150635;5947624.496403757482767;9.606874028000050;53.675813013000038
5392;01211011171013142022;01;0;56;041;2021;10;10;2;3;2;2;0;0;0;1;0;1;0;0;559924.142777964472771;5952186.646813755854964;9.907999860000075;53.714916424000080
5393;01211223105132662022;01;0;60;099;2021;12;19;5;3;9;1;2;2;0;1;0;0;0;0;562281.039805436506867;5977939.186524184420705;9.948924295000040;53.946077175000028
5394;01211212161013412021;01;0;53;046;2021;12;14;1;3;8;1;0;1;0;1;0;0;0;0;616352.524880834855139;5935257.546866493299603;10.756363880000038;53.553294070000049
5395;01211130105132812021;01;0;62;009;2021;11;19;3;3;3;6;2;0;0;1;0;0;1;0;578251.987210647203028;5935610.551404217258096;10.181484295000075;53.563528603000066
5396;01211103134013812021;01;0;02;000;2021;11;06;4;3;2;6;1;0;0;1;0;0;0;0;572381.319494559429586;6021769.273542156443000;10.113299991000076;54.338621326000066
5397;01210903145013412021;01;0;58;105;2021;09;16;6;3;5;3;0;0;1;1;0;0;0;0;568174.292015991173685;6015611.870815198868513;10.047198092000031;54.283870779000040
5398;01210821171013372021;01;0;56;015;2021;08;08;7;3;5;2;0;0;0;1;0;0;0;0;545885.862911549396813;5955664.568156456574798;9.695820865000030;53.747597865000046
5399;01210617134013922021;01;0;57;088;2021;06;13;5;3;2;2;0;0;0;1;0;0;0;0;587700.157751918770373;6029447.227128788828850;10.351116825000076;54.405203470000060
5400;01210710105132942022;01;0;62;092;2021;07;14;7;2;8;7;0;0;0;1;0;0;0;0;586071.795922000892460;5966947.515162415802479;10.308225188000051;53.843899455000042
5401;01210621105132172021;01;0;61;041;2021;06;09;2;3;2;6;0;1;0;1;0;0;0;0;539836.878000000491738;5965987.450999777764082;9.605433774000062;53.840874472000053
5402;01210809181013252021;01;0;61;049;2021;08;08;2;3;5;3;0;0;1;1;0;0;0;0;547262.491197613067925;5977947.471531940624118;9.720123570000055;53.947741121000035
5404;01210924181013092021;01;0;61;046;2021;09;17;6;3;5;3;1;0;1;1;0;0;0;0;532931.387741655111313;5976066.212032767012715;9.501573490000055;53.931943424000053
5405;01210722161013492021;01;0;53;116;2021;07;18;5;3;5;2;0;0;1;1;0;0;0;0;599819.783612649887800;5929843.562946509569883;10.505175205000057;53.508050445000038
5408;01211206125013522022;01;0;54;168;2021;12;17;2;3;6;4;2;1;0;1;1;0;0;0;455667.910634465515614;6083973.216004557907581;8.308668978000071;54.900815780000073
5409;01210907171013802021;01;0;60;063;2021;09;14;3;3;5;2;0;0;1;1;0;0;0;0;567889.768579457886517;5949905.408943101763725;10.028178865000029;53.693439782000041
5410;01211122134013512021;01;0;57;091;2021;11;11;2;3;2;6;0;0;0;1;0;0;0;0;582897.446000011637807;6012948.041999800130725;10.272560639000062;54.257760066000060
5411;01211113181013162021;01;0;61;103;2021;11;20;7;3;0;7;2;1;0;0;0;1;0;0;549258.836745716631413;5981306.826541837304831;9.751080989000059;53.977746148000051
5412;01211028171013152021;01;0;60;063;2021;10;09;5;3;2;6;0;0;0;1;0;0;0;0;565945.535929714329541;5948662.362438414245844;9.998474445000056;53.682517584000038
5413;01210915152013602021;01;0;03;000;2021;09;20;4;3;5;3;2;1;0;1;0;0;0;0;614961.016185848973691;5973447.472500462085009;10.749558208000053;53.896705464000036
5414;01210830105132162021;01;0;53;027;2021;08;11;2;3;3;1;0;1;0;1;0;0;0;0;603017.419022291898727;5935957.001764083281159;10.555385161000061;53.562364903000059
5415;01211119145013312021;01;0;58;139;2021;11;18;6;2;9;1;2;0;0;1;0;0;0;0;565245.796355764381588;6011844.201045634225011;10.001401388000033;54.250396135000074
5416;01210920105132922021;01;0;58;001;2021;09;17;2;2;1;7;0;0;0;1;0;0;1;0;566346.282154968008399;6018307.761027244850993;10.019722187000070;54.308336701000030
5417;01210823145013402021;01;0;58;077;2021;08;17;2;3;0;1;0;0;1;0;0;0;0;0;542510.859882450662553;5993115.627752689644694;9.649850922000041;54.084474283000077
5418;01210618125013302022;01;0;59;143;2021;06;12;6;3;4;6;0;0;0;1;0;0;0;0;511908.355643237940967;6073701.472161835059524;9.185286698000027;54.810332442000060
5419;01210714125013192021;01;0;01;000;2021;07;05;4;3;0;7;1;0;1;0;0;0;0;0;528464.357358865439892;6072757.303354635834694;9.442789067000035;54.801181176000057
5420;01210621125013272021;01;0;59;086;2021;06;17;2;3;8;1;0;1;0;0;0;0;1;0;544190.922854723408818;6046292.516913978382945;9.683407609000028;54.562222881000082
5421;01210812152013902021;01;0;03;000;2021;08;07;5;3;6;4;0;0;1;0;1;0;0;0;609903.641047837212682;5969055.262555429711938;10.671053973000028;53.858341309000082
5423;01210814134013122021;01;0;57;072;2021;08;16;7;3;2;6;0;0;0;1;0;0;0;1;586724.463827923871577;6021321.397168245166540;10.333721495000077;54.332360714000060
5424;01210927171013142021;01;0;56;015;2021;09;08;2;3;5;2;0;1;0;1;0;0;0;0;542335.261000000871718;5958536.430999772623181;9.642376622000029;53.773709792000034
5425;01211206161013632021;01;0;53;100;2021;12;08;2;3;0;1;0;1;1;0;0;0;0;0;616113.383565897122025;5951538.498084323480725;10.758829064000054;53.699619260000077
5426;01211124152013592021;01;0;03;000;2021;11;15;4;3;3;7;0;0;0;1;0;0;0;0;609910.693462250754237;5971462.410613721236587;10.672023647000060;53.879966324000065
5427;01211117125013332021;01;0;59;107;2021;11;23;4;3;8;7;2;1;0;1;0;0;0;1;523492.080720547586679;6052374.940545700490475;9.363799448000066;54.618269116000079
5428;01211030134013132021;01;0;57;062;2021;10;12;7;3;2;2;0;0;0;1;0;0;0;0;583864.307857063598931;6010345.864352652803063;10.286670931000060;54.234221225000056
5429;01210918105132842021;01;0;53;003;2021;09;19;7;2;8;7;0;0;0;1;0;0;0;0;590605.539427923969924;5935576.459972217679024;10.367939567000064;53.561234937000052
5430;01210831145013542021;01;0;04;000;2021;08;16;3;3;5;3;0;0;0;1;0;0;0;0;565275.237000004388392;5992073.925999792292714;9.997570595000070;54.072730654000054
5431;01211120152013092021;01;0;03;000;2021;11;19;7;3;0;3;2;1;1;1;0;0;0;0;610680.389396229758859;5968260.596464274451137;10.682572145000051;53.851036833000080
5432;01210921134013242021;01;0;57;048;2021;09;07;3;3;2;6;0;0;0;1;0;0;0;0;603219.390000033192337;6016730.464999778196216;10.585708511000064;54.288046100000031
5433;01210806105132422021;01;0;56;039;2021;08;18;6;3;8;1;0;1;0;1;0;0;0;0;552745.073471328243613;5947967.300933402031660;9.798513484000068;53.677769966000028
5434;01211001125013332021;01;0;59;171;2021;10;12;6;3;6;4;0;0;0;1;1;0;0;0;525802.955452356487513;6057420.708729710429907;9.400029753000069;54.663501313000040
5435;01210729181013282021;01;0;51;032;2021;07;13;5;3;9;1;0;1;0;0;0;1;1;0;512691.152138313278556;5987079.688110671937466;9.193759525000075;54.031823060000079
5437;01211005171013822021;01;0;60;044;2021;10;12;3;3;6;7;0;1;0;1;0;0;0;1;557932.315966013818979;5963031.179845454171300;9.879857935000075;53.812603467000031
5438;01210802152013672021;01;0;03;000;2021;08;13;2;3;2;6;0;0;0;1;0;0;0;0;609389.913835879415274;5970932.175845097750425;10.663915761000055;53.875312595000082
5439;01211018105132542021;01;0;03;000;2021;10;22;2;3;7;7;2;0;0;1;0;0;0;0;605634.559372707270086;5968684.139315055683255;10.606044745000077;53.855893003000062
5442;01210702171013742021;01;0;56;006;2021;07;18;6;2;8;1;0;0;0;0;0;1;0;0;550257.532700336538255;5968116.874269004911184;9.764139625000041;53.859108778000063
5443;01211021161013242021;01;0;53;090;2021;10;07;5;3;5;2;1;1;1;1;0;0;0;0;612328.094000050798059;5941934.990999711677432;10.698047607000035;53.614164686000038
5444;01211217161013832021;01;0;53;023;2021;12;17;6;3;8;1;2;1;0;1;0;0;0;0;589338.690486050210893;5927618.861606109887362;10.346548652000024;53.489943978000042
5445;01210904134013062021;01;0;02;000;2021;09;22;7;3;0;7;2;0;0;0;0;0;0;1;574106.895020780153573;6022113.302467659115791;10.139920919000076;54.341464908000034
5447;01211109161013672021;01;0;53;032;2021;11;09;3;3;0;7;0;0;0;0;0;0;0;1;591579.747390345670283;5921661.217279288917780;10.378580416000034;53.436022618000038
5448;01211024171013642021;01;0;56;005;2021;10;05;1;3;1;5;2;0;0;1;0;0;0;0;559950.219367302954197;5946041.871595224365592;9.907207041000049;53.659688739000046
5449;01210911145013722021;01;0;04;000;2021;09;18;7;3;2;6;0;1;0;1;0;0;0;0;564260.397594501264393;5990618.023325743153691;9.981755143000044;54.059774780000055
5450;01210826125013662021;01;0;54;056;2021;08;11;5;3;0;7;0;0;1;0;0;0;0;0;503529.938865084201097;6036121.000332310795784;9.054470466000055;54.472727556000052
5451;01210716145013442021;01;0;58;004;2021;07;14;6;3;0;7;0;0;1;0;0;0;0;0;556572.596000001765788;6033647.233999816700816;9.872442540000065;54.447358104000045
5452;01210817152013382021;01;0;03;000;2021;08;15;3;3;0;7;0;1;1;0;0;0;0;0;611298.711226396262646;5971878.516802687197924;10.693279949000043;53.883408790000033
5453;01210626105132212021;01;0;58;128;2021;06;18;7;3;3;6;0;0;0;1;0;0;0;0;561067.807877832092345;5986866.646513786166906;9.932232050000039;54.026450601000079
5454;01210721125013712021;01;0;59;075;2021;07;18;4;3;5;2;0;0;0;1;0;0;0;0;535652.787634789012372;6041758.218621339648962;9.550824802000022;54.522148209000079
5455;01211011171013752021;01;0;56;049;2021;10;13;2;3;2;2;0;1;0;1;0;0;0;0;544417.512000000104308;5948845.314999770373106;9.672577782000076;53.686435489000075
5456;01211222161013822021;01;0;53;014;2021;12;16;4;3;2;6;2;0;0;1;0;0;0;0;607019.163694446906447;5940214.095574876293540;10.617238319000023;53.599814048000042
5457;01211213134013452021;01;0;57;057;2021;12;07;2;2;4;6;2;1;0;1;0;0;1;1;590876.064623545855284;6001200.121174342930317;10.391450388000067;54.150850813000034
5458;01211130134013712021;01;0;02;000;2021;11;06;3;2;6;4;1;1;0;1;1;0;0;0;573599.145723224617541;6018774.364468147978187;10.131288626000071;54.311535814000081
5459;01211103152013142021;01;0;03;000;2021;11;18;4;3;5;2;2;0;0;1;0;1;0;0;614573.710000054910779;5968184.183999713510275;10.741700590000050;53.849506081000072
5460;01210903152013462021;01;0;03;000;2021;09;17;6;3;5;3;0;0;0;1;0;1;0;0;612550.440023349598050;5970451.080180356279016;10.711790241000074;53.870314510000071
5461;01210820171013422021;01;0;60;044;2021;08;12;6;3;5;3;0;1;1;1;0;0;0;0;562939.407000003382564;5965943.800999777391553;9.956488942000021;53.838197120000075
5462;01210617161013142021;01;0;62;001;2021;06;18;5;3;6;2;0;0;0;1;1;0;0;0;581335.345137402415276;5947404.436718616634607;10.231106667000063;53.669044662000033
5463;01210712171013162022;01;0;60;030;2021;07;10;2;3;0;7;0;0;1;0;0;0;0;0;585748.642000013962388;5981242.301999779418111;10.307320441000059;53.972401867000031
5464;01210620134013662021;01;0;57;021;2021;06;14;1;3;2;2;0;0;0;1;0;1;0;0;598651.712571086362004;6017149.806675713509321;10.515703695000070;54.292715605000069
5465;01210811134013022021;01;0;02;000;2021;08;12;4;2;5;3;0;0;0;1;0;0;0;1;572539.859695089049637;6017953.095031777396798;10.114810365000039;54.304307657000038
5467;01210813181013472021;01;0;51;013;2021;08;11;6;3;0;1;0;0;1;0;0;0;0;0;491798.733913944102824;5998518.638290921226144;8.874478791000058;54.134724630000051
5468;01210925145013932021;01;0;58;026;2021;09;17;7;3;8;7;0;0;0;0;0;1;0;0;553972.586948905140162;6022801.139890188351274;9.830379958000037;54.350173889000075
5469;01210723152013942021;01;0;03;000;2021;07;17;6;3;5;2;0;0;1;1;0;0;0;0;610735.253000046126544;5968279.980999728664756;10.683412780000026;53.851199294000082
5472;01211204134013232021;01;0;02;000;2021;12;17;7;2;6;4;2;0;0;1;1;0;0;0;574569.302212540060282;6018267.961174521595240;10.146071125000049;54.306844710000064
5473;01210907152013212021;01;0;03;000;2021;09;10;3;3;5;3;0;0;0;1;0;0;0;0;610387.619171180762351;5968002.915734099224210;10.678030914000033;53.848784064000029