OBJECTID;UIDENTSTLAE;ULAND;UREGBEZ;UKREIS;UGEMEINDE;UJAHR;UMONAT;USTUNDE;UWOCHENTAG;UKATEGORIE;UART;UTYP1;ULICHTVERH;USTRZUSTAND;IstRad;IstPKW;IstFuss;IstKrad;IstGkfz;IstSonstige;LINREFX;LINREFY;XGCSWGS84;YGCSWGS84
5474;01211122171013132021;01;0;56;015;2021;11;09;2;3;4;6;0;1;0;1;0;0;0;0;542742.813658628612757;5956496.683336568996310;9.648277760000042;53.755343870000047
5475;01211114161013982021;01;0;53;129;2021;11;13;1;3;5;3;0;0;0;1;0;0;0;0;584385.496728478930891;5927597.582734188064933;10.271907191000025;53.490570396000066
5476;01211028152013892021;01;0;55;046;2021;10;11;5;3;2;6;0;0;0;1;0;0;0;1;640726.418801607564092;6035239.985101895406842;11.170266433000052;54.445330710000064
5477;01210916125013732021;01;0;54;113;2021;09;13;5;3;1;5;0;0;1;1;0;0;0;0;476434.720065202564001;6018639.741356788203120;8.637754861000076;54.315086257000075
5478;01210831125013332022;01;0;59;183;2021;08;08;3;3;5;3;0;0;0;1;0;0;1;0;526986.476000000722706;6066332.672999834641814;9.419202679000023;54.743527807000078
5479;01211119161013812021;01;0;53;116;2021;11;13;6;3;5;3;0;1;1;1;0;0;0;0;599170.669747126288712;5928901.593150896951556;10.495093023000038;53.499709091000057
5480;01210919145013032021;01;0;04;000;2021;09;08;1;2;0;7;0;0;1;0;0;0;0;1;565603.642436072230339;5993920.310090502724051;10.002988617000028;54.089281316000040
5482;01210805105132572021;01;0;62;089;2021;08;18;5;3;2;6;0;0;0;1;0;0;1;0;589274.022586905397475;5954891.246341552585363;10.353389843000059;53.735024782000039
5483;01210930145013262021;01;0;58;003;2021;09;13;5;3;5;3;0;1;1;1;0;0;0;0;537655.889113483019173;6022407.325579462572932;9.579311533000066;54.348100661000046
5484;01210728125013782021;01;0;59;041;2021;07;11;4;3;0;7;0;0;0;0;0;1;0;0;531917.246464477851987;6038918.963767113164067;9.492807135000021;54.496881394000070
5486;01211004161013162021;01;0;62;081;2021;10;17;2;3;0;7;0;0;1;0;0;0;0;0;586877.221442291513085;5955758.743233906105161;10.317308946000026;53.743224810000072
5487;01210802125013222021;01;0;01;000;2021;08;14;2;2;5;3;0;1;1;1;0;0;0;0;529178.158615344204009;6072511.855877425521612;9.453867800000069;54.798934461000044
5488;01211016105132162021;01;0;59;010;2021;10;11;7;3;2;6;0;0;0;1;0;0;0;0;529230.424652600660920;6050551.501913512125611;9.452479138000058;54.601582806000067
5490;01211230134013672022;01;0;02;000;2021;12;13;5;3;6;7;0;1;0;1;1;0;0;0;575040.602572035044432;6018710.183118510991335;10.153424133000044;54.310749329000032
5491;01210701125013042021;01;0;01;000;2021;07;16;5;3;9;7;0;0;0;0;0;1;0;0;531717.209152130410075;6070077.093448404222727;9.493095007000022;54.776900581000064
5492;01211021125013902021;01;0;59;075;2021;10;17;5;3;0;3;0;1;0;1;0;1;0;0;534356.879335983656347;6042549.245586808770895;9.530896599000073;54.529346485000076
5493;01211216152013662021;01;0;03;000;2021;12;15;5;3;5;2;0;0;1;1;0;0;0;0;610161.188000046648085;5966954.193999731913209;10.674214446000065;53.839410095000062
5494;01211108145013782021;01;0;58;135;2021;11;06;2;2;5;2;2;1;0;1;0;0;0;1;540733.665992965921760;6019087.562268018722534;9.626204656000027;54.318029805000037
5495;01211022181013092021;01;0;61;041;2021;10;23;6;2;8;1;2;1;0;1;0;0;0;0;538468.171029222197831;5966316.880789339542389;9.584674873000040;53.843938434000052
5496;01210910171013482021;01;0;56;015;2021;09;13;6;3;2;6;0;1;0;1;0;0;0;1;545695.664223643019795;5955812.510407932102680;9.692958773000043;53.748944224000070
5497;01210825125013912021;01;0;59;075;2021;08;16;4;3;5;3;0;1;1;1;0;0;0;0;536591.728496928699315;6042142.043206786736846;9.565378033000059;54.525530592000052
5498;01210714171013332021;01;0;56;029;2021;07;18;4;3;2;6;0;1;0;1;0;0;0;0;542731.229993758723140;5951438.229058969765902;9.647403153000027;53.709880722000037
5499;01210828152013182021;01;0;03;000;2021;08;05;7;3;4;6;2;1;0;1;0;0;0;0;613120.477002452127635;5964879.894031293690205;10.718404196000051;53.820138486000076
5500;01210624161013942021;01;0;53;046;2021;06;17;5;3;2;6;0;0;0;0;0;1;0;0;617538.876662323251367;5935548.269462702795863;10.774372007000068;53.555641753000032
5501;01210719161013182021;01;0;53;087;2021;07;06;2;3;8;1;0;0;0;1;0;0;0;0;603508.102054834365845;5922525.420057183131576;10.558357397000066;53.441581140000039
5503;01210630105132262021;01;0;56;039;2021;06;21;4;3;8;1;1;1;0;1;0;0;0;0;554243.689515335485339;5945653.255998304113746;9.820794395000064;53.656819101000053
5504;01211011134013012021;01;0;02;000;2021;10;14;2;3;2;6;0;1;0;1;0;0;0;0;572452.047521788626909;6021932.938417343422771;10.114427413000044;54.340081931000043
5505;01211221134013372022;01;0;57;062;2021;12;11;3;3;3;6;0;1;0;1;0;0;0;0;583302.578974732197821;6011891.905163194984198;10.278484555000034;54.248204568000062
5506;01211211105132122021;01;0;58;128;2021;12;16;7;2;8;7;2;1;0;1;0;0;0;0;561082.580065732821822;5986657.049193184822798;9.932415386000059;54.024565267000071
5507;01211129105132422021;01;0;58;128;2021;11;21;2;3;8;1;2;0;0;0;0;0;1;0;561064.526969850063324;5988826.529410623013973;9.932576094000069;54.044063817000051
5508;01211102125013482021;01;0;01;000;2021;11;10;3;3;3;6;0;0;0;1;0;1;0;0;527914.579680799506605;6070404.961738321930170;9.434010576000048;54.780072817000075
5509;01210902105132322021;01;0;56;043;2021;09;11;5;3;2;6;0;0;0;1;0;0;0;0;554302.069412942044437;5945238.901014637202024;9.821605263000038;53.653089023000064
5510;01211107152013982021;01;0;03;000;2021;11;13;1;3;0;1;0;1;0;0;0;1;0;0;605315.737091530114412;5971271.952122054994106;10.602087915000027;53.879208232000053
5511;01210820145013772022;01;0;58;165;2021;08;06;6;2;3;6;0;0;1;0;0;0;0;0;563873.469433739781380;6024233.092433394864202;9.982991426000069;54.361897514000077
5512;01210616125013672021;01;0;59;116;2021;06;22;4;3;0;7;1;0;0;1;0;0;0;1;537956.462397233583033;6063418.036873448640108;9.589219615000047;54.716627185000050
5513;01210711181013472021;01;0;61;110;2021;07;11;1;3;0;7;0;0;1;0;0;0;0;0;525750.626414692960680;5965730.733796313405037;9.391338924000024;53.839456303000077
5514;01210809161013942021;01;0;62;082;2021;08;11;2;3;5;3;0;0;1;1;0;0;0;0;592793.211930288001895;5942173.769946472719312;10.402920301000051;53.620135109000046
5516;01210925145013082021;01;0;58;022;2021;09;09;7;3;1;6;0;0;0;1;0;0;0;0;566481.662712667137384;6004809.030779425054789;10.018808845000024;54.187017900000058
5517;01210722125013692021;01;0;59;148;2021;07;17;5;3;8;1;0;0;0;1;0;0;0;0;552492.486735961399972;6067370.834990171715617;9.815561767000077;54.750840114000027
5520;01211203161013542021;01;0;62;036;2021;12;16;6;3;5;3;2;1;1;1;0;0;0;0;580631.472000012174249;5952346.525999767705798;10.221740642000043;53.713564988000030
5521;01210906125013412021;01;0;59;026;2021;09;07;2;3;5;3;0;1;1;1;0;0;0;0;537960.128999999724329;6039473.838999820873141;9.586176531000035;54.501451632000055
5523;01211112152013912021;01;0;03;000;2021;11;14;6;3;4;6;0;0;1;0;0;0;0;0;614891.380020908080041;5967985.567640133202076;10.746452908000037;53.847651548000044
5524;01211027152013912021;01;0;03;000;2021;10;07;4;3;5;3;1;1;1;1;0;0;0;0;612543.402814432047307;5970483.098558939993382;10.711695012000064;53.870603692000032
5525;01210914161013232021;01;0;53;136;2021;09;06;3;2;8;7;1;0;0;1;0;0;0;0;620390.742845410481095;5950564.113967761397362;10.823206565000021;53.689897063000046
5526;01210909152013482021;01;0;55;032;2021;09;11;5;3;2;6;0;0;0;1;0;0;0;1;618363.858864608220756;5996905.799677692353725;10.810441597000022;54.106676511000046
5527;01210819134013192021;01;0;02;000;2021;08;17;5;3;2;6;0;0;0;1;0;0;0;0;573281.302574756555259;6019255.502439917996526;10.126522216000069;54.315904888000034
5528;01210627125013682021;01;0;54;168;2021;06;17;1;3;5;3;0;0;0;1;0;1;0;0;456277.150094039738178;6084411.407471187412739;8.318102392000071;54.904807014000028
5529;01210928134013322021;01;0;02;000;2021;09;07;3;3;0;7;0;1;1;0;0;0;0;0;573347.211800526827574;6017746.062058445066214;10.127164478000054;54.302332028000080
5530;01210727125013492021;01;0;59;118;2021;07;16;3;3;0;1;0;0;1;0;0;0;0;0;541565.905362091027200;6070453.337455527856946;9.646253172000058;54.779562738000038
5532;01211015125013452021;01;0;59;184;2021;10;13;6;3;5;2;0;0;0;1;0;0;0;0;529194.321041855029762;6062296.929952390491962;9.453093043000024;54.707137014000068
5534;01211226161013852021;01;0;53;090;2021;12;10;1;3;2;6;0;1;0;1;0;0;0;0;611049.482553345151246;5942516.822208730503917;10.678935650000028;53.619664830000033
5535;01211216125013182021;01;0;59;075;2021;12;13;5;3;5;3;0;0;0;1;0;0;0;0;537179.442201902158558;6042916.702164271846414;9.574556031000043;54.532449412000062
5536;01211202171013002021;01;0;60;067;2021;12;09;5;3;8;1;0;2;0;0;0;0;0;1;600239.922090981155634;5975888.251667181029916;10.526415758000041;53.921690631000047
5537;01210922152013952021;01;0;55;028;2021;09;19;4;2;8;7;1;0;0;1;0;0;0;0;599883.000000028871000;6005173.558999776840210;10.530625803000021;54.184877747000030
5538;01210824145013452021;01;0;58;092;2021;08;19;3;3;0;2;0;0;1;0;0;0;0;0;570784.780981289222836;6020844.260192170739174;10.088528944000075;54.330533362000040
5539;01210619105132102021;01;0;62;004;2021;06;11;7;3;2;6;0;0;0;1;0;0;0;0;594055.147709154523909;5961239.235600728541613;10.427781376000041;53.791224261000082
5540;01210713145013802021;01;0;58;140;2021;07;15;3;3;5;3;0;0;1;1;0;0;0;0;546533.555685299448669;6018508.517647072672844;9.715269745000057;54.312330398000029
5541;01210622152013802021;01;0;03;000;2021;06;15;3;3;5;2;0;0;0;1;1;0;0;0;612376.521977526135743;5969668.120062276721001;10.708859612000026;53.863317991000031
5542;01210812134013272021;01;0;02;000;2021;08;15;5;3;0;7;0;0;1;0;0;0;0;0;574152.566351091489196;6019851.268251337110996;10.140060875000074;54.321132450000050
5544;01210814161013052021;01;0;53;032;2021;08;20;7;3;6;7;0;0;1;0;1;0;0;0;591506.520217712037265;5920613.840489603579044;10.377174125000067;53.426623419000066
5545;01210928105132182021;01;0;56;041;2021;09;13;3;3;9;7;0;0;0;0;0;0;1;0;561987.591331844218075;5952042.258391490206122;9.939232785000058;53.713377789000049
5546;01211009152013762021;01;0;55;042;2021;10;17;7;2;2;6;0;0;0;1;0;0;0;0;618944.357603859156370;5984088.606989093124866;10.814291443000059;53.991401684000039
5547;01211220125013522021;01;0;54;129;2021;12;11;2;3;0;1;0;2;1;0;0;0;0;0;463949.882886317558587;6064527.483005147427320;8.440234692000047;54.726737324000055
5548;01211210125013552021;01;0;59;179;2021;12;07;6;3;8;7;2;1;0;1;0;0;0;0;511653.187398764304817;6060722.211412422358990;9.180796044000033;54.693697120000081
5549;01211126125013712021;01;0;54;052;2021;11;08;6;3;5;3;0;1;0;1;0;0;0;0;503258.638000001199543;6039996.404999820515513;9.050326784000049;54.507558323000069
5550;01211118152013462021;01;0;03;000;2021;11;12;5;2;6;4;0;1;0;1;1;0;0;0;610033.531623216345906;5970088.576503252610564;10.673398512000063;53.867597390000071
5551;01211030145013832021;01;0;04;000;2021;10;17;7;3;5;3;0;0;0;1;0;0;0;1;564706.297774785198271;5991635.763483827933669;9.988783634000072;54.068864895000047
5552;01210918134013642021;01;0;57;033;2021;09;11;7;2;4;6;0;0;0;1;0;0;0;0;575570.616875394247472;6005982.652474619448185;10.158359256000040;54.196305490000043
5553;01210901161013002021;01;0;53;092;2021;09;18;4;3;8;7;0;0;0;1;0;0;0;0;602188.709965363144875;5928090.044894417747855;10.540310741000042;53.491839356000071
5554;01211105181013922021;01;0;51;114;2021;11;06;6;3;2;2;1;1;0;1;0;0;0;0;519066.589922274462879;6006589.101763449609280;9.292325326000025;54.206970056000046
5555;01211104152013772021;01;0;55;007;2021;11;07;5;3;2;6;0;1;0;1;0;0;0;0;598049.155568309128284;5993509.999012853950262;10.498746153000070;54.080438677000075
5556;01210923152013312021;01;0;03;000;2021;09;15;5;3;3;6;0;1;1;0;0;0;0;1;609442.791145742870867;5972860.863039685413241;10.665408431000060;53.892629338000063
5557;01210807152013622021;01;0;03;000;2021;08;11;7;3;5;7;0;0;0;1;0;0;0;1;617567.751662760972977;5973911.346377298235893;10.789386368000066;53.900288266000075
5558;01211003145013692021;01;0;58;022;2021;10;20;1;3;0;7;2;1;0;0;0;1;0;0;566988.639103801921010;6003677.413603825494647;10.026324842000065;54.176783010000065
5559;01210730181013452021;01;0;61;010;2021;07;16;6;3;8;1;0;0;0;0;0;1;0;0;529294.067252764478326;5975365.834863781929016;9.446108790000039;53.925867165000057
5561;01211008145013072021;01;0;58;054;2021;10;18;6;3;8;1;0;0;0;1;0;0;0;0;540353.397174658253789;6020650.915468608960509;9.620570562000069;54.332109705000050
5562;01210803134013072021;01;0;57;063;2021;08;23;3;3;7;7;2;0;0;0;0;1;0;0;584603.687857136130333;6025034.803506307303905;10.302170396000065;54.366081953000048
5563;01211020134013112021;01;0;02;000;2021;10;12;4;3;5;7;0;1;0;1;0;0;0;0;573189.590000006370246;6021936.435999806970358;10.125770432000024;54.340008079000029
5566;01210705134013732021;01;0;02;000;2021;07;22;2;3;5;3;1;0;1;1;0;0;0;0;573741.959000007249415;6020688.877999808639288;10.133956374000036;54.328718410000079
5567;01211008181013852021;01;0;51;069;2021;10;14;6;3;5;3;0;0;0;1;0;0;0;0;503998.146999999880791;6003950.169999800622463;9.061264164000022;54.183591342000057
5568;01211217152013762021;01;0;03;000;2021;12;10;6;3;5;2;0;0;1;1;0;0;0;0;612149.653184304013848;5972254.420524677261710;10.706357297000068;53.886602682000046
5569;01210904145013542021;01;0;58;043;2021;09;11;7;3;5;3;0;0;0;1;0;0;0;0;554292.158300906419754;6035345.597662374377251;9.837590214000045;54.462868837000030
5571;01211111125013782021;01;0;59;026;2021;11;08;5;3;5;2;0;1;0;1;0;0;0;0;537960.128999999724329;6039473.838999820873141;9.586176531000035;54.501451632000055
5572;01211026105132742021;01;0;60;027;2021;10;23;3;2;7;7;2;1;0;1;0;0;0;1;561334.962053445167840;5983714.288538802415133;9.935673857000040;53.998089625000034
5573;01210913134013812021;01;0;02;000;2021;09;15;2;3;2;6;0;0;0;1;0;0;0;0;572559.420640139840543;6022112.076591836288571;10.116122243000063;54.341676352000036
5574;01210826181013332021;01;0;51;110;2021;08;14;5;3;2;2;0;0;0;1;0;0;0;0;513078.794047134928405;5987555.651997946202755;9.199698227000056;54.036091252000062
5575;01210718152013392021;01;0;55;035;2021;07;18;1;3;0;1;0;0;0;0;0;1;0;0;612969.133000053465366;5983787.710999727249146;10.723084726000025;53.990039392000028
5576;01210819125013922021;01;0;54;168;2021;08;16;5;3;2;6;0;0;0;1;0;0;0;0;455669.721036860719323;6084006.514735808596015;8.308692082000050;54.901115160000074
5577;01210626152013662021;01;0;55;042;2021;06;12;7;3;5;2;0;0;1;0;0;1;0;0;616216.112977913580835;5983933.493790816515684;10.772639800000036;53.990629020000029
5578;01210707152013802021;01;0;55;001;2021;07;18;4;3;9;1;0;0;0;0;0;1;0;0;600424.194185552187264;5979666.280880756676197;10.530462762000070;53.955599791000054
5579;01210725145013592021;01;0;58;046;2021;07;10;1;3;8;1;0;0;1;0;0;0;0;0;554823.839733317494392;6005021.588710688054562;9.840218908000054;54.190306426000063
5581;01211014145013122022;01;0;58;117;2021;10;16;5;3;2;6;0;1;0;1;0;0;0;0;555514.271775135770440;6001251.415462311357260;9.850103987000068;54.156350880000048
5582;01211223171013382022;01;0;60;004;2021;12;15;5;3;2;6;0;2;0;1;0;0;0;0;561441.462566288188100;5973289.395583985373378;9.935199681000029;53.904390647000071
5583;01211214181013642021;01;0;51;013;2021;12;12;3;2;9;7;0;0;0;1;0;0;0;0;491917.630523614585400;5998569.243561126291752;8.876297156000021;54.135181338000052
5584;01211201171013182022;01;0;60;085;2021;12;07;4;3;5;3;2;1;0;1;0;0;0;0;577280.161537123844028;5963851.960192436352372;10.173853671000074;53.817464233000067
5585;01210823105132172021;01;0;53;060;2021;08;07;2;3;2;6;0;0;0;1;0;0;0;0;594433.648970576003194;5935467.456032114103436;10.425683200000037;53.559580654000058
5586;01210617161013502021;01;0;62;060;2021;06;17;5;3;5;2;0;0;0;1;0;0;0;0;584023.675408423878253;5931342.331922519952059;10.267458760000068;53.524280339000029
5587;01210712152013402021;01;0;03;000;2021;07;00;2;2;0;7;2;0;1;0;0;0;0;0;610831.674765149131417;5968269.091668030247092;10.684873969000023;53.851080894000063
5588;01210620134013292021;01;0;57;081;2021;06;15;1;2;2;2;0;0;0;1;0;1;0;0;587437.216413508169353;6022232.668177127838135;10.344946712000024;54.340426796000031
5589;01210810161013972021;01;0;62;001;2021;08;16;3;3;2;6;0;1;0;1;0;0;1;0;583086.417000011540949;5948742.507999762892723;10.257962483000028;53.680793533000042
5590;01210706171013382021;01;0;60;061;2021;07;18;3;1;4;1;0;0;0;1;0;1;0;0;589974.799068902619183;5973176.599097386002541;10.369356997000068;53.899209845000030
5592;01210813152013372021;01;0;55;022;2021;08;13;6;3;0;7;0;0;1;0;0;0;0;0;632784.210996176116168;6015006.980370791628957;11.038850683000021;54.265741835000028
5593;01210926134013462021;01;0;57;006;2021;09;16;1;2;8;1;0;0;0;1;0;0;0;0;592851.049470840953290;6024650.192378140985966;10.428947198000060;54.361190665000038
5594;01211207161013342021;01;0;53;030;2021;12;08;3;3;5;3;0;0;0;1;0;0;0;0;614232.490797212347388;5948906.874817494302988;10.729383272000064;53.676390806000029
5595;01211124171013582021;01;0;56;036;2021;11;08;4;3;6;4;0;1;0;0;1;1;0;0;544267.928803238086402;5946244.673335846513510;9.669941978000054;53.663074158000029
5596;01211115171013012021;01;0;60;044;2021;11;16;2;3;5;3;1;0;1;1;0;0;0;0;563498.937741240486503;5965533.390246441587806;9.964906003000067;53.834440724000046
5597;01211029171013792021;01;0;56;036;2021;10;13;6;3;2;7;0;0;1;1;0;0;0;0;544535.090699169784784;5947208.185293968766928;9.674123051000038;53.671711321000032
5598;01210917134013432021;01;0;02;000;2021;09;07;6;3;5;2;0;1;1;0;0;0;1;0;573088.069347654469311;6021581.243384290486574;10.124122137000029;54.336830988000031
5599;01210831181013792021;01;0;61;036;2021;08;14;3;3;9;7;0;0;0;1;0;0;0;0;546927.851965866051614;5986773.611073864623904;9.716385282000033;54.027094160000047
5600;01211120134013862021;01;0;02;000;2021;11;05;7;3;5;3;1;1;0;1;0;0;1;0;575820.772606424987316;6015132.025416752323508;10.164505520000034;54.278482147000034
5601;01210921134013432021;01;0;02;000;2021;09;18;3;3;5;3;0;1;1;1;0;0;0;0;573707.308295465074480;6022001.797939023002982;10.133748192000041;54.340520860000026
5602;01210805161013722021;01;0;53;002;2021;08;07;5;3;2;6;0;0;0;1;0;0;0;1;609681.571347434073687;5942685.695561841130257;10.658323531000065;53.621470355000042
5603;01210930145013242021;01;0;58;037;2021;09;14;5;3;0;3;0;1;0;1;0;1;0;0;573393.687526460736990;6031880.304161109030247;10.131364142000052;54.429330281000034
5604;01210727152013802021;01;0;03;000;2021;07;00;3;3;0;7;2;0;1;0;0;0;0;0;609172.518728079274297;5971289.238664636388421;10.660737663000077;53.878566346000071
5606;01211005125013992021;01;0;59;083;2021;10;12;3;3;0;7;0;0;1;0;0;0;0;0;549725.023631736636162;6055482.634169295430183;9.770541750000064;54.644293549000054
5607;01210731152013262021;01;0;03;000;2021;07;13;7;3;5;2;0;0;0;1;0;1;0;0;609653.406000045128167;5971101.709999738261104;10.667982464000033;53.876780127000075
5608;01211016125013952021;01;0;59;161;2021;10;07;7;3;9;1;1;0;0;1;0;0;0;0;542436.189351240172982;6061998.664463924244046;9.658549403000052;54.703514442000028
5610;01211231161013012022;01;0;62;081;2021;12;09;6;3;8;1;0;1;0;1;0;0;0;0;587377.449221289716661;5955824.088473666459322;10.324910088000024;53.743728405000070
5611;01210702171013652021;01;0;60;047;2021;07;15;6;3;5;2;0;0;1;1;0;0;0;0;566153.065241335891187;5962477.037676045671105;10.004573200000038;53.806642783000029
5612;01211021152013442021;01;0;55;004;2021;10;07;5;3;6;2;1;1;0;1;1;0;0;0;611002.329543749801815;5976011.255507856607437;10.690271473000053;53.920601455000053
5613;01211217134013262021;01;0;02;000;2021;12;14;6;3;5;3;0;1;1;0;0;1;0;0;572206.296678506769240;6018255.645255189388990;10.109758288000023;54.307073563000074
5615;01211108181013672021;01;0;51;048;2021;11;11;2;3;2;6;0;1;0;1;0;0;0;1;504792.179753351025283;6000093.191321346908808;9.073369872000058;54.148919327000044
5616;01211025125013812021;01;0;54;070;2021;10;10;2;2;4;6;0;0;0;1;0;0;0;0;501975.473229354247451;6027301.376185663044453;9.030424735000054;54.393471677000036
5617;01210911125013142021;01;0;59;137;2021;09;09;7;2;8;7;0;1;1;0;0;0;0;0;541010.772202459163964;6073876.443798914551735;9.638107044000037;54.810369013000070
5618;01210826152013542021;01;0;03;000;2021;08;19;5;3;0;7;0;0;1;0;0;0;0;0;611030.949793660081923;5968300.130350586026907;10.687913142000070;53.851317190000032
5619;01210716161013522021;01;0;62;065;2021;07;17;6;2;5;3;0;0;1;0;0;0;0;0;589845.782000016421080;5957920.522999765351415;10.362935851000032;53.762146932000064
5620;01210817125013982021;01;0;59;126;2021;08;10;3;3;5;3;0;0;0;1;0;0;0;0;534009.287000000476837;6067733.161999838426709;9.528452893000065;54.755687060000071
5621;01210625125013692021;01;0;01;000;2021;06;14;6;3;2;6;0;0;0;1;0;0;0;0;529258.046845421195030;6068468.200860174372792;9.454702628000064;54.762591646000033
5622;01210720161013832021;01;0;53;020;2021;07;17;3;3;5;2;0;0;1;1;0;0;0;0;605961.486892399378121;5927835.621006133034825;10.597068830000069;53.488807100000031
5623;01211012145013842021;01;0;04;000;2021;10;08;3;3;0;6;0;1;0;1;0;0;0;1;565363.950658067129552;5991871.708987183868885;9.998882512000023;54.070902194000041
5624;01211223125013912021;01;0;59;176;2021;12;21;5;3;4;1;2;2;0;1;0;0;0;0;533312.553446131758392;6073139.665317941457033;9.518247965000057;54.804318642000055
5625;01211212152013242021;01;0;03;000;2021;12;18;1;3;5;2;2;1;0;1;0;0;0;1;612149.971182991750538;5972254.077481392771006;10.706362008000042;53.886599531000059
5626;01211201125013172021;01;0;01;000;2021;12;08;4;3;5;2;1;1;1;1;0;0;0;0;527769.976410574279726;6072119.495932891964912;9.431926567000062;54.795488468000030
5627;01211103161013672021;01;0;62;045;2021;11;06;4;3;0;7;0;0;1;0;0;0;0;0;590199.126787707209587;5945719.790391007438302;10.364741486000071;53.652452538000034
5628;01210903145013442021;01;0;58;012;2021;09;16;6;3;2;6;0;0;0;1;0;1;0;0;554237.006534648127854;6038885.104748087003827;9.837388983000039;54.494681587000059
5629;01210821152013932021;01;0;03;000;2021;08;15;7;3;5;2;0;0;1;1;0;0;0;0;610673.429522486403584;5968259.623556226491928;10.682466040000065;53.851029575000041
5630;01210616161013322021;01;0;62;036;2021;06;17;4;3;1;5;0;0;0;1;0;0;0;0;577430.940973969176412;5954978.199153209105134;10.173915721000071;53.737698984000076
5631;01210710181013422021;01;0;51;011;2021;07;19;7;3;5;2;0;0;0;1;0;0;0;1;505183.256686606444418;5973178.886235686019063;9.078898162000030;53.907013344000063
5632;01210809145013392021;01;0;58;096;2021;08;14;2;3;4;6;0;0;0;1;0;0;0;0;560503.275000003166497;6027396.388999810442328;9.931776560000060;54.390734587000054
5634;01210924171013752021;01;0;56;015;2021;09;14;6;3;2;6;0;0;0;1;0;0;0;0;543810.117631742730737;5956005.700586682185531;9.664394675000040;53.750842441000032
5635;01210722145013502021;01;0;04;000;2021;07;13;5;3;2;6;0;0;0;1;0;0;0;0;564470.719833612442017;5992289.817776681855321;9.985323503000075;54.074772073000076
5638;01211205152013752021;01;0;03;000;2021;12;22;1;3;5;3;2;0;0;1;0;0;0;1;612510.764533718116581;5970922.103844080120325;10.711359906000041;53.874554835000026
5639;01210907152013642021;01;0;55;040;2021;09;16;3;3;2;6;0;0;0;1;0;0;0;0;607294.677757828496397;5977125.278636947274208;10.634230516000059;53.931391426000062
5640;01211123125013982021;01;0;54;091;2021;11;12;3;2;8;7;0;0;0;1;0;0;0;0;493581.764771355316043;6037971.455239839851856;8.900920117000055;54.489329631000032
5641;01211113161013802021;01;0;53;032;2021;11;14;7;3;2;2;0;0;0;1;0;0;0;0;590330.745591227896512;5923047.128664853051305;10.360182411000039;53.448692196000081
5642;01211028152013662021;01;0;03;000;2021;10;21;5;3;2;6;2;0;0;1;0;0;0;0;610104.920423941686749;5969954.658065773546696;10.674435626000047;53.866379091000056
5643;01210915171013242021;01;0;60;005;2021;09;10;4;3;2;6;0;0;0;1;0;0;0;0;585243.372131611220539;5977308.530570643022656;10.298520428000074;53.937137829000051
5644;01210830145013562021;01;0;58;034;2021;08;13;2;3;2;6;0;0;0;1;0;0;0;0;545188.335948965512216;6019872.335828116163611;9.694800492000070;54.324707542000056
5645;01211119161013742021;01;0;62;001;2021;11;13;6;3;2;6;0;0;0;1;0;0;0;0;581947.740839346311986;5949100.074893053621054;10.240821393000033;53.684186535000038
5646;01210920134013282021;01;0;02;000;2021;09;21;2;3;5;3;1;1;0;1;0;1;0;0;574107.476306455209851;6022102.476871738210320;10.139927167000053;54.341367549000040
5647;01210816134013072021;01;0;02;000;2021;08;09;2;3;5;2;0;1;0;1;0;1;0;0;573405.568995360285044;6019773.537036452442408;10.128559501000041;54.320541939000066
5648;01210928125013802021;01;0;01;000;2021;09;08;3;3;0;7;0;0;1;0;0;0;0;0;525845.954074021428823;6067742.392149059101939;9.401611876000061;54.756256292000046
5649;01210726161013272021;01;0;53;100;2021;07;11;2;3;2;6;0;0;0;1;0;0;0;0;614310.860287599265575;5951628.285489926114678;10.731572263000032;53.700823591000074
5651;01211015125013542021;01;0;01;000;2021;10;14;6;3;3;6;0;0;1;0;0;0;0;0;524767.081197354011238;6070114.432303089648485;9.385050376000038;54.777627131000031
5653;01211227105132312022;01;0;60;012;2021;12;17;2;3;3;1;2;2;0;1;0;0;1;0;580778.485207111574709;5989643.311988430097699;10.233796988000051;54.048692199000072
5654;01210630171013182021;01;0;56;048;2021;06;18;4;3;2;2;0;1;0;1;0;0;0;0;547218.112414930947125;5949740.883333466947079;9.715117827000029;53.694238967000047
5655;01211216134013392021;01;0;02;000;2021;12;07;5;3;5;2;1;0;1;1;0;0;0;0;574881.466954111121595;6018503.183562004938722;10.150926755000057;54.308912665000037
5656;01211023125013352021;01;0;54;164;2021;10;14;7;3;0;7;0;0;1;0;0;0;0;0;471573.322159095667303;6061082.280883828178048;8.558938744000045;54.696265392000043
5657;01210910125013122021;01;0;59;075;2021;09;17;6;3;0;3;0;0;1;1;0;0;0;0;537117.616471054963768;6042695.222926260903478;9.573572750000039;54.530463586000053
5658;01210825105132232021;01;0;59;010;2021;08;08;4;3;3;6;0;0;0;0;0;0;0;1;530334.516716899350286;6047086.869820086285472;9.469211622000046;54.570381988000065
5659;01210714181013692021;01;0;51;001;2021;07;16;4;3;2;3;0;0;1;0;0;0;0;0;518441.805999999865890;5999493.427999794483185;9.282311769000046;54.143220229000065
5660;01210829152013982021;01;0;03;000;2021;08;20;1;3;0;1;1;1;0;0;0;1;0;0;609611.790000045672059;5971179.944999737665057;10.667377691000070;53.877491806000080
5661;01210622171013642021;01;0;56;005;2021;06;19;3;3;0;2;0;0;1;1;0;0;0;0;559924.956445183604956;5946166.304197994992137;9.906848804000049;53.660809948000065