OBJECTID;UIDENTSTLAE;ULAND;UREGBEZ;UKREIS;UGEMEINDE;UJAHR;UMONAT;USTUNDE;UWOCHENTAG;UKATEGORIE;UART;UTYP1;ULICHTVERH;USTRZUSTAND;IstRad;IstPKW;IstFuss;IstKrad;IstGkfz;IstSonstige;LINREFX;LINREFY;XGCSWGS84;YGCSWGS84
6043;01211011161013362021;01;0;53;011;2021;10;14;2;3;8;1;0;1;0;0;0;1;0;0;605019.243526415899396;5957615.785577671602368;10.592918598000040;53.756571702000031
6044;01211223105132392021;01;0;62;004;2021;12;15;5;3;8;1;1;2;0;1;0;0;0;0;592592.850336107425392;5959447.789895487949252;10.405052768000076;53.775389351000058
6045;01211213125013242022;01;0;54;017;2021;12;06;2;2;8;1;2;1;0;1;0;0;0;0;492803.365852963179350;6075449.141833122819662;8.887981134000029;54.826127949000067
6046;01211130145013082021;01;0;04;000;2021;11;08;3;3;0;7;0;1;1;0;0;0;0;0;565048.396333143115044;5992629.981698548421264;9.994223877000024;54.077756314000055
6047;01211103152013592021;01;0;03;000;2021;11;08;4;3;1;5;0;0;0;1;0;0;0;0;612588.609820089302957;5970242.249051375314593;10.712293834000036;53.868430072000081
6048;01210822105132712021;01;0;51;138;2021;08;12;1;3;9;7;0;1;0;1;0;0;0;0;516718.884810783900321;5997568.421756735071540;9.255830536000076;54.125977945000045
6049;01210618105132442021;01;0;62;004;2021;06;16;6;3;2;6;0;0;0;1;0;0;0;0;594319.547764504328370;5961475.580937799066305;10.431865995000067;53.793300078000073
6050;01210713125013132021;01;0;54;134;2021;07;11;3;3;2;6;0;0;0;1;0;0;0;1;482710.156283136457205;6019915.086571315303445;8.734145526000077;54.326799281000035
6051;01210620145013102021;01;0;58;086;2021;06;18;1;2;2;2;0;0;0;1;0;0;0;0;542127.082805790938437;6005667.481296796351671;9.645737214000064;54.197311035000041
6052;01210810125013472022;01;0;54;168;2021;08;15;3;3;0;7;0;0;1;0;0;0;0;0;454448.059161406010389;6074646.667637430131435;8.291119188000039;54.816898255000069
6054;01210813145013152021;01;0;58;052;2021;08;02;6;3;9;7;2;0;0;1;0;0;0;0;543792.249510142020881;6037306.397764202207327;9.675907671000061;54.481503716000077
6055;01210926145013382021;01;0;58;054;2021;09;20;1;3;7;7;2;0;0;1;0;0;0;0;537735.575061196461320;6015610.335115622729063;9.579678076000050;54.287010358000032
6056;01210724145013132021;01;0;58;069;2021;07;18;7;3;8;1;0;0;0;0;0;1;0;0;554131.634363219141960;6031878.632977938279510;9.834480279000047;54.431730818000062
6059;01211204171013512021;01;0;56;015;2021;12;02;7;3;9;1;2;1;0;1;0;0;0;0;543685.864215116947889;5958775.104768801480532;9.662902394000071;53.775743367000075
6060;01210908125013962021;01;0;54;007;2021;09;17;4;3;3;6;0;0;1;0;0;0;0;0;505099.406328766606748;6044412.759453888982534;9.078832226000031;54.547233447000053
6061;01211123145013562021;01;0;58;086;2021;11;11;3;3;2;2;0;1;0;1;0;0;0;1;545193.586642877198756;6008991.259040933102369;9.693237906000036;54.226920548000066
6062;01211117105132002021;01;0;53;089;2021;11;08;4;3;8;7;0;1;0;0;0;0;1;0;595774.232697194442153;5935692.130710987374187;10.445984080000073;53.561356619000037
6063;01211028171013332021;01;0;56;018;2021;10;07;5;3;5;3;2;0;1;1;0;0;0;0;555382.003564329817891;5942950.294326465576887;9.837535442000046;53.632406959000036
6064;01210915134013742021;01;0;02;000;2021;09;17;4;3;0;7;0;1;0;0;0;1;0;0;573205.758454831317067;6018137.124879464507103;10.125086985000053;54.305866302000027
6065;01210831134013292021;01;0;02;000;2021;08;08;3;3;5;7;0;0;0;1;0;0;0;0;573802.189725412055850;6023550.063295438885689;10.135590824000076;54.354419282000038
6066;01211121161013612021;01;0;53;032;2021;11;14;1;3;9;7;0;0;0;1;0;0;0;0;593187.199000021442771;5922622.152999743819237;10.403054518000033;53.444375994000040
6067;01210920181013212021;01;0;51;097;2021;09;16;2;3;5;3;0;0;0;1;0;0;0;0;507952.317999999970198;5982956.298999788239598;9.121302749000051;53.994857355000079
6068;01210804152013572021;01;0;55;012;2021;08;07;4;2;5;2;0;0;0;1;0;0;0;1;607155.642837303690612;5998015.592190241441131;10.639480668000033;54.119103253000048
6069;01210929134013172021;01;0;02;000;2021;09;17;4;3;5;2;0;1;1;1;0;0;0;0;572968.575935974717140;6019964.086927762255073;10.121889059000068;54.322316813000043
6070;01210727171013172021;01;0;60;039;2021;07;10;3;3;5;3;0;0;0;1;0;0;0;0;566274.167000003159046;5961029.032999772578478;10.006100328000059;53.793614394000031
6072;01211004134013562021;01;0;02;000;2021;10;15;2;3;1;5;0;0;1;1;0;0;0;0;572600.033407152630389;6020143.960770966485143;10.116267690000029;54.323985656000048
6073;01210731171013452021;01;0;56;041;2021;07;06;7;3;5;3;0;0;1;1;0;0;0;0;560505.323467077687383;5956028.319683697074652;9.917556521000051;53.749375132000068
6074;01211017125013972021;01;0;54;096;2021;10;10;1;3;8;1;0;1;0;1;0;0;0;0;511562.047682196833193;6030592.752220721915364;9.178197600000033;54.422924681000040
6076;01211231125013282022;01;0;54;144;2021;12;14;6;3;4;7;0;1;0;1;0;0;0;0;512368.615900267846882;6046744.161356322467327;9.191305203000070;54.568060421000041
6077;01210703152013932021;01;0;03;000;2021;07;18;7;3;0;7;0;0;0;0;0;1;0;0;616541.066117110662162;5971444.264726081863046;10.772830026000065;53.878356364000069
6078;01211021125013412021;01;0;59;073;2021;10;07;5;2;5;3;2;1;0;1;0;1;0;0;540417.076000002212822;6045563.334999825805426;9.624949321000031;54.555985573000044
6079;01211216171013052021;01;0;56;015;2021;12;17;5;3;2;6;2;0;0;1;0;0;0;0;542761.193345663137734;5956222.136321378871799;9.648518494000029;53.752874813000062
6081;01211109152013282021;01;0;03;000;2021;11;15;3;3;3;6;0;0;0;1;0;0;0;0;610990.891608049161732;5968255.871000647544861;10.687288465000051;53.850928116000034
6082;01211024161013802021;01;0;53;074;2021;10;15;1;2;3;6;0;0;1;0;0;0;0;0;598915.397065111435950;5920655.843307564035058;10.488651245000028;53.425663431000032
6083;01210910171013852021;01;0;60;039;2021;09;16;6;3;5;7;0;1;0;1;0;0;0;0;565411.270057144574821;5957920.597344819456339;9.992343660000074;53.765788369000063
6084;01210824145013472022;01;0;58;043;2021;08;21;3;2;5;3;2;0;0;1;0;0;0;0;553527.280187886208296;6036386.276635495945811;9.825979797000059;54.472301866000066
6085;01210716134013512021;01;0;57;062;2021;07;07;6;3;4;6;0;0;1;0;0;0;0;0;583654.148498820140958;6010552.913551788777113;10.283505235000064;54.236115997000070
6086;01210828105132142021;01;0;62;048;2021;08;17;7;2;9;6;0;1;0;1;0;0;0;0;602973.039078516885638;5973904.333734091371298;10.567349952000029;53.903329686000063
6087;01210624105132542021;01;0;58;026;2021;06;17;5;2;9;7;0;0;0;1;0;0;0;0;555038.301490809768438;6019202.746125584468246;9.846110073000034;54.317723252000064
6088;01210721145013832021;01;0;04;000;2021;07;05;4;3;5;3;1;0;1;1;0;0;0;0;565138.088246702216566;5993368.103252341970801;9.995753307000030;54.084378061000052
6089;01211010161013642021;01;0;62;090;2021;10;12;1;3;5;3;0;0;1;1;0;0;0;0;575825.911152219399810;5948386.046733893454075;10.147973758000035;53.678694130000054
6090;01211221171013272022;01;0;60;005;2021;12;07;3;3;2;6;1;0;0;1;0;0;0;0;586136.938340514898300;5976763.669535377994180;10.311974680000048;53.932093997000038
6091;01211211152013082021;01;0;55;004;2021;12;15;7;3;5;2;0;0;1;1;0;0;0;0;611344.111000047996640;5975924.005999729037285;10.695441623000022;53.919744252000044
6092;01211127152013532021;01;0;03;000;2021;11;12;7;3;2;6;0;1;0;1;0;0;0;0;609494.306000044569373;5971008.414999736472964;10.665530141000033;53.875975534000077
6093;01211102134013112021;01;0;02;000;2021;11;17;3;3;5;2;2;0;1;1;0;0;0;0;573187.328000007197261;6019784.371999803930521;10.125207572000022;54.320670633000077
6094;01210903152013502021;01;0;03;000;2021;09;23;6;3;0;7;2;0;1;0;0;0;0;0;612877.350000051781535;5970911.579999722540379;10.716929274000051;53.874380678000080
6095;01210821145013772021;01;0;58;070;2021;08;08;7;3;5;2;0;0;0;1;0;0;0;0;531978.882000002078712;6008482.417999802157283;9.490489313000069;54.223342910000042
6096;01210616125013052021;01;0;01;000;2021;06;12;4;3;5;3;0;0;1;1;0;0;0;0;527607.329262652434409;6070713.182599376887083;9.429262985000037;54.782859635000079
6097;01210710171013172021;01;0;60;088;2021;07;16;7;2;8;6;0;0;0;0;0;1;0;1;576618.175411002710462;5971832.079097168520093;10.165792095000029;53.889273774000060
6098;01210809161013062021;01;0;53;041;2021;08;07;2;3;5;3;0;0;1;1;0;0;0;0;614499.606876525096595;5964261.224524442106485;10.739113679000070;53.814278463000051
6100;01210924145013862021;01;0;04;000;2021;09;13;6;3;0;2;0;1;1;1;0;0;0;0;564416.774784307926893;5993084.602333525195718;9.984668222000039;54.081921130000069
6101;01210722125013652021;01;0;59;045;2021;07;14;5;3;8;7;0;0;1;0;0;0;0;0;563452.685185939073563;6056756.451441667973995;9.983511669000052;54.654199752000068
6104;01211203152013332021;01;0;03;000;2021;12;22;6;3;5;3;2;1;1;1;0;0;0;0;610705.652702611871064;5968284.538184605538845;10.682964649000041;53.851246547000073
6105;01210907145013662021;01;0;04;000;2021;09;14;3;3;5;3;0;0;1;1;0;0;0;0;565914.689790585078299;5990890.063389306887984;10.007083913000031;54.062010538000038
6107;01211115125013812021;01;0;54;042;2021;11;18;2;3;5;3;2;0;0;1;0;0;0;1;501545.570392023772001;6042364.701537953689694;9.023882387000072;54.528850649000049
6108;01211028145013642021;01;0;04;000;2021;10;09;5;3;5;3;0;0;1;1;0;0;0;0;564123.601656885817647;5992577.891019361093640;9.980080244000021;54.077404167000054
6109;01210914152013742021;01;0;55;040;2021;09;07;3;3;5;2;0;0;0;1;0;0;0;0;607769.152385626919568;5974207.212024189531803;10.640425853000067;53.905075964000048
6110;01210830134013052021;01;0;02;000;2021;08;17;2;2;0;1;0;0;0;0;0;1;0;0;571546.183009671047330;6019226.218956205993891;10.099847451000073;54.315887831000055
6111;01211119105132562021;01;0;62;078;2021;11;17;6;3;2;6;2;0;0;1;0;0;0;0;588974.618909761309624;5954291.260381758213043;10.348679680000032;53.729684575000078
6112;01210815181013072021;01;0;51;067;2021;08;01;1;2;1;5;2;0;0;1;0;0;0;0;503988.366000002250075;6000875.190999798476696;9.061073568000040;54.155954562000034
6113;01210928171013032021;01;0;60;088;2021;09;17;3;2;4;1;0;0;0;1;0;1;0;0;576175.292831417173147;5970890.870255986228585;10.158820925000043;53.880881076000037
6114;01210726171013112021;01;0;60;044;2021;07;17;2;3;2;6;0;1;0;1;0;0;0;0;563472.512368111871183;5965547.435275228694081;9.964507416000060;53.834570174000078
6116;01210705171013662021;01;0;56;018;2021;07;17;2;3;0;1;0;1;0;0;0;1;0;0;554155.118142575956881;5941262.813235789537430;9.818689925000058;53.617368977000069
6117;01211015145013012021;01;0;58;043;2021;10;11;6;3;5;3;0;1;0;1;0;0;0;0;554132.724051743745804;6035611.739285433664918;9.835179539000023;54.465277476000040
6119;01211227105132682022;01;0;60;024;2021;12;17;2;3;8;1;2;2;0;1;0;0;0;0;593518.079421560280025;5975625.047604797407985;10.424013685000034;53.920582802000069
6120;01211216145013072022;01;0;04;000;2021;12;07;5;3;5;2;2;1;0;1;0;0;0;0;563357.460738157853484;5992217.606186378747225;9.968296866000060;54.074261272000058
6121;01210909152013862021;01;0;03;000;2021;09;07;5;3;5;3;0;0;1;1;0;0;0;0;610215.697294841520488;5971489.799869948998094;10.676671199000054;53.880147692000037
6122;01210823181013522021;01;0;51;127;2021;08;12;2;3;5;3;0;0;0;1;0;1;0;0;495223.409953981637955;6007129.216960087418556;8.926757150000071;54.212156727000036
6123;01210619105132152021;01;0;60;096;2021;06;01;7;3;2;6;2;0;0;1;0;0;1;0;589838.800079300068319;5975337.255895676091313;10.367922173000068;53.918647993000036
6124;01210714171013832021;01;0;60;027;2021;07;08;4;3;9;1;0;1;0;1;0;0;0;0;563322.565962076187134;5979308.758714597672224;9.965074861000062;53.958258742000055
6125;01210623134013552021;01;0;02;000;2021;06;14;4;3;2;6;0;0;0;1;0;0;0;0;575658.358469762839377;6019062.109318455681205;10.163006470000028;54.313820451000026
6126;01210719125013482021;01;0;01;000;2021;07;00;2;3;5;3;2;0;0;1;0;0;0;0;530484.889000000432134;6073197.593999840319157;9.474265451000065;54.805019070000071
6127;01210812181013892021;01;0;61;046;2021;08;06;5;3;5;3;0;0;1;1;0;0;0;0;533508.042984071187675;5975738.862074900418520;9.510320172000036;53.928964317000066
6129;01210815171013872021;01;0;56;050;2021;08;19;1;3;0;7;1;0;0;0;0;0;0;1;547264.111216659657657;5937299.333803288638592;9.713923771000054;53.582413115000065
6130;01210628171013722021;01;0;56;049;2021;06;13;2;3;5;3;0;0;1;1;0;0;0;0;544412.881225596182048;5948170.263911182060838;9.672411011000065;53.680368676000057
6131;01211009105132232021;01;0;62;011;2021;10;15;7;3;3;6;0;0;0;1;0;0;0;0;581562.271179047413170;5941347.199885891750455;10.232951883000055;53.614576725000063
6132;01211220105132762021;01;0;59;019;2021;12;19;2;3;2;6;2;0;0;1;0;0;1;0;533173.456671822816133;6039204.390061507001519;9.512234443000068;54.499365860000069
6133;01211209152013842021;01;0;03;000;2021;12;22;5;3;5;3;2;1;1;1;0;0;0;0;610684.372000047937036;5968262.140999726951122;10.682633217000046;53.851049861000035
6134;01211126105132662021;01;0;61;013;2021;11;22;6;2;2;6;2;1;0;1;0;0;0;0;528694.793593633919954;5987204.527465833351016;9.438097901000049;54.032303172000070
6135;01211118134013882021;01;0;02;000;2021;11;10;5;3;3;6;0;1;0;1;0;0;0;0;577418.673850226216018;6020753.555978210642934;10.190498124000044;54.328755087000047
6136;01211031105132122021;01;0;56;043;2021;10;02;1;3;8;1;2;1;0;1;0;0;0;0;554613.409341524355114;5944644.109963567927480;9.826210869000022;53.647710920000065
6137;01210901171013912021;01;0;56;039;2021;09;13;4;3;5;2;0;0;0;1;0;0;0;1;552405.723746021278203;5946459.346192035824060;9.793121995000035;53.664251285000034
6138;01211106152013722021;01;0;03;000;2021;11;16;7;3;5;3;2;1;1;1;0;0;0;0;612546.061000050976872;5969700.084999728947878;10.711448173000065;53.863568441000041
6139;01211104181013972021;01;0;61;073;2021;11;17;5;3;5;3;2;1;0;1;0;0;0;0;535046.848000001162291;5968252.121999779716134;9.532897942000034;53.861573997000050
6140;01210807171013132021;01;0;60;039;2021;08;16;7;3;5;3;0;1;1;0;0;0;0;1;564564.012405612505972;5960600.228456323966384;9.980053072000032;53.789975738000066
6141;01211003152013382021;01;0;55;001;2021;10;15;1;2;5;3;0;0;0;1;0;0;0;0;602823.592906831763685;5986320.712356172502041;10.569260945000053;54.014915723000058
6142;01210731125013062021;01;0;59;109;2021;07;07;7;2;5;3;0;0;0;1;0;0;0;0;550403.621000001206994;6064265.116999832913280;9.782572949000041;54.723146081000039
6144;01211007145013902021;01;0;58;077;2021;10;14;5;3;2;6;0;0;0;1;0;0;0;0;545714.302869362756610;5992676.018301507458091;9.698750754000059;54.080249027000036
6145;01210804105132182021;01;0;54;161;2021;08;12;4;3;2;6;0;0;0;1;0;0;1;0;502186.781813488341868;6028529.563604738563299;9.033688192000056;54.404508922000048
6146;01211020125013642021;01;0;59;161;2021;10;14;4;3;4;6;0;1;0;1;0;0;0;0;542118.100500307977200;6064952.332889601588249;9.654040581000061;54.730083583000066
6149;01210906125013272021;01;0;54;124;2021;09;11;2;3;4;6;0;0;0;1;0;0;0;0;504286.258945009671152;6069157.020390516147017;9.066624546000071;54.769615785000042
6151;01211111171013762021;01;0;56;015;2021;11;09;5;3;0;7;0;1;1;0;0;0;0;0;543758.579429747536778;5956914.146604532375932;9.663741851000054;53.759011596000050
6152;01211026181013802021;01;0;61;105;2021;10;04;3;3;8;1;2;1;0;0;0;0;0;1;524983.605182612314820;5984017.418034575879574;9.381176849000042;54.003851490000045
6153;01210914125013252021;01;0;54;002;2021;09;15;3;3;5;3;0;0;0;1;0;0;0;1;505285.835370955057442;6045200.890725608915091;9.081728405000035;54.554314535000060
6154;01210908161013312021;01;0;62;056;2021;09;14;4;3;4;6;0;0;0;1;0;0;0;0;594106.613470857031643;5956696.538163101300597;10.427176958000075;53.750396690000059
6155;01210827105132642021;01;0;55;004;2021;08;14;6;3;2;6;0;0;0;1;0;0;0;0;610843.581087597645819;5974423.192208696156740;10.687279931000035;53.906368053000051
6156;01210718171013802021;01;0;60;007;2021;07;13;1;3;2;6;0;0;0;1;0;0;0;0;574147.011366866528988;5975061.279146911576390;10.128982249000046;53.918651580000073
6157;01210818161013182021;01;0;53;012;2021;08;16;4;3;5;3;0;1;1;1;0;0;0;0;585502.294009179808199;5927231.619158994406462;10.288635863000025;53.487101412000072
6158;01210626171013772021;01;0;60;044;2021;06;18;7;3;0;7;0;0;0;0;0;1;0;0;563537.736000003293157;5965918.332999780774117;9.965575054000055;53.837895419000063
6159;01210709134013262021;01;0;57;079;2021;07;13;6;3;4;6;0;0;1;0;0;0;0;0;580644.089780280366540;6030464.235767422243953;10.242716273000042;54.415508491000082
6160;01210726105132802021;01;0;60;096;2021;07;00;2;3;2;7;2;0;0;1;0;0;0;1;588154.533275159075856;5975585.698746001347899;10.342356294000069;53.921169725000027
6162;01211013171013542021;01;0;56;010;2021;10;19;4;3;5;3;2;1;1;1;0;0;0;0;546380.704953931272030;5967601.932639101520181;9.705121794000036;53.854841580000027
6163;01211223161013922021;01;0;53;124;2021;12;15;5;3;9;1;0;2;0;1;0;0;0;0;595085.378597580827773;5955388.707639340311289;10.441612942000063;53.738467617000026
6164;01211215134013652021;01;0;02;000;2021;12;08;4;3;5;3;0;1;1;1;0;0;0;0;572531.039858514443040;6021108.987510034814477;10.115441743000076;54.332666925000069
6165;01211202134013172021;01;0;02;000;2021;12;17;5;3;5;3;2;0;0;1;0;0;0;0;572753.574000007472932;6018100.634999807924032;10.118130020000024;54.305603020000035
6166;01210822145013202021;01;0;58;112;2021;08;18;1;3;6;7;0;0;0;0;1;0;0;1;563677.410446225665510;6022514.942867573350668;9.979607277000071;54.346482631000072
6167;01210618145013282021;01;0;58;071;2021;06;12;6;2;0;7;0;0;1;0;0;0;0;0;541584.552612242288888;6004146.857610033825040;9.637211495000031;54.183689359000027
6168;01210713152013642021;01;0;55;014;2021;07;13;3;3;0;6;0;0;1;1;0;0;0;0;628077.417000091634691;6016092.469999628141522;10.967092052000055;54.276691970000059
6169;01210622134013452021;01;0;02;000;2021;06;19;3;3;5;3;0;0;1;1;0;0;0;0;574134.800889418460429;6017736.096770148724318;10.139262659000053;54.302128796000034
6170;01210812161013022021;01;0;62;061;2021;08;07;5;3;0;3;0;0;1;1;0;0;0;0;598774.021000027656555;5967771.865999761968851;10.501485997000032;53.849046526000052
6172;01210814171013542021;01;0;56;041;2021;08;22;7;3;2;6;2;0;0;1;0;0;0;0;559048.466724650934339;5954122.297768024727702;9.895102357000042;53.732412384000042
6173;01210928125013732021;01;0;59;044;2021;09;11;3;2;4;6;0;0;0;1;0;0;0;0;527989.891239637508988;6046524.495145767927170;9.432892809000066;54.565463206000061
6174;01211207152013572021;01;0;03;000;2021;12;08;3;3;0;7;0;0;1;0;0;0;0;0;609071.127954192459583;5970739.027497734874487;10.659000294000066;53.873644390000038
6175;01210707105132682021;01;0;56;008;2021;07;14;4;3;0;7;0;0;0;1;0;0;0;0;546633.107301535084844;5957759.086443256586790;9.707467550000047;53.766356242000029
6176;01211123171013252021;01;0;56;049;2021;11;13;3;3;0;7;0;1;1;0;0;0;0;0;544303.362000001594424;5948999.950999768450856;9.670871525000052;53.687835015000076
6177;01211116105132552021;01;0;60;070;2021;11;20;3;3;3;6;2;1;0;1;0;0;1;0;583845.834757836535573;5977227.392264200374484;10.277215220000073;53.936636959000055
6178;01211029145013832021;01;0;58;135;2021;10;22;6;3;3;6;2;0;0;1;0;1;0;0;543642.234914494678378;6017503.820374002680182;9.670683770000039;54.303556636000053
6179;01210918125013442021;01;0;59;158;2021;09;19;7;3;5;2;1;0;1;1;0;0;0;0;511071.207252079620957;6068291.749594332650304;9.172054744000036;54.761736076000034
6180;01210831171013252021;01;0;60;035;2021;08;18;3;3;5;3;0;0;0;1;0;0;0;1;554711.137000001966953;5981964.339999785646796;9.834324532000039;53.983106920000068
6181;01211120152013862021;01;0;03;000;2021;11;22;7;3;0;1;2;1;0;0;0;0;0;1;611198.230265881866217;5968991.926591686904430;10.690705506000029;53.857496652000066
6182;01210922134013692021;01;0;02;000;2021;09;13;4;3;5;3;0;0;1;1;0;0;0;0;570623.392009405419230;6023571.779578916728497;10.086693924000031;54.355064627000047
6183;01210806152013972021;01;0;55;046;2021;08;17;6;3;0;7;0;0;1;0;0;0;0;0;639051.098482214845717;6035561.193338669836521;11.144600821000040;54.448676583000065
6184;01210930171013502021;01;0;60;044;2021;09;14;5;3;5;2;0;0;1;1;0;0;0;0;561873.881000003777444;5964482.487999774515629;9.940004475000023;53.825192340000058
6185;01210730105132572021;01;0;60;070;2021;07;15;6;3;2;7;0;0;0;1;0;0;0;0;582970.318789815530181;5979503.126563206315041;10.264500643000076;53.957227318000037
6187;01211006125013062021;01;0;54;113;2021;10;11;4;2;5;3;0;0;1;1;0;0;0;0;476571.697766270488501;6020053.787065636366606;8.639749418000065;54.327800953000065
6188;01210802134013502021;01;0;02;000;2021;08;07;2;3;2;6;0;0;1;0;0;0;0;0;573569.773007224313915;6023377.745141990482807;10.131972848000032;54.352904482000042
6189;01211018134013622021;01;0;57;025;2021;10;09;2;3;2;2;0;1;0;1;0;1;0;0;578172.147322957403958;6025010.450648458674550;10.203198664000070;54.366890194000064
6192;01210704125013872021;01;0;54;134;2021;07;03;1;3;8;1;2;0;0;1;0;0;0;0;479225.848460831679404;6019586.142658693715930;8.680593382000040;54.323713037000061
6193;01211021152013832021;01;0;55;032;2021;10;06;5;3;0;7;2;1;0;0;0;1;0;0;618480.396254960447550;5996690.713965304195881;10.812138844000060;54.104717520000065
6194;01211217171013632021;01;0;56;049;2021;12;18;6;3;5;2;2;1;0;1;0;0;0;0;544419.297303644008934;5948846.092308640480042;9.672604925000030;53.686442324000041
6195;01210905145013402021;01;0;58;034;2021;09;12;1;3;5;2;0;0;1;1;0;0;0;0;543482.903000001795590;6018568.995999809354544;9.668390465000073;54.313142789000040
6197;01211109171013142021;01;0;56;020;2021;11;10;3;3;0;7;0;1;1;0;0;0;0;0;540432.997307366691530;5944721.564573023468256;9.611710485000060;53.649695180000037
6198;01211025134013302021;01;0;02;000;2021;10;13;2;3;3;6;0;0;0;1;0;0;1;0;577302.646511008962989;6020375.458917858079076;10.188616376000027;54.325375287000043
6199;01210912125013202021;01;0;01;000;2021;09;01;1;3;0;1;2;0;1;0;0;0;0;0;527683.047538884915411;6070360.083133075386286;9.430406589000029;54.779682338000043
6200;01210826125013992021;01;0;54;088;2021;08;19;5;3;5;3;0;0;1;1;0;0;0;0;490242.668472301214933;6071872.558660224080086;8.848243362000062;54.793943048000074
6201;01210717105132372021;01;0;58;168;2021;07;12;7;3;2;6;0;0;0;1;0;0;0;0;555517.853085996583104;6008474.580185018479824;9.851491808000048;54.221262487000047
6202;01210817161013992021;01;0;53;046;2021;08;09;3;3;9;1;0;1;0;1;0;0;0;0;616032.739253854379058;5934586.808844577521086;10.751290248000032;53.547338667000076
6203;01210625171013732021;01;0;60;085;2021;06;11;6;2;5;2;0;0;0;1;0;1;0;0;578535.506435989402235;5964634.215236697345972;10.193117025000049;53.824305676000051
6204;01210721125013192022;01;0;54;168;2021;07;16;4;3;3;7;0;0;1;0;0;0;0;0;458579.290110341273248;6083636.769738420844078;8.354115170000057;54.898042270000076
6206;01211012145013822021;01;0;58;099;2021;10;11;3;3;1;6;0;0;0;1;0;0;1;0;557460.726225379854441;6042213.648432271555066;9.887803298000051;54.524237198000037
6207;01211222171013882022;01;0;56;039;2021;12;17;4;3;6;2;2;0;0;1;1;0;0;0;552461.280117460526526;5947279.943900976330042;9.794101369000032;53.671620880000035
6208;01211213161013822021;01;0;53;091;2021;12;12;2;3;5;2;0;0;0;1;0;0;0;1;598704.507000028155744;5939297.630999743938446;10.491348629000072;53.593210998000075
6209;01211130134013912021;01;0;02;000;2021;11;20;3;3;5;3;2;0;0;1;0;0;0;0;570787.276000004261732;6023345.849999811500311;10.089161432000026;54.353011752000043
6210;01211104125013762021;01;0;54;036;2021;11;18;5;3;2;2;2;1;0;1;0;0;0;0;485149.679926724173129;6020012.880991015583277;8.771651240000040;54.327755007000064
6211;01210903161013492021;01;0;53;090;2021;09;05;6;3;5;3;1;0;0;1;0;0;0;0;611935.809844492934644;5943958.697079434990883;10.692847951000033;53.632430764000048
6212;01210821161013872021;01;0;53;009;2021;08;14;7;3;6;6;0;0;0;1;1;0;0;0;608950.248937968164682;5955350.865126542747021;10.651718318000064;53.735415426000031
6213;01210617171013052021;01;0;56;018;2021;06;16;5;3;0;7;0;0;1;0;0;0;0;0;555384.575544433668256;5943231.461365614086390;9.837624386000073;53.634933678000039
6214;01210712125013342021;01;0;59;053;2021;07;12;2;3;5;3;0;0;1;1;0;0;0;0;532033.128000000491738;6030234.769999813288450;9.493656277000071;54.418830145000072
6215;01210619152013272021;01;0;55;035;2021;06;11;7;3;2;6;0;0;0;1;0;0;0;0;613972.931773953139782;5975654.413638882339001;10.735350317000041;53.916750609000076
6216;01210811145013602021;01;0;58;043;2021;08;11;4;3;4;6;0;0;0;1;0;0;1;0;554213.960177037864923;6034494.567109033465385;9.836228044000052;54.455229600000052
6218;01210813181013862021;01;0;51;074;2021;08;11;6;3;2;6;0;0;0;1;0;0;0;0;503560.343428981490433;5992397.428106853738427;9.054419390000021;54.079761813000061
6219;01210926152013612021;01;0;55;035;2021;09;10;1;3;2;6;0;0;0;1;0;0;0;0;613018.255031422711909;5978304.744851022958755;10.721801686000049;53.940770213000064
6220;01210724171013782021;01;0;56;047;2021;07;01;7;3;9;7;2;0;0;1;0;0;0;0;557305.085293032228947;5949824.339146750047803;9.867882771000041;53.693979727000055
6223;01211206145013032021;01;0;04;000;2021;12;17;2;3;2;6;2;0;0;1;0;1;0;0;564174.529511906206608;5990436.460050452500582;9.980405057000041;54.058153859000072
6224;01210908105132482021;01;0;56;041;2021;09;13;4;2;3;7;0;0;0;0;0;0;1;1;562634.834459559991956;5956429.946989797055721;9.949926947000051;53.752733047000049
6225;01211122171013932021;01;0;56;042;2021;11;08;2;3;9;1;0;2;0;1;0;0;0;0;538267.147934354841709;5954476.616411950439215;9.580149490000053;53.737535707000063
6226;01211115125013872021;01;0;54;092;2021;11;15;2;3;2;2;0;0;0;1;0;0;0;0;506653.794145571999252;6049738.197761572897434;9.102982195000038;54.595075364000081
6227;01211028171013952021;01;0;56;013;2021;10;11;5;3;5;3;0;0;1;1;0;0;0;0;557915.330871299840510;5946019.412124337628484;9.876413584000034;53.659716202000027
6228;01210916145013172021;01;0;04;000;2021;09;13;5;3;0;7;0;1;0;0;0;0;0;1;563358.462000003084540;5992216.760999793186784;9.968311989000028;54.074253554000052
6229;01210830171013722021;01;0;60;068;2021;08;11;2;3;8;7;0;0;0;1;0;0;0;0;577560.183127596974373;5983563.060419926419854;10.183101314000055;53.994549429000074
6230;01211119105132072021;01;0;53;060;2021;11;23;6;3;8;7;2;1;0;1;0;0;0;0;594890.045605849474669;5935491.862080853432417;10.432578559000035;53.559717651000028
6231;01210920125013972021;01;0;59;075;2021;09;19;2;3;0;3;2;1;0;1;0;1;0;0;535194.295385095290840;6041897.924967557191849;9.543758272000048;54.523435763000066
6233;01210804171013722021;01;0;56;041;2021;08;19;4;3;0;7;0;0;1;0;0;0;0;0;556244.557130513712764;5952149.201904781162739;9.852245188000040;53.714989403000061