OBJECTID;UIDENTSTLAE;ULAND;UREGBEZ;UKREIS;UGEMEINDE;UJAHR;UMONAT;USTUNDE;UWOCHENTAG;UKATEGORIE;UART;UTYP1;ULICHTVERH;USTRZUSTAND;IstRad;IstPKW;IstFuss;IstKrad;IstGkfz;IstSonstige;LINREFX;LINREFY;XGCSWGS84;YGCSWGS84
6234;01210930145013792021;01;0;58;129;2021;09;15;5;2;5;2;0;1;0;1;0;0;0;0;530652.137004395946860;6008346.873065378516912;9.470126748000041;54.222205828000028
6235;01210728171013912021;01;0;56;039;2021;07;08;4;3;2;6;0;0;0;1;0;0;1;0;552451.541779983788729;5947949.174196317791939;9.794067082000026;53.677636594000035
6237;01211003181013852021;01;0;61;056;2021;10;15;1;3;2;2;0;0;0;1;0;0;0;0;531511.723209036514163;5970418.830998180434108;9.479370118000077;53.881274561000055
6238;01210801125013462021;01;0;54;087;2021;08;13;1;3;4;6;0;0;1;0;0;0;0;0;468787.982904118485749;6059834.583823397755623;8.515857238000024;54.684887928000080
6239;01211015171013632021;01;0;56;015;2021;10;12;6;3;5;2;0;0;1;0;0;0;0;1;544668.473040409386158;5955813.713283345103264;9.677383163000059;53.749044070000082
6241;01211230181013032022;01;0;61;116;2021;12;14;5;3;3;6;0;1;0;1;0;0;0;1;549150.472033278085291;5974348.695286130532622;9.748308628000075;53.915222140000026
6242;01210702152013782021;01;0;03;000;2021;07;14;6;2;5;3;0;0;1;1;0;0;0;0;610215.071992996148765;5971489.698704298585653;10.676661654000043;53.880146916000058
6243;01211020161013052021;01;0;62;004;2021;10;17;4;3;2;2;0;0;1;1;0;0;0;0;592192.540722303092480;5962422.585826594382524;10.399870015000033;53.802190554000049
6244;01211216161013962021;01;0;53;002;2021;12;07;5;3;2;6;2;1;0;1;0;0;0;0;610195.245689949020743;5942765.791798114776611;10.666114743000037;53.622082166000041
6245;01211108105132962021;01;0;51;001;2021;11;14;2;3;8;1;0;1;0;1;0;0;0;0;517188.405437446199358;5995562.119755517691374;9.262900874000024;54.107930529000043
6246;01211023125013892021;01;0;01;000;2021;10;14;7;3;6;2;0;0;0;1;1;0;0;0;528843.555749160237610;6071892.939505046233535;9.448601622000069;54.793391953000082
6247;01210910125013682021;01;0;54;168;2021;09;13;6;3;0;1;0;1;1;0;0;0;0;0;455893.583649098873138;6084720.942916808649898;8.312073379000026;54.907554761000029
6248;01210824152013412021;01;0;03;000;2021;08;07;3;3;5;3;0;0;1;1;0;0;0;0;609343.507396689616144;5970252.900098348036408;10.662968028000023;53.869219545000078
6249;01210715105132212021;01;0;62;011;2021;07;16;5;3;3;7;0;0;0;1;0;0;0;0;581263.158654367551208;5939842.888344293460250;10.228039130000070;53.601104805000034
6250;01210828171013382021;01;0;56;026;2021;08;14;7;3;9;1;0;1;0;1;0;0;0;0;556114.217506512999535;5957930.659025747328997;9.851319989000046;53.766963214000043
6251;01210624171013562021;01;0;56;039;2021;06;11;5;3;5;3;0;0;1;1;0;0;0;0;552581.127766720950603;5946280.208371343091130;9.795745995000061;53.662623664000080
6252;01210720105132152021;01;0;61;083;2021;07;08;3;3;2;6;0;0;0;1;0;0;0;0;532267.109306469559669;5979870.641075063496828;9.491858533000027;53.966178171000081
6254;01210629161013212021;01;0;62;018;2021;06;09;3;2;6;4;0;0;0;0;1;0;1;0;580290.537503907456994;5933041.673254132270813;10.211596104000023;53.540135250000048
6255;01211011105132392021;01;0;59;010;2021;10;22;2;2;7;7;2;1;0;1;0;0;0;0;528714.560195387341082;6051861.354724219068885;9.444622230000050;54.613383687000066
6256;01211221134013632021;01;0;02;000;2021;12;17;3;3;6;4;2;0;0;1;1;0;0;0;577427.725110732018948;6020496.032518677413464;10.190570435000041;54.326439741000058
6257;01211210145013562021;01;0;58;084;2021;12;07;6;3;4;1;2;1;0;1;0;0;0;0;545946.660680209286511;6034811.681915659457445;9.708769369000038;54.458894416000078
6258;01211127181013032021;01;0;61;116;2021;11;14;7;3;0;3;0;1;1;1;0;0;0;0;549176.583055510185659;5976078.109062086790800;9.748984303000043;53.930762362000053
6259;01211101125013312021;01;0;01;000;2021;11;08;2;3;2;6;0;0;0;1;0;0;0;0;528527.560497142374516;6070763.511936176568270;9.443576029000042;54.783260457000040
6260;01210902152013192021;01;0;03;000;2021;09;22;5;3;1;5;2;0;1;0;0;0;0;1;609430.696146591566503;5970335.467619052156806;10.664322892000030;53.869942982000055
6261;01211107171013242021;01;0;60;005;2021;11;10;1;3;5;3;0;1;0;1;0;0;0;1;584231.253974584862590;5977142.646037468686700;10.283061286000077;53.935812888000044
6262;01210820152013582021;01;0;03;000;2021;08;07;6;3;2;6;0;0;0;1;0;0;0;0;609876.043259786441922;5970284.299767013639212;10.671074644000043;53.869389186000035
6263;01210616125013422021;01;0;54;101;2021;06;23;4;3;9;1;2;0;0;1;0;0;0;0;514547.477096862159669;6040851.734957795590162;9.224714201000040;54.515047009000057
6264;01210710152013152021;01;0;03;000;2021;07;00;7;2;0;7;2;1;0;0;0;0;0;1;611231.067280690185726;5971684.705898759886622;10.692180986000039;53.881682068000032
6265;01210809105132212021;01;0;62;027;2021;08;06;2;3;9;1;0;0;0;0;0;1;0;0;588295.158000015653670;5952816.051999762654305;10.337962585000071;53.716543977000072
6267;01210924105132872021;01;0;58;122;2021;09;16;6;3;9;6;0;0;0;1;0;0;1;0;549717.252603177912533;6018024.418953688815236;9.764121258000046;54.307679933000031
6268;01210722134013792021;01;0;57;062;2021;07;17;5;3;0;7;0;0;0;0;0;0;0;1;583388.023671090602875;6010511.687114711850882;10.279411751000055;54.235788968000065
6271;01211203145013102021;01;0;04;000;2021;12;17;6;3;2;6;2;1;0;1;0;0;0;0;566356.523615800775588;5992070.657542379572988;10.014091836000034;54.072563138000078
6272;01210906181013452021;01;0;61;046;2021;09;07;2;3;5;2;0;0;1;1;0;0;0;0;533965.399335559457541;5976007.700716806575656;9.517315179000036;53.931350750000036
6274;01211111181013992021;01;0;51;074;2021;11;09;5;2;6;4;0;1;0;1;1;0;0;0;504233.684550313279033;5994208.137892035767436;9.064736642000071;54.096030977000055
6275;01211027171013262021;01;0;56;048;2021;10;12;4;3;5;3;0;0;1;1;0;0;0;0;546318.963290933519602;5949533.596275923773646;9.701470384000061;53.692456445000062
6276;01210914161013622021;01;0;53;049;2021;09;18;3;3;3;6;0;0;1;1;0;0;0;0;594974.128824777901173;5939865.257274895906448;10.435178198000074;53.599000602000046
6277;01210908181013252021;01;0;61;105;2021;09;15;4;2;5;3;0;0;0;1;0;1;0;0;524407.805999999865890;5983515.537999790161848;9.372351784000045;53.999368264000054
6278;01210819145013252021;01;0;58;012;2021;08;15;5;3;4;6;0;0;0;1;0;0;0;0;555299.043514882214367;6038233.513595335185528;9.853662231000044;54.488711604000059
6279;01210626171013022021;01;0;56;048;2021;06;11;7;3;4;6;0;0;1;0;0;0;0;0;549972.530373580753803;5952390.464883007109165;9.757257007000021;53.717796008000050
6280;01210928134013332021;01;0;57;020;2021;09;15;3;3;0;1;0;0;1;0;0;0;0;0;588609.658993089571595;6025686.014942320063710;10.364002961000040;54.371252255000059
6281;01210727125013962021;01;0;01;000;2021;07;19;3;3;3;6;0;0;0;1;0;0;0;0;528184.240566940978169;6072353.678500752896070;9.438392481000051;54.797569838000072
6283;01211014171013872021;01;0;60;086;2021;10;16;5;3;2;6;0;0;0;1;0;0;0;1;581241.407843095250428;5988856.959105309098959;10.240655264000054;54.041553505000081
6285;01211228134013802022;01;0;57;055;2021;12;18;3;3;8;1;2;1;0;1;0;0;0;0;602095.688927426934242;6020660.548594605177641;10.569796066000038;54.323579990000042
6286;01211216134013182021;01;0;02;000;2021;12;18;5;2;6;7;1;1;1;0;1;0;0;0;573703.503474036231637;6021705.876021990552545;10.133616515000028;54.337862360000031
6287;01211204125013712022;01;0;54;070;2021;12;19;7;3;9;7;2;1;0;1;0;0;0;0;503447.742443311028183;6026552.586368937045336;9.053090809000025;54.386734216000036
6288;01210922181013652021;01;0;51;069;2021;09;20;4;3;5;3;2;0;1;1;0;0;0;0;504796.085501503199339;6005026.483410747721791;9.073508236000066;54.193258006000065
6289;01210824125013812021;01;0;54;128;2021;08;12;3;2;4;6;0;0;0;0;0;1;0;1;498045.156887994147837;6047384.524403342977166;8.969760119000057;54.573962830000028
6290;01210618181013322021;01;0;61;046;2021;06;20;6;3;2;7;0;0;0;0;0;1;1;0;532920.930899103172123;5976066.406009100377560;9.501414250000039;53.931945833000043
6291;01210713161013132021;01;0;62;060;2021;07;06;3;3;2;6;0;0;0;1;0;0;0;0;581763.527076940052211;5932115.744022170081735;10.233576218000053;53.531587129000059
6292;01210623152013802021;01;0;03;000;2021;06;06;4;3;4;6;0;0;1;0;0;0;0;1;610788.820000048726797;5967747.858999725431204;10.684034776000033;53.846407148000026
6293;01210811181013762021;01;0;61;042;2021;08;19;4;3;5;2;0;0;1;1;0;0;0;0;540249.873999999836087;5979956.276999786496162;9.613546903000042;53.966388136000035
6295;01210814152013562021;01;0;03;000;2021;08;11;7;3;5;3;0;0;1;1;0;0;0;0;616251.639546806924045;5974854.683586722239852;10.769723942000041;53.909059777000039
6296;01210928105132522021;01;0;55;033;2021;09;07;3;3;9;1;0;1;0;0;0;1;0;0;622946.125139922834933;6018635.359467094764113;10.889376355000024;54.300793166000062
6297;01211009152013842021;01;0;55;018;2021;10;12;7;2;2;6;0;0;0;1;0;0;0;0;632464.897204861976206;6014039.799148881807923;11.033523458000047;54.257137529000033
6298;01211220145013322022;01;0;58;022;2021;12;12;2;3;5;3;0;0;0;1;0;0;0;0;566985.365000004880130;6003546.530999800190330;10.026245569000025;54.175607299000035
6299;01211207181013952021;01;0;61;017;2021;12;04;3;3;9;1;2;2;0;1;0;0;0;0;537518.429000000469387;5973275.968999784439802;9.571092160000035;53.906553810000048
6300;01211125152013932022;01;0;03;000;2021;11;16;5;3;6;2;2;0;0;1;1;0;0;0;614714.680192490108311;5968095.163562620058656;10.743809216000045;53.848675208000031
6301;01211117134013992021;01;0;02;000;2021;11;12;4;3;5;2;0;1;1;1;0;0;0;0;572353.778617776930332;6021110.288422975689173;10.112716560000024;54.332703779000042
6302;01211030181013152021;01;0;61;049;2021;10;17;7;3;0;1;1;1;0;0;0;1;0;0;548214.683832335285842;5977068.205088570713997;9.734491688000048;53.939751084000079
6303;01210918181013752021;01;0;61;046;2021;09;13;7;3;5;3;0;1;0;1;0;0;0;1;534505.108000000938773;5975488.626999786123633;9.525476310000045;53.926649816000065
6304;01210901145013732021;01;0;58;043;2021;09;07;4;2;5;2;0;0;0;1;0;1;0;0;553758.716000000946224;6036066.965999817475677;9.829492620000053;54.469408000000044
6305;01211106145013782021;01;0;58;110;2021;11;10;7;2;4;6;0;1;0;1;0;0;1;0;562944.520241564139724;6030850.180360730737448;9.970099213000026;54.421474501000034
6306;01211105134013422021;01;0;02;000;2021;11;08;6;3;5;3;0;1;0;1;0;0;0;0;575548.016000005416572;6032001.743999812752008;10.164596582000058;54.430105954000055
6307;01210922171013562021;01;0;56;015;2021;09;17;4;3;5;2;0;0;1;1;0;0;0;0;544246.218131935223937;5956218.118507504463196;9.671038210000063;53.752714747000027
6308;01211109145013502021;01;0;58;053;2021;11;08;3;3;6;2;0;0;0;1;1;0;0;0;569352.311000004410744;6010648.682999802753329;10.064140525000028;54.239113255000063
6309;01211023105132152021;01;0;62;025;2021;10;19;7;3;2;6;2;0;0;1;0;0;0;0;604335.988354265689850;5967597.175614755600691;10.585940629000049;53.846389509000062
6310;01210910145013522022;01;0;58;137;2021;09;13;6;3;0;7;0;0;1;0;0;0;0;0;553035.537000000476837;6048686.640999825671315;9.820606379000026;54.582887082000070
6311;01210824152013882021;01;0;55;041;2021;08;07;3;3;2;6;0;0;0;1;0;0;0;0;608694.828076566569507;5996735.444333689287305;10.662558946000047;54.107279471000027
6312;01210716134013872021;01;0;02;000;2021;07;15;6;2;0;2;0;0;0;1;0;1;0;0;571275.945097902789712;6023918.630308618769050;10.096815860000049;54.358090531000073
6313;01210828181013692021;01;0;61;050;2021;08;20;7;3;5;3;2;1;1;1;0;0;0;0;540938.281454651616514;5959401.468809982761741;9.621295683000028;53.781596200000081
6314;01210625125013022021;01;0;54;073;2021;06;13;6;3;2;6;0;0;0;1;0;0;1;0;501802.652883070521057;6075441.374204866588116;9.028059087000031;54.826106579000054
6315;01210721145013662021;01;0;58;049;2021;07;09;4;3;5;3;0;0;0;1;0;0;0;0;558130.052000002935529;6012492.633999805897474;9.892329311000026;54.257080893000079
6316;01210629161013482021;01;0;62;060;2021;06;11;3;3;4;6;0;0;0;0;0;0;0;1;586403.722565527074039;5935771.872762482613325;10.304574138000021;53.563699516000042
6317;01211010134013242021;01;0;02;000;2021;10;16;1;3;2;6;0;0;0;1;0;1;0;0;576016.498165752738714;6019252.985477104783058;10.168559064000021;54.315482394000071
6318;01211221161013792021;01;0;53;100;2021;12;16;3;3;1;5;1;0;0;1;0;0;0;0;618167.296206300146878;5951568.272058401256800;10.789935529000047;53.699426058000029
6319;01211212105132122021;01;0;56;043;2021;12;09;1;3;9;1;0;1;0;1;0;0;0;0;554256.000649120658636;5945333.084277279675007;9.820924753000043;53.653940277000061
6320;01211128105132132021;01;0;56;021;2021;11;22;1;3;8;1;2;2;0;1;0;0;0;0;562310.933052757754922;5950481.353206560015678;9.943817322000029;53.699311216000069
6321;01211101152013832021;01;0;03;000;2021;11;08;2;3;0;1;0;0;0;0;0;1;0;0;609656.810812309384346;5971104.577031821012497;10.668035258000032;53.876805166000054
6322;01210902161013932021;01;0;62;082;2021;09;15;5;3;9;7;0;0;1;0;0;0;0;0;593044.069065146148205;5940791.057483168318868;10.406298688000049;53.607665840000038
6323;01210820161013552021;01;0;53;006;2021;08;12;6;3;5;3;0;0;0;1;0;0;0;0;605050.660819280892611;5920248.326456950977445;10.580812084000058;53.420815512000047
6324;01210616145013582021;01;0;04;000;2021;06;08;4;2;4;6;0;0;0;1;0;0;0;0;563819.125525317154825;5993819.179044181481004;9.975688938000076;54.088596803000030
6325;01210711125013642022;01;0;59;079;2021;07;20;1;2;2;6;0;0;1;0;0;0;0;0;522902.489061797037721;6046868.211187884211540;9.354239471000028;54.568808023000031
6326;01210808171013142021;01;0;56;050;2021;08;16;1;3;0;3;0;0;1;0;0;0;0;0;545994.186000001616776;5937547.927999764680862;9.694779780000033;53.584760366000069
6328;01210924134013262021;01;0;02;000;2021;09;06;6;3;5;2;2;0;1;0;0;0;0;1;572214.699044377543032;6018264.573872756212950;10.109889558000077;54.307152606000045
6329;01210722134013002021;01;0;57;055;2021;07;14;5;3;5;3;0;0;0;1;0;0;0;1;599865.941577528603375;6024413.001828106120229;10.536783034000052;54.357733763000056
6332;01211203181013302021;01;0;51;044;2021;12;15;6;3;5;2;2;1;0;1;0;1;0;0;506838.115000002086163;6005347.161999799311161;9.104813082000021;54.196116979000067
6333;01210908125013112021;01;0;54;071;2021;09;00;4;2;8;1;2;0;0;1;0;0;0;0;508058.783881493844092;6053165.843632202595472;9.124821688000054;54.625859100000071
6335;01211112134013162021;01;0;02;000;2021;11;12;6;3;5;3;0;0;1;0;0;0;0;1;574067.894137504510581;6018391.932704921811819;10.138397313000041;54.308031635000077
6336;01211027171013132021;01;0;60;068;2021;10;06;4;3;8;1;2;1;0;1;0;0;0;0;579110.814206972718239;5984947.158882569521666;10.207108698000070;54.006751713000028
6337;01210914125013752022;01;0;59;010;2021;09;17;3;3;5;3;0;0;1;1;0;0;0;0;529632.191130802966654;6047953.897721394896507;9.458435940000072;54.578215397000065
6338;01210830152013822021;01;0;03;000;2021;08;19;2;3;5;3;0;0;1;1;0;0;0;0;612378.750837098807096;5967400.063655557110906;10.708063391000053;53.842940974000044
6339;01210819171013232021;01;0;60;063;2021;08;16;5;3;5;3;0;0;1;1;0;0;0;0;566145.711817018687725;5948642.321844303980470;10.001500506000070;53.682312177000028
6340;01210816152013362021;01;0;03;000;2021;08;15;2;3;5;2;0;1;1;1;0;0;0;0;610802.135000047273934;5967818.774999728426337;10.684262654000065;53.847041436000040
6341;01210928145013362021;01;0;04;000;2021;09;18;3;3;2;6;0;0;0;1;0;0;0;0;565401.675029547885060;5991747.403287250548601;9.999432084000034;54.069780340000079
6342;01210726181013402021;01;0;61;077;2021;07;14;2;3;4;6;0;0;0;1;0;0;0;0;523595.158999999053776;5975790.749999785795808;9.359357084000067;53.929977229000031
6344;01211014152013932021;01;0;03;000;2021;10;07;5;3;5;3;0;1;1;1;0;0;0;0;609117.590000044554472;5972139.592999739572406;10.660205201000053;53.886217756000065
6346;01211226105132782021;01;0;58;105;2021;12;17;1;3;2;6;2;1;0;1;0;0;0;0;568169.273215155117214;6016435.749687282368541;10.047308828000041;54.291274810000061
6347;01210702125013362021;01;0;59;039;2021;07;12;6;3;2;7;0;0;0;1;0;0;0;0;523907.280000001192093;6035345.993999820202589;9.368846299000040;54.465211888000056
6348;01211216145013662021;01;0;58;127;2021;12;12;5;3;7;7;0;0;0;0;0;1;0;0;541434.828661817125976;6028776.853936502709985;9.638331660000063;54.405049277000046
6349;01211203145013252021;01;0;58;050;2021;12;06;6;3;5;2;2;2;1;0;0;0;0;1;561490.017599685117602;6018334.159645643085241;9.945099996000067;54.309181689000070
6350;01210923145013602021;01;0;58;137;2021;09;14;5;3;0;7;0;1;1;0;0;0;0;0;553019.224725494161248;6048714.339087659493089;9.820359012000040;54.583137691000047
6351;01210823171013482021;01;0;56;048;2021;08;05;2;3;5;3;1;1;0;1;0;1;0;0;550145.435000000521541;5952832.004999773576856;9.759948396000027;53.721747785000048
6352;01210619134013432021;01;0;02;000;2021;06;08;7;3;2;6;0;0;0;1;0;0;0;0;573878.623016158118844;6027784.915165275335312;10.137818372000027;54.392460833000030
6353;01210715152013982021;01;0;03;000;2021;07;18;5;3;5;3;0;0;1;1;0;0;0;0;610104.966509687714279;5969954.234001908451319;10.674436174000050;53.866375271000038
6354;01210623161013042021;01;0;62;001;2021;06;15;4;3;5;3;0;0;1;0;0;0;0;0;582330.850187751464546;5948261.790893252938986;10.246398328000055;53.676593263000029
6355;01210719152013972021;01;0;03;000;2021;07;18;2;2;5;2;0;0;1;1;0;0;0;0;621419.432709312997758;5980453.518926598131657;10.850574891000065;53.958171089000075
6356;01210812171013392021;01;0;60;063;2021;08;01;5;2;0;1;2;1;0;0;0;1;0;0;567742.883781523443758;5953204.123011773452163;10.026676206000047;53.723104112000044
6358;01210815161013522021;01;0;53;100;2021;08;00;1;3;5;3;2;0;0;1;0;0;0;0;618154.678046325221658;5951692.038571622222662;10.789791686000058;53.700540829000033
6359;01211008161013942021;01;0;62;006;2021;10;12;6;3;0;3;0;0;0;0;0;1;0;1;582227.243000011891127;5954703.713999768719077;10.246540159000062;53.734498209000037
6360;01211220145013272021;01;0;58;024;2021;12;15;2;3;4;6;1;0;0;1;0;0;0;0;545932.463000000454485;6020357.005999807268381;9.706315608000068;54.328996727000060
6361;01211208161013202022;01;0;62;061;2021;12;18;4;3;2;6;2;0;0;1;0;0;0;0;595867.194204485043883;5964454.127203110605478;10.456279920000043;53.819780450000053
6362;01211125152013122021;01;0;03;000;2021;11;17;5;3;0;1;2;1;0;0;0;1;0;0;608804.558206453919411;5970588.108488744124770;10.654894021000075;53.872344439000074
6363;01211117171013742021;01;0;62;076;2021;11;13;4;3;2;6;0;1;0;1;0;0;0;0;570348.576000005938113;5956098.127999773249030;10.066817759000060;53.748767018000080
6364;01211031145013672021;01;0;58;001;2021;10;13;1;3;0;7;0;1;1;0;0;0;0;0;564297.542340026237071;6018346.178072325885296;9.988247217000037;54.308943951000060
6365;01210901125013042021;01;0;54;109;2021;09;18;4;3;4;6;0;0;1;0;0;0;0;0;491609.330155522562563;6067868.102704668417573;8.869614886000022;54.757980795000037
6366;01211106171013412021;01;0;60;082;2021;11;03;7;3;9;1;2;1;0;1;0;0;0;0;569224.677000006660819;5969184.724999779835343;10.052719798000055;53.866522710000027
6367;01211104161013632021;01;0;62;001;2021;11;18;5;3;5;2;2;1;1;1;0;0;0;0;580662.644069500267506;5946816.502247700467706;10.220774363000032;53.663865485000031
6368;01210807134013562021;01;0;57;013;2021;08;16;7;3;5;2;0;0;0;1;0;0;0;0;600367.850140552967787;6011508.129996107891202;10.540169188000050;54.241695144000062
6369;01211003105132762021;01;0;56;041;2021;10;02;1;3;1;7;2;1;0;0;0;0;1;1;561915.041966225951910;5952499.254705514758825;9.938225079000063;53.717493490000038
6370;01210731145013032021;01;0;58;034;2021;07;14;7;3;2;6;0;1;0;1;0;0;0;0;543697.261821666732430;6018641.884878782555461;9.671695865000061;54.313779530000033
6372;01211007152013552021;01;0;55;038;2021;10;08;5;3;9;1;0;0;0;1;0;0;1;0;616641.996268233284354;6003897.331250444054604;10.786821203000045;54.169877034000081
6373;01210804125013162021;01;0;59;113;2021;08;18;4;3;6;3;0;0;0;1;1;0;0;0;535210.133578598499298;6076518.649298023432493;9.548178482000026;54.834553498000048
6374;01211019152013712021;01;0;55;044;2021;10;08;3;3;5;2;0;0;0;1;0;0;0;0;614679.303790266625583;5987455.786546682938933;10.750538862000042;54.022615634000033
6377;01210704134013252021;01;0;02;000;2021;07;14;1;3;5;3;0;0;1;1;0;0;0;0;577254.080722426064312;6020255.061085045337677;10.187838625000040;54.324300806000053
6378;01211009152013582021;01;0;55;039;2021;10;11;7;2;4;6;0;0;0;1;0;0;0;1;614206.559411734342575;5995079.468364367261529;10.746197103000043;54.091209032000052
6379;01210905152013412021;01;0;55;028;2021;09;12;1;3;6;4;0;0;1;0;1;0;0;0;601783.512212660163641;6004198.366730539128184;10.559408045000055;54.175742812000067
6381;01211109181013132021;01;0;51;011;2021;11;08;3;3;0;7;0;1;1;0;0;0;0;0;508600.907062727026641;5972136.349899230524898;9.130891319000057;53.897597535000045
6382;01211026125013142021;01;0;59;131;2021;10;07;3;2;8;1;2;1;0;1;0;0;0;0;525268.687273395247757;6055390.561896102502942;9.391571626000029;54.645284003000029
6383;01210913161013712021;01;0;62;082;2021;09;11;2;3;5;3;0;0;1;1;0;0;0;0;593604.190920676104724;5940558.730771563947201;10.414691944000026;53.605478444000028
6384;01210909105132482021;01;0;60;059;2021;09;23;5;3;8;7;2;0;0;1;0;0;0;0;581802.010827193036675;5983676.935467744246125;10.247820166000054;53.994918474000031
6385;01210827161013152021;01;0;53;108;2021;08;16;6;3;2;6;0;0;0;1;0;0;0;1;599399.672231297008693;5950756.040025560185313;10.505511192000029;53.696037531000059
6386;01210717152013512021;01;0;55;042;2021;07;10;7;3;0;6;0;0;0;0;0;1;0;0;616215.709535325877368;5983915.808149224147201;10.772626900000034;53.990470229000039
6387;01210818134013792021;01;0;02;000;2021;08;12;4;3;5;3;0;0;1;1;0;0;0;0;574346.041453000158072;6020021.312731575220823;10.143077174000041;54.322632269000053
6388;01210627152013632021;01;0;03;000;2021;06;13;1;3;5;2;0;0;0;1;0;0;0;0;613166.942775896750391;5969817.715487930923700;10.720928406000041;53.864490265000029
6389;01210707125013302021;01;0;59;137;2021;07;14;4;3;0;3;0;0;1;1;0;0;0;0;540820.372052577324212;6072407.811462825164199;9.634937786000023;54.797187183000062
6390;01210724181013812021;01;0;61;023;2021;07;13;7;3;5;2;0;0;0;1;0;1;0;0;523030.108494320884347;5971184.683559227734804;9.350404792000063;53.888603870000054
6392;01211014105132002021;01;0;58;128;2021;10;13;5;3;4;1;0;1;0;1;0;0;0;0;561079.237970356829464;5988826.069847194477916;9.932800635000035;54.044057944000031
6393;01211223161013722021;01;0;62;018;2021;12;15;5;3;5;3;0;2;1;1;0;0;0;0;580516.877872974611819;5933339.340228438377380;10.215087380000057;53.542775612000071
6394;01211214145013882022;01;0;58;135;2021;12;17;3;3;2;6;2;0;0;1;0;0;0;0;542459.305479309521616;6017925.817036859691143;9.652566092000029;54.307448763000082
6395;01211201171013642021;01;0;56;048;2021;12;06;4;3;2;2;2;1;0;1;0;0;0;0;547027.206408108584583;5950080.314152626320720;9.712278303000062;53.697306886000035
6396;01210823145013272021;01;0;04;000;2021;08;04;2;2;5;3;2;1;1;1;0;0;0;0;566258.169312865473330;5988461.982387466356158;10.011800589000075;54.040146695000033
6397;01210618145013982021;01;0;58;135;2021;06;07;6;3;5;2;0;0;1;0;0;0;0;0;544092.370856971479952;6017609.732149999588728;9.677616454000031;54.304469791000031
6398;01210713145013582021;01;0;04;000;2021;07;16;3;3;5;2;0;0;1;1;0;0;0;0;565215.340440730564296;5998259.968512665480375;9.997989184000062;54.128328514000032
6399;01210621134013772021;01;0;02;000;2021;06;20;2;3;9;1;0;1;0;1;0;0;0;0;573046.347473250702024;6025514.739810466766357;10.124445341000069;54.372182002000045
6400;01210812134013732021;01;0;57;008;2021;08;07;5;3;5;2;0;0;1;1;0;0;0;0;569378.795000004582107;5991700.299999795854092;10.060186279000050;54.068836851000071
6401;01210706161013332021;01;0;53;100;2021;07;09;3;3;5;2;0;0;0;1;0;0;1;0;617106.810918617993593;5951554.905253315344453;10.773875318000023;53.699544845000048
6403;01210814145013792021;01;0;58;162;2021;08;15;7;3;7;7;0;0;0;0;0;1;0;0;555228.068431342951953;6049007.919172128662467;9.854587219000052;54.585539366000035
6404;01210928125013262021;01;0;59;060;2021;09;13;3;3;5;3;0;0;1;1;0;0;0;0;545368.837834538891912;6058260.259962879121304;9.703475031000039;54.669664579000028
6405;01211206152013982021;01;0;55;022;2021;12;08;2;3;5;3;0;1;0;1;0;0;0;0;632455.577663011848927;6014957.132140487432480;11.033786118000023;54.265379297000038
6406;01211124134013502022;01;0;57;063;2021;11;06;4;3;5;3;2;1;0;0;0;1;0;1;581717.984545825049281;6025809.298705477267504;10.257980113000031;54.373511797000049
6407;01211116181013172021;01;0;51;097;2021;11;09;3;3;4;6;0;0;0;1;0;0;0;0;507389.062053665518761;5982659.780330684036016;9.112703800000077;53.992200636000064
6408;01211029171013732021;01;0;56;049;2021;10;19;6;3;0;7;2;0;0;0;0;1;0;0;545858.908714287914336;5949244.204404681921005;9.694460919000051;53.689896065000028
6409;01210916181013072021;01;0;61;046;2021;09;08;5;3;2;2;0;0;0;1;0;0;0;0;533971.554247010499239;5976007.659858310595155;9.517408913000054;53.931349979000061
6410;01210831145013352021;01;0;58;029;2021;08;11;3;3;0;7;0;0;1;0;0;0;0;0;538392.833442147821188;6007905.653499610722065;9.588786928000047;54.217718956000056
6411;01211121134013892021;01;0;02;000;2021;11;10;1;3;5;3;0;1;0;1;0;0;0;0;572245.672270024195313;6019195.799978831782937;10.110590799000022;54.315516000000059
6412;01210921171013192021;01;0;56;036;2021;09;12;3;3;0;7;0;0;1;0;0;0;0;0;544560.132890347391367;5947293.197386438027024;9.674514287000022;53.672473258000082
6413;01210805171013662021;01;0;56;044;2021;08;16;5;3;5;2;0;0;0;1;0;0;0;0;556194.243593649938703;5939217.869188021868467;9.849143952000077;53.598775195000030
6414;01211002161013002021;01;0;62;060;2021;10;09;7;3;2;2;0;0;0;1;0;0;0;0;581415.025713698938489;5929992.611942691728473;10.227767795000034;53.512561567000034
6415;01210729145013512021;01;0;58;139;2021;07;16;5;2;2;2;0;1;0;1;0;0;0;1;567316.144537827000022;6010805.380773665383458;10.032938499000068;54.240793097000051
6417;01211005152013302021;01;0;03;000;2021;10;16;3;3;2;6;0;1;0;1;0;0;0;0;609175.257490799762309;5967373.034086691215634;10.659386184000027;53.843381213000043
6418;01210802161013102021;01;0;53;083;2021;08;07;2;3;5;3;0;0;1;1;0;0;0;0;604994.191063081845641;5915355.661281261593103;10.578334719000054;53.376864160000082
6419;01211019125013262021;01;0;59;123;2021;10;12;3;3;4;6;0;0;0;1;0;0;0;0;506461.601644999347627;6066787.901651967316866;9.100384791000067;54.748301788000049