OBJECTID;UIDENTSTLAE;ULAND;UREGBEZ;UKREIS;UGEMEINDE;UJAHR;UMONAT;USTUNDE;UWOCHENTAG;UKATEGORIE;UART;UTYP1;ULICHTVERH;USTRZUSTAND;IstRad;IstPKW;IstFuss;IstKrad;IstGkfz;IstSonstige;LINREFX;LINREFY;XGCSWGS84;YGCSWGS84
6422;01210703145013042021;01;0;58;104;2021;07;12;7;2;1;5;0;0;1;1;0;0;0;0;566510.385814520530403;6019133.909044414758682;10.022427989000050;54.315739137000037
6423;01211022152013482021;01;0;03;000;2021;10;11;6;3;6;2;0;1;0;1;1;0;0;0;613362.715789926238358;5965230.009976649656892;10.722211214000026;53.823231214000032
6424;01211217161013072021;01;0;53;116;2021;12;06;6;3;0;7;2;1;1;0;0;0;0;0;597647.289348007179797;5929078.959870116785169;10.472190213000033;53.501587846000064
6425;01210904125013362021;01;0;54;079;2021;09;12;7;3;8;7;0;0;0;0;0;1;0;0;510647.003496797755361;6052752.719134163111448;9.164895182000066;54.622098420000043
6427;01211108181013722021;01;0;61;055;2021;11;06;2;3;8;1;2;1;0;0;0;1;0;0;531438.449370044283569;5965130.334057236090302;9.477713810000068;53.833746954000048
6428;01211025105132692021;01;0;56;043;2021;10;06;2;2;2;6;2;0;0;1;0;0;0;0;557199.766093690879643;5942792.103742474690080;9.864992778000044;53.630789762000063
6429;01210910181013962021;01;0;51;097;2021;09;12;6;3;5;3;0;0;0;1;0;0;0;0;507949.398792551830411;5982954.208945380523801;9.121258166000075;53.994838615000049
6430;01210826125013092021;01;0;54;168;2021;08;11;5;3;2;6;0;0;0;1;0;0;0;1;459171.767661680467427;6084035.443190991878510;8.363296682000055;54.901673508000044
6431;01210717105132252021;01;0;62;011;2021;07;06;7;3;8;6;0;0;0;1;0;0;0;1;581838.454045217484236;5942132.042422823607922;10.237332039000023;53.621586556000068
6432;01210817161013582021;01;0;53;030;2021;08;14;3;3;2;6;0;1;0;1;0;0;0;0;614839.026038335636258;5946011.569161958992481;10.737490532000038;53.650245641000026
6433;01210625152013342021;01;0;03;000;2021;06;17;6;3;2;6;0;0;0;1;0;0;0;0;610907.737126756459475;5967179.555264834314585;10.685636344000045;53.841275984000049
6434;01210721125013202021;01;0;54;076;2021;07;11;4;3;2;2;0;0;0;1;0;0;0;0;498059.567286483943462;6069555.406185081228614;8.969835723000074;54.773210527000060
6435;01211012145013812021;01;0;04;000;2021;10;16;3;3;0;7;0;1;1;0;0;0;0;0;564423.032849459908903;5995407.618078405037522;9.985258414000043;54.102796010000077
6436;01211223125013652021;01;0;59;075;2021;12;10;5;3;2;6;0;1;0;1;0;0;0;0;535103.944706131704152;6040347.620939416810870;9.542177848000051;54.509509852000065
6437;01211212171013932021;01;0;56;041;2021;12;16;1;3;9;7;2;1;0;1;0;0;0;0;559805.235000002197921;5954999.380999771878123;9.906742110000039;53.740208673000041
6438;01211130134013062021;01;0;02;000;2021;11;07;3;3;5;2;2;1;1;1;0;0;0;0;573208.050328714773059;6018208.337877230718732;10.125139655000055;54.306505873000049
6439;01211103161013192021;01;0;62;023;2021;11;13;4;3;5;3;0;0;1;1;0;0;0;0;584349.427575492300093;5946840.482584143057466;10.276562944000034;53.663499257000069
6440;01210903134013932021;01;0;02;000;2021;09;23;6;3;0;7;2;0;0;0;0;0;0;1;573316.532409852370620;6018621.538480365648866;10.126908001000061;54.310203216000048
6441;01210821171013842021;01;0;60;063;2021;08;13;7;3;0;7;0;0;1;0;0;0;0;0;562460.294348034076393;5946438.277007311582565;9.945265329000051;53.662957549000055
6442;01210617171013902021;01;0;56;050;2021;06;14;5;3;2;6;0;0;0;1;0;0;0;0;546909.887778905220330;5937211.275487666949630;9.708560446000035;53.581653464000055
6443;01210712125013492021;01;0;59;068;2021;07;17;2;2;2;2;0;0;0;0;0;1;0;1;556772.972312245517969;6055816.589303726330400;9.879808552000043;54.646550508000075
6444;01210619161013402021;01;0;53;046;2021;06;15;7;3;5;2;0;0;0;1;0;0;0;0;616877.807000061497092;5936221.003999689593911;10.764649256000041;53.561833405000073
6445;01210811125013052021;01;0;54;014;2021;08;07;4;3;2;6;0;0;0;1;0;0;0;0;497018.487588866613805;6053882.987069202587008;8.953812302000074;54.632359569000073
6447;01210813181013172021;01;0;61;027;2021;08;15;6;2;5;3;0;0;0;1;0;0;0;0;531808.510519401170313;5960155.899430440738797;9.482822676000069;53.789014804000033
6448;01210926125013562021;01;0;54;168;2021;09;11;1;3;0;7;0;0;1;0;0;0;0;0;458529.714890101924539;6083653.025778703391552;8.353339844000061;54.898184236000077
6449;01210724125013222021;01;0;59;008;2021;07;14;7;2;5;2;0;0;0;1;0;1;0;0;537755.442327608354390;6051243.218856846913695;9.584526409000034;54.607233845000053
6452;01211204145013832021;01;0;04;000;2021;12;16;7;3;2;6;2;1;0;1;1;0;0;0;565225.133009154349566;5992191.973893105983734;9.996830422000073;54.073797831000036
6453;01210907171013552021;01;0;56;015;2021;09;09;3;3;5;2;0;0;1;1;0;0;0;0;543377.921095314435661;5956278.936565989628434;9.657879122000054;53.753334352000081
6454;01211122152013132021;01;0;55;004;2021;11;19;2;3;0;3;2;0;1;1;0;0;0;0;611049.405482972972095;5974286.392882751300931;10.690361890000077;53.905094972000029
6455;01211115145013942021;01;0;04;000;2021;11;06;2;3;2;6;2;0;0;1;0;0;0;0;566814.641862703487277;5989914.654128961265087;10.020616615000051;54.053129227000056
6456;01211028161013542021;01;0;62;053;2021;10;10;5;3;5;3;0;0;0;1;0;0;1;0;577716.864691594615579;5933248.928480422124267;10.172819570000058;53.542384910000067
6457;01210915134013712022;01;0;02;000;2021;09;18;4;3;0;1;0;1;0;0;0;1;0;0;578289.133459331467748;6021028.362934904173017;10.203952409000067;54.331091563000030
6458;01210831125013242021;01;0;54;056;2021;08;14;3;3;2;6;0;0;0;1;0;0;0;0;503563.353273880667984;6031260.632950574159622;9.054927584000040;54.429046051000057
6459;01211119152013512021;01;0;55;042;2021;11;13;6;3;2;2;0;0;0;1;0;0;0;0;616752.371809162199497;5984057.443335473537445;10.780862511000066;53.991621647000045
6460;01210920134013062021;01;0;02;000;2021;09;09;2;2;1;5;0;0;1;1;0;0;0;0;577952.566053652204573;6020134.177420852705836;10.198544183000024;54.323108419000050
6462;01210804181013812021;01;0;51;011;2021;08;14;4;3;4;6;0;0;1;0;0;0;0;0;512388.607557925395668;5973308.349111983552575;9.188580883000043;53.908054807000042
6463;01210929161013022021;01;0;53;083;2021;09;18;4;3;5;3;0;1;1;1;0;0;0;0;603073.074379011988640;5914994.930581387132406;10.549349378000045;53.374001039000063
6464;01210728152013602021;01;0;03;000;2021;07;10;4;3;3;6;0;0;0;1;0;0;0;0;620423.223975209519267;5978531.324066795408726;10.834641845000021;53.941136127000050
6466;01211004125013422021;01;0;59;116;2021;10;18;2;3;5;3;1;0;1;1;0;0;0;0;533858.906999999657273;6062085.234999833628535;9.525459224000031;54.704942435000078
6467;01210731152013772021;01;0;03;000;2021;07;14;7;3;2;6;0;0;0;1;0;0;0;1;606750.624061399139464;5969523.716494802385569;10.623297692000051;53.863207964000082
6468;01211016125013292021;01;0;59;080;2021;10;15;7;3;5;3;0;0;0;1;0;0;0;0;545676.212588030844927;6051504.679676504805684;9.707186329000024;54.608929328000045
6470;01211229134013592022;01;0;02;000;2021;12;18;4;3;5;3;2;1;0;1;0;0;0;0;577425.844027282670140;6021479.147192517295480;10.190796731000034;54.335273782000058
6471;01210701145013902021;01;0;58;169;2021;07;20;5;3;8;1;0;0;0;0;0;1;0;0;560498.385000002570450;5991694.640999792143703;9.924503402000028;54.069905292000044
6472;01211021125013882021;01;0;54;113;2021;10;13;5;2;5;2;0;1;0;1;0;0;0;0;479956.347962913103402;6016786.570999588817358;8.692012695000074;54.298581599000045
6473;01211216181013512021;01;0;51;048;2021;12;18;5;3;2;2;2;1;0;1;0;0;0;0;505941.231794945895672;6002498.608884312212467;9.091009641000028;54.170526412000072
6474;01211108134013972021;01;0;02;000;2021;11;16;2;3;5;2;0;1;0;1;0;0;0;0;568511.449575669132173;6020115.533498246222734;10.053408924000053;54.324295355000061
6475;01211022171013122021;01;0;60;063;2021;10;17;6;3;2;7;0;1;0;1;0;0;0;0;567071.004365050233901;5948840.444563489407301;10.015550631000053;53.683974755000065
6476;01210910171013042021;01;0;56;049;2021;09;19;6;3;5;3;1;0;1;1;0;0;0;0;545009.259720661677420;5949148.570593692362309;9.681581453000035;53.689110431000074
6477;01210824171013572021;01;0;56;050;2021;08;08;3;3;4;6;0;0;1;0;0;0;0;0;547575.905918419361115;5937375.257184496149421;9.718644595000058;53.583067309000057
6478;01210714152013362021;01;0;03;000;2021;07;14;4;3;6;7;0;0;1;0;1;0;0;0;609238.358864965848625;5971201.104540195316076;10.661707359000047;53.877760664000050
6479;01210830105132072021;01;0;58;094;2021;08;05;2;3;3;6;1;0;0;1;0;0;0;0;558868.529582113958895;6005451.650679513812065;9.902282959000047;54.193722940000043
6480;01210623125013562021;01;0;54;084;2021;06;15;4;3;4;6;0;0;0;0;0;0;0;1;507874.642277254723012;6035727.624339330941439;9.121502962000022;54.469143408000036
6481;01210719171013192021;01;0;60;053;2021;07;11;2;2;5;3;0;0;0;1;0;1;0;0;582955.413692564703524;5970309.952340047806501;10.261780265000027;53.874621147000028
6483;01210629181013222021;01;0;51;084;2021;06;20;3;3;9;1;0;1;0;1;0;0;0;0;494385.390901165083051;6000554.309014651924372;8.914029888000073;54.153055375000065
6484;01211009181013772021;01;0;61;015;2021;10;16;7;2;2;2;0;0;1;0;0;0;0;0;530248.456194303929806;5964574.006986219435930;9.459577530000047;53.828817384000047
6485;01211222125013412021;01;0;01;000;2021;12;18;4;3;2;6;2;0;0;1;0;0;0;0;527831.997028562240303;6070236.025365760549903;9.432710432000022;54.778559257000040
6486;01211210161013812021;01;0;53;116;2021;12;16;6;3;5;3;2;1;1;1;0;0;0;0;597622.324000026099384;5928995.175999742001295;10.471787876000064;53.500839624000037
6487;01211127171013102022;01;0;56;039;2021;11;17;7;3;6;3;2;1;0;1;1;0;0;0;552579.403039624914527;5946280.261420320719481;9.795719905000055;53.662624314000027
6488;01211101134013402021;01;0;02;000;2021;11;13;2;3;0;3;0;0;0;1;0;1;0;0;573338.501654949970543;6019016.816767496988177;10.127342691000024;54.313751917000047
6489;01210902145013372021;01;0;04;000;2021;09;19;5;3;5;3;1;0;1;1;0;0;0;0;566263.103139173239470;5988452.098300933837891;10.011873761000061;54.040057238000031
6490;01211107134013932021;01;0;02;000;2021;11;14;1;3;3;3;0;1;0;1;0;0;0;0;572343.221916925162077;6017836.015373289585114;10.111760666000066;54.303283492000048
6491;01210820125013232021;01;0;54;109;2021;08;21;6;3;5;3;2;0;0;1;0;0;0;0;491474.962175510823727;6069315.190453860908747;8.867484429000058;54.770983146000049
6492;01210616181013812021;01;0;61;101;2021;06;19;4;3;5;3;0;0;1;1;0;0;0;0;535226.977376413531601;5962057.291565731167793;9.534926783000060;53.805884061000029
6493;01210709145013292021;01;0;04;000;2021;07;19;6;3;5;3;0;1;1;1;0;0;0;0;564496.157044041901827;5994892.254434464499354;9.986266667000052;54.098155569000028
6494;01210807171013682021;01;0;60;064;2021;08;11;7;3;1;5;0;0;0;1;0;0;0;0;560639.210106209851801;5967935.889445969834924;9.921931280000024;53.856373531000031
6496;01211008161013142022;01;0;62;045;2021;10;14;6;3;5;2;0;0;0;1;0;1;0;0;591641.799402174539864;5947214.104157602414489;10.387003422000021;53.665629396000043
6497;01210803171013482021;01;0;56;043;2021;08;07;3;3;4;6;0;0;1;0;0;0;0;0;557693.223922536708415;5943145.405970891937613;9.872519566000051;53.633910891000028
6498;01211020152013392021;01;0;03;000;2021;10;16;4;2;5;7;0;0;0;1;0;1;0;0;610930.151601807214320;5968063.719982307404280;10.686296126000059;53.849214760000052
6501;01210906171013592021;01;0;60;029;2021;09;04;2;3;5;3;2;0;1;1;0;0;0;0;581504.685675358399749;5967014.585107326507568;10.238844794000045;53.845238795000057
6503;01211113105132102021;01;0;55;033;2021;11;11;7;2;8;1;0;1;0;1;0;0;0;0;621752.255958523601294;6017915.829270111396909;10.870747320000021;54.294615755000052
6504;01211027152013382021;01;0;03;000;2021;10;07;4;3;5;3;1;0;1;0;0;0;1;0;610694.050737098790705;5968300.444402370601892;10.682794091000062;53.851391926000076
6505;01210914134013742021;01;0;02;000;2021;09;16;3;3;3;6;0;0;0;1;0;0;0;0;576288.270000007003546;6020331.735999803990126;10.173011643000052;54.325135030000069
6506;01210909152013162021;01;0;03;000;2021;09;18;5;3;0;7;0;0;1;0;0;0;0;0;609656.839080007746816;5971104.600834719836712;10.668035696000061;53.876805373000082
6507;01210820134013852021;01;0;02;000;2021;08;14;6;3;2;6;0;1;0;1;0;0;0;0;572783.459015827625990;6023426.116043973714113;10.119888712000034;54.353451971000027
6508;01210627181013892021;01;0;51;082;2021;06;15;1;2;0;7;0;0;1;0;0;0;0;0;509566.055815963074565;5999856.685685336589813;9.146451808000052;54.146726978000061
6509;01210928125013932021;01;0;01;000;2021;09;17;3;3;5;3;0;0;1;1;0;0;0;0;530293.781993931159377;6069562.129365377128124;9.470912644000066;54.772360795000054
6510;01210727145013232021;01;0;58;034;2021;07;13;3;3;6;4;0;0;1;0;1;0;0;0;543878.775108559057117;6018718.384362574666739;9.674497040000062;54.314451452000071
6512;01211014171013902021;01;0;56;021;2021;10;18;5;3;8;7;1;0;0;1;0;0;0;0;560149.144000003114343;5949513.754999769851565;9.910889798000028;53.690868654000042
6514;01211228152013222021;01;0;03;000;2021;12;07;3;3;5;3;2;2;0;1;0;0;0;0;612344.360203553922474;5967851.869615826755762;10.707706165000047;53.847007507000058
6515;01211216145013842021;01;0;04;000;2021;12;15;5;3;1;5;0;0;0;1;0;0;0;0;563574.412986399605870;5992482.652664078399539;9.971667664000051;54.076616385000079
6516;01211202171013342021;01;0;60;005;2021;12;09;5;3;5;3;0;2;0;1;0;0;0;0;586592.200913613662124;5976359.814537025988102;10.318792456000040;53.928389171000049
6517;01210923134013502021;01;0;02;000;2021;09;13;5;3;0;7;0;1;1;0;0;0;0;0;571343.988309553824365;6019619.308368356898427;10.096833788000026;54.319448342000044
6518;01210824134013762021;01;0;57;076;2021;08;15;3;3;2;6;0;0;0;1;0;0;0;0;595630.891207837499678;6026274.739323714748025;10.472234707000041;54.375272334000044
6519;01210618125013922021;01;0;54;168;2021;06;17;6;3;0;7;0;0;1;0;0;0;0;0;455892.829483024775982;6084721.372128160670400;8.312061552000046;54.907558551000079
6520;01210714134013532021;01;0;02;000;2021;07;12;4;3;5;3;0;0;1;0;0;0;0;0;572067.660617336630821;6020449.652764517813921;10.108157691000031;54.326807968000082
6521;01210621145013862021;01;0;04;000;2021;06;16;2;3;6;4;0;1;0;1;1;0;0;0;565365.514459704980254;5991868.240266783162951;9.998905658000069;54.070870824000053
6522;01210811152013572021;01;0;55;041;2021;08;12;4;3;2;6;0;0;0;1;0;0;0;0;608533.807358140125871;5997110.608864175155759;10.660231854000074;54.110683931000040
6524;01210815134013582021;01;0;02;000;2021;08;16;1;3;5;2;0;0;1;1;0;0;0;0;573325.336201992817223;6022355.315533941611648;10.127961025000047;54.343752496000036
6525;01210927171013432021;01;0;60;063;2021;09;16;2;3;5;2;0;0;0;1;0;0;1;1;565521.013989425264299;5948551.706763826310635;9.992024495000067;53.681576520000078
6526;01211219161013652021;01;0;53;020;2021;12;00;1;3;0;7;2;0;0;0;0;0;0;1;607354.103875214233994;5926945.793134037405252;10.617745164000041;53.480529652000030
6527;01211210125013222022;01;0;59;051;2021;12;11;6;2;2;6;0;0;0;1;0;0;0;0;531186.106990153901279;6032780.765063900500536;9.480871368000066;54.441763524000066
6528;01211126125013002021;01;0;54;056;2021;11;08;6;3;2;6;0;1;0;1;0;0;0;0;503445.790000000037253;6037515.997999818995595;9.053188230000046;54.485265249000065
6529;01211118105132442021;01;0;62;027;2021;11;06;5;3;3;1;2;1;0;1;0;0;0;1;588403.329980664886534;5953149.106475360691547;10.339696369000023;53.719518454000081
6530;01211030161013582021;01;0;53;023;2021;10;19;7;3;5;3;2;0;0;1;0;0;0;0;591403.447096925228834;5927478.423942413181067;10.377618828000038;53.488327397000035
6531;01210918181013212021;01;0;51;038;2021;09;09;7;2;4;6;0;1;0;1;0;0;0;0;499007.099163098260760;6016656.049121392890811;8.984743569000045;54.297800751000068
6532;01210901152013862021;01;0;03;000;2021;09;19;4;3;0;3;0;0;1;1;0;0;0;0;610720.844424700364470;5963752.597546137869358;10.681563478000044;53.810527020000052
6533;01211105181013262021;01;0;51;108;2021;11;13;6;2;4;6;0;0;0;1;0;0;0;1;498221.146000000648201;6012110.239999802783132;8.972694021000052;54.256943161000038
6534;01211105134013512022;01;0;57;057;2021;11;09;6;3;2;2;0;0;0;1;0;0;0;1;591241.671000018715858;6002916.625999789685011;10.397566158000075;54.166208810000057
6535;01210923125013952021;01;0;59;183;2021;09;17;5;3;2;6;0;1;0;1;0;0;0;0;522386.038785072974861;6069573.714418863877654;9.347991731000036;54.772879749000026
6536;01210806134013342021;01;0;02;000;2021;08;11;6;3;2;6;0;0;0;1;0;0;0;1;571508.252610202878714;6020633.828555434942245;10.099601791000055;54.328541611000048
6537;01211002125013272021;01;0;54;024;2021;10;13;7;2;8;7;0;1;0;1;0;0;0;0;501687.155090721324086;6050865.797237114980817;9.026118967000059;54.605250105000039
6538;01210729125013752021;01;0;54;042;2021;07;11;5;3;5;3;0;0;1;1;0;0;0;0;501750.104259552434087;6041974.164782661944628;9.027040556000031;54.525340181000047
6540;01211006171013872021;01;0;56;049;2021;10;17;4;2;5;3;0;1;1;1;0;0;0;0;544476.989186468534172;5948146.954732909798622;9.673378191000040;53.680153725000082
6541;01210802145013192021;01;0;04;000;2021;08;14;2;3;1;5;0;0;1;1;0;0;0;0;564156.650899115018547;5991997.240229452028871;9.980462322000051;54.072182040000030
6542;01211019125013052021;01;0;54;042;2021;10;10;3;3;2;6;0;1;0;1;0;0;0;1;502493.335000000894070;6040236.806999821215868;9.038509391000048;54.509723193000070
6545;01210704181013052021;01;0;51;132;2021;07;18;1;3;5;3;0;0;0;1;0;0;0;1;492171.018127603456378;6000848.656037047505379;8.880116148000070;54.155671888000029
6546;01211022134013102021;01;0;57;082;2021;10;08;6;3;7;7;1;1;0;1;0;0;0;0;599321.737346122972667;6022755.520408378913999;10.527859276000072;54.342948939000053
6547;01211217161013962021;01;0;62;060;2021;12;18;6;3;5;3;0;1;0;1;0;0;0;0;583005.152649446390569;5931852.430128753185272;10.252234081000040;53.529026179000027
6548;01210905125013742021;01;0;54;001;2021;09;03;1;2;8;1;2;0;0;0;0;0;0;1;502824.863766507245600;6071363.247333386912942;9.043930471000067;54.789452936000032
6550;01211110161013042021;01;0;62;083;2021;11;23;4;3;8;1;2;1;0;1;0;0;0;0;597244.419618302956223;5959508.056392451748252;10.475631975000056;53.775083082000037
6551;01211026105132112021;01;0;62;025;2021;10;10;3;3;3;6;0;0;0;1;0;0;1;0;604092.944327805191278;5967439.725868443027139;10.582194482000034;53.845023628000035
6552;01210913134013422021;01;0;02;000;2021;09;12;2;3;5;2;0;0;0;1;0;0;0;1;573529.056775230914354;6019084.261094074696302;10.130287841000040;54.314330548000044
6553;01210827145013152021;01;0;58;004;2021;08;11;6;3;2;6;0;1;0;1;0;0;0;1;556722.891670310869813;6033606.850010357797146;9.874752312000055;54.446978450000074
6554;01210717171013472021;01;0;60;002;2021;07;20;7;3;5;3;0;0;0;1;0;0;0;0;560370.983775002881885;5960857.965927373617887;9.916464525000038;53.792795283000032
6555;01210818134013002021;01;0;02;000;2021;08;17;4;3;5;2;0;0;1;1;0;0;0;0;573231.226227509789169;6019844.327269688248634;10.125897047000024;54.321203077000064
6556;01210626134013552021;01;0;57;057;2021;06;14;7;3;2;6;0;0;0;1;0;0;0;0;592276.228102827444673;6002097.438946403563023;10.413156515000026;54.158663568000065
6557;01210707125013792021;01;0;59;120;2021;07;11;4;3;0;7;0;0;0;0;0;0;0;1;524647.269000000320375;6070020.990999838337302;9.383179782000070;54.776793313000042
6558;01210725105132042021;01;0;55;033;2021;07;14;1;3;2;6;0;1;0;1;0;0;0;1;621742.660811045207083;6017750.417396176606417;10.870532614000069;54.293132198000080
6560;01211013145013242021;01;0;58;137;2021;10;15;4;3;0;1;0;1;1;0;0;0;0;0;553047.193784702569246;6048668.831944625824690;9.820783504000076;54.582725825000068
6561;01211223152013322022;01;0;55;043;2021;12;16;5;3;8;1;2;2;0;1;0;0;0;0;618114.018815456889570;6017116.424652222543955;10.814560799000049;54.288288588000057
6562;01211215152013642021;01;0;03;000;2021;12;17;4;3;2;2;2;1;0;1;0;0;0;0;608276.655054826289415;5969167.849440384656191;10.646367163000036;53.859694668000031
6563;01211201161013962021;01;0;62;083;2021;12;17;4;3;9;1;2;1;0;1;0;0;0;0;597048.455667811445892;5959456.631327308714390;10.472643232000053;53.774657568000066
6564;01210823125013182021;01;0;54;056;2021;08;08;2;3;0;1;0;0;1;0;0;0;0;0;502658.045715617015958;6039855.475327033549547;9.041049900000075;54.506295270000066
6565;01210617125013862021;01;0;54;073;2021;06;22;5;3;3;6;1;0;0;1;0;0;0;0;501806.703391043469310;6075895.187687547877431;9.028124969000032;54.830184839000026
6566;01210712152013472021;01;0;55;040;2021;07;20;2;3;6;4;0;0;0;1;1;0;0;0;608498.512598138302565;5972285.018401548266411;10.650841860000071;53.887654173000044
6567;01210619152013212021;01;0;55;027;2021;06;13;7;3;6;4;0;0;0;1;1;0;0;0;623170.222447536885738;6009511.118555404245853;10.889066619000062;54.218779521000044
6568;01210810171013852021;01;0;56;018;2021;08;14;3;3;6;2;0;1;0;1;1;0;0;0;555233.614019824191928;5942535.014432223513722;9.835217914000054;53.628690301000063
6570;01210813145013992021;01;0;04;000;2021;08;19;6;3;5;2;0;0;0;1;0;1;0;0;564239.582798137329519;5990574.086562192067504;9.981427882000048;54.059382537000033
6571;01210926171013252021;01;0;60;063;2021;09;11;1;3;5;3;0;0;0;1;0;0;0;0;565140.015957508236170;5948533.431208595633507;9.986253078000061;53.681459910000058
6572;01210724161013032021;01;0;53;083;2021;07;14;7;2;8;1;0;0;0;0;0;1;0;0;605180.601077429018915;5915148.432929513975978;10.581066796000073;53.374965050000071
6573;01211207145013582021;01;0;58;063;2021;12;07;3;3;2;6;2;1;0;1;0;0;0;1;566461.388520671986043;6009097.608877649530768;10.019446635000065;54.225558482000054
6574;01211124134013922021;01;0;02;000;2021;11;13;4;3;2;6;0;0;0;1;0;0;0;0;573226.633509331382811;6022762.210563749074936;10.126543000000026;54.347422895000079
6575;01211116145013232021;01;0;58;058;2021;11;23;3;3;5;2;2;1;0;1;0;0;0;0;564016.390748042613268;6030037.527454681694508;9.986440803000050;54.414038259000051
6576;01211029161013502021;01;0;53;020;2021;10;12;6;3;2;6;0;0;0;1;0;0;0;0;607148.196553012356162;5927767.947313401848078;10.614924252000037;53.487958760000026
6577;01210917105132032021;01;0;59;010;2021;09;16;6;3;8;6;0;0;0;1;0;0;0;0;530111.636617394164205;6048579.497281843796372;9.465917250000075;54.583809182000039
6578;01210831181013462021;01;0;51;028;2021;08;06;3;3;2;6;0;0;0;0;0;1;0;1;504255.964424806647003;5997718.196160390973091;9.065126746000033;54.127578297000071
6579;01211122105132292021;01;0;59;075;2021;11;08;2;3;0;1;0;2;1;0;0;0;0;0;535037.688496587797999;6040014.238871773704886;9.541114984000046;54.506518413000038
6580;01210921171013092021;01;0;56;039;2021;09;12;3;3;6;2;0;0;0;1;1;0;0;0;552405.559646854177117;5946451.838761674240232;9.793118245000073;53.664183828000034
6581;01210804145013902021;01;0;57;010;2021;08;09;4;3;2;6;0;0;0;1;0;0;0;1;574878.144627968780696;6011398.037511302158237;10.149097760000075;54.245068515000071
6582;01210929145013402021;01;0;04;000;2021;09;08;4;3;5;3;0;0;0;1;0;0;0;1;563249.568944773636758;5988482.892314920201898;9.965869255000030;54.040712331000066
6583;01210728171013772021;01;0;60;063;2021;07;14;4;3;5;3;0;0;0;1;0;0;0;0;567533.044281145557761;5949000.257303975522518;10.022580149000021;53.685351471000047
6585;01211004152013512021;01;0;03;000;2021;10;13;2;3;3;6;0;0;0;1;0;0;0;0;612122.309100178070366;5971938.605626091361046;10.705825914000059;53.883771280000076
6586;01210801105132982022;01;0;60;041;2021;08;13;1;3;2;6;0;1;0;1;0;1;0;0;583638.817326575517654;5975423.997490685433149;10.273569101000021;53.920465496000077
6587;01211015171013662021;01;0;56;015;2021;10;07;6;2;5;2;1;1;0;1;0;0;1;0;543679.147000000812113;5958777.290999775752425;9.662800782000033;53.775763580000046
6589;01211230125013372021;01;0;59;053;2021;12;04;5;3;8;7;2;1;0;0;0;0;0;1;534476.454108026809990;6029548.261781988665462;9.531228396000074;54.412500822000027
6590;01210702125013522021;01;0;54;016;2021;07;15;6;3;4;6;0;0;0;1;0;0;0;0;488063.302003066986799;6075421.107005542144179;8.814201399000069;54.825785516000053
6591;01211021145013962021;01;0;58;104;2021;10;15;5;3;0;7;0;0;1;0;0;0;0;0;565857.094597245566547;6019091.100390966981649;10.012377598000057;54.315439136000066
6592;01211216152013792021;01;0;55;041;2021;12;06;5;3;4;6;2;1;1;0;0;0;0;0;610016.897708226926625;5990257.973062554374337;10.680418574000043;54.048805365000078
6594;01211108152013922021;01;0;55;001;2021;11;05;2;2;9;1;2;1;0;1;0;0;0;0;606039.834709149785340;5988799.397533420473337;10.619189920000053;54.036534371000073
6595;01211025152013122021;01;0;03;000;2021;10;12;2;3;2;2;0;0;1;1;0;0;0;0;610122.513686265796423;5969908.838477885350585;10.674686606000023;53.865963703000034
6596;01210911171013992021;01;0;56;029;2021;09;05;7;3;8;1;2;1;0;1;0;0;0;0;542748.640558013692498;5951426.944458035752177;9.647665357000051;53.709777872000075
6597;01210825171013402021;01;0;62;076;2021;08;14;4;3;5;3;0;1;1;0;0;0;0;0;571437.348000005818903;5954559.681999772787094;10.082969925000043;53.734793396000043
6598;01210716152013372021;01;0;03;000;2021;07;11;6;3;5;2;0;0;1;0;0;0;0;1;611548.838656425476074;5969586.536514015868306;10.696249845000068;53.862763537000035
6599;01210817105132142021;01;0;58;132;2021;08;16;3;3;2;6;0;1;0;1;0;0;0;1;546916.071635834872723;6021014.431598974391818;9.721542928000076;54.334815342000070
6600;01210625134013572021;01;0;57;085;2021;06;20;6;3;8;7;0;0;1;0;0;0;0;0;578365.411137457005680;5996733.607786180451512;10.198783944000070;54.112776789000065
6601;01210722125013082021;01;0;59;152;2021;07;18;5;2;8;1;0;0;0;0;0;1;0;0;561600.757122093811631;6067616.603870399296284;9.957106296000063;54.752014483000039
6602;01210808161013912021;01;0;53;083;2021;08;08;1;3;4;6;0;1;0;1;0;0;0;0;604949.814584888517857;5915517.796145329251885;10.577721759000042;53.378329830000041
6603;01211002171013742021;01;0;60;026;2021;10;20;7;3;9;6;2;0;0;1;0;0;0;0;578418.813428728841245;5988502.913560036569834;10.197469933000036;54.038808987000039
6604;01210731134013012021;01;0;57;009;2021;07;11;7;2;5;2;0;0;0;0;0;1;0;1;596550.133057551458478;5997326.791061311960220;10.477059192000070;54.115014925000082
6606;01211008152013082021;01;0;03;000;2021;10;07;6;3;5;2;0;0;1;1;0;0;0;0;609414.279739354737103;5970945.314539184793830;10.664290903000051;53.875425500000063
6607;01210804105132232022;01;0;58;098;2021;08;07;4;3;3;6;0;0;0;1;0;0;0;0;562934.345074007287621;6000176.728052102029324;9.963488419000043;54.145837646000075
6608;01211020145013902021;01;0;58;172;2021;10;13;4;3;2;6;0;1;0;1;0;0;0;1;542919.491999999620020;6014622.797999808564782;9.659164059000034;54.277726456000039
6611;01210704152013052021;01;0;55;039;2021;07;17;1;3;2;6;0;0;0;1;0;1;0;0;612933.403273731470108;5994476.891998445615172;10.726515786000050;54.086076515000059