OBJECTID;UIDENTSTLAE;ULAND;UREGBEZ;UKREIS;UGEMEINDE;UJAHR;UMONAT;USTUNDE;UWOCHENTAG;UKATEGORIE;UART;UTYP1;ULICHTVERH;USTRZUSTAND;IstRad;IstPKW;IstFuss;IstKrad;IstGkfz;IstSonstige;LINREFX;LINREFY;XGCSWGS84;YGCSWGS84
6612;01211009152013562021;01;0;55;018;2021;10;07;7;3;0;7;0;0;0;0;0;0;0;1;632044.406027109362185;6010869.439315095543861;11.025676829000076;54.228770257000065
6613;01210904125013422021;01;0;01;000;2021;09;10;7;2;0;7;0;0;1;0;0;0;0;0;530140.157000000588596;6074300.825999837368727;9.469017340000050;54.814953994000064
6615;01211111152013152021;01;0;03;000;2021;11;06;5;3;5;2;2;1;1;1;0;0;0;0;610142.929000046104193;5969932.406999731436372;10.675005386000066;53.866171118000068
6616;01211026161013242021;01;0;62;001;2021;10;05;3;3;5;3;2;1;0;1;0;0;0;0;579159.406851512379944;5944377.893551532179117;10.197408225000061;53.642180722000035
6617;01210913125013502021;01;0;59;161;2021;09;15;2;2;6;7;0;0;0;1;1;0;0;0;543142.086783075705171;6063079.325100822374225;9.669663086000071;54.713165515000071
6618;01210827125013882021;01;0;54;168;2021;08;13;6;3;5;2;0;0;1;1;0;0;0;0;455736.584446117281914;6084630.237178850919008;8.309638812000060;54.906725802000039
6619;01210718171013222021;01;0;56;041;2021;07;10;1;3;3;6;0;0;1;1;0;0;0;0;564634.101175588555634;5957536.923562064766884;9.980474934000028;53.762437313000078
6620;01210818181013172021;01;0;51;074;2021;08;19;4;3;5;3;0;1;1;1;0;0;0;0;504494.882075846195221;5993490.646957613527775;9.068719913000052;54.089580118000072
6621;01210626161013072021;01;0;62;039;2021;06;17;7;3;8;6;0;0;0;0;0;1;0;0;602344.721341120079160;5962060.855664478614926;10.553843240000049;53.797042522000027
6622;01210708105132702021;01;0;60;073;2021;07;19;5;2;3;1;0;1;0;1;0;0;0;1;562107.742061948403716;5971009.956457030028105;9.944877356000063;53.883826255000031
6623;01210725125013492021;01;0;59;019;2021;07;00;1;3;8;7;2;0;0;1;0;0;0;0;531954.711576837114990;6036630.486682346090674;9.493138036000062;54.476312826000026
6625;01211013181013042021;01;0;61;097;2021;10;08;4;3;2;6;0;0;0;1;0;0;0;1;528698.946982041932642;5989425.384777076542377;9.438371298000050;54.052263097000036
6626;01211224171013082022;01;0;60;058;2021;12;11;6;3;9;1;0;2;0;0;0;0;0;1;573714.091505909338593;5960974.746317936107516;10.119009436000056;53.792125940000062
6627;01211214152013252021;01;0;03;000;2021;12;16;3;3;6;7;2;1;0;1;1;0;0;0;609588.931760785169899;5969595.485795635730028;10.666464041000040;53.863261367000064
6628;01211202105132092022;01;0;60;073;2021;12;03;5;3;9;7;2;2;0;1;0;0;0;0;561894.311247227713466;5971770.190665682777762;9.941784380000058;53.890683893000073
6629;01210823125013282021;01;0;59;183;2021;08;09;2;3;2;6;0;0;0;1;0;0;0;1;519185.258053947240114;6072091.353822687640786;9.298402823000060;54.795637327000065
6630;01210618152013432021;01;0;03;000;2021;06;05;6;3;5;2;0;0;0;1;0;0;0;0;606193.949509406462312;5970013.412566520273685;10.615005856000039;53.867721833000076
6631;01210712125013082021;01;0;54;125;2021;07;12;2;3;5;3;0;0;1;0;0;0;0;1;500606.230220939032733;6067147.807182712480426;9.009418902000050;54.751577360000056
6632;01210622125013142021;01;0;54;088;2021;06;09;3;3;5;3;0;0;1;1;0;0;0;0;488896.732000000774860;6071279.387999838218093;8.827332709000075;54.788584424000078
6633;01210811105132802021;01;0;62;011;2021;08;16;4;3;2;6;0;0;0;1;0;0;0;1;581592.999724911525846;5941534.928974704816937;10.233465457000023;53.616258951000077
6635;01210813152013852021;01;0;55;004;2021;08;13;6;3;4;6;0;0;1;0;0;0;0;0;611008.561670482158661;5974100.847185447812080;10.689673186000050;53.903436750000026
6636;01210927125013272021;01;0;54;056;2021;09;07;2;3;2;6;1;0;0;1;0;0;0;0;502913.280474501661956;6038926.273435177281499;9.044982480000044;54.497942981000051
6637;01211206161013012021;01;0;62;009;2021;12;12;2;3;5;3;0;1;0;1;0;0;1;0;579472.511772500351071;5936839.140669589862227;10.200220535000028;53.574386028000049
6638;01211124171013602021;01;0;56;022;2021;11;09;4;3;8;1;0;0;0;1;0;0;0;0;552551.026809079572558;5959833.342096481472254;9.797592221000059;53.784435003000056
6639;01211116125013972021;01;0;54;033;2021;11;10;3;3;5;3;0;0;1;1;0;0;0;0;505327.948134628124535;6025306.453983660787344;9.082021207000025;54.375518605000082
6640;01211029134013842021;01;0;02;000;2021;10;16;6;3;2;6;0;0;0;1;0;0;0;0;572268.727658322080970;6019229.362844215705991;10.110953268000060;54.315814325000076
6641;01210917152013962021;01;0;03;000;2021;09;14;6;3;5;3;0;0;1;1;0;0;0;0;612960.285000054165721;5969781.181999722495675;10.717773872000066;53.864207056000055
6642;01210831134013352022;01;0;02;000;2021;08;15;3;3;5;3;0;0;0;1;0;0;0;1;574036.950718933716416;6018603.268871754407883;10.137974218000068;54.309935121000080
6643;01211120105132242021;01;0;53;028;2021;11;00;7;3;2;6;2;1;0;1;0;0;0;0;588291.637492768466473;5923916.589708302170038;10.329731175000063;53.456851023000070
6644;01210922145013132021;01;0;04;000;2021;09;12;4;3;5;3;0;0;1;1;0;0;0;0;564194.938733627088368;5991148.327839093282819;9.980867531000058;54.064548522000052
6645;01210806105132432021;01;0;61;022;2021;08;05;6;2;8;7;0;0;0;0;0;0;0;1;535215.822236489504576;5971181.057600198313594;9.535803515000055;53.887886993000052
6646;01211002134013842021;01;0;57;057;2021;10;14;7;3;2;6;0;0;0;1;0;0;0;0;591903.954773870296776;6001641.921665137633681;10.407318393000025;54.154637515000047
6647;01210730145013592021;01;0;58;092;2021;07;15;6;3;5;3;0;0;1;0;0;0;0;0;571259.798578711226583;6022580.828926632180810;10.096247393000056;54.346071650000056
6649;01211005171013182021;01;0;56;015;2021;10;16;3;3;5;3;0;0;1;1;0;0;0;0;545548.944499938748777;5955757.360155826434493;9.690725867000026;53.748461394000060
6650;01210802125013782021;01;0;59;158;2021;08;06;2;3;5;2;0;0;0;1;0;0;0;0;510369.509268947876990;6069065.939131537452340;9.161177533000057;54.768708488000073
6651;01211018134013802021;01;0;02;000;2021;10;07;2;3;2;6;1;1;0;1;0;0;0;0;575064.115750563330948;6018738.306561073288321;10.153792535000036;54.310998581000035
6653;01211230134013262022;01;0;57;009;2021;12;10;5;2;5;3;0;1;0;1;0;0;0;0;596609.742532907985151;5999358.361442448571324;10.478620596000042;54.133256858000038
6654;01210702152013772021;01;0;03;000;2021;07;14;6;3;2;6;0;0;0;1;0;0;0;0;615529.641118288971484;5973055.492564953863621;10.758059609000043;53.893057595000073
6655;01211022125013912021;01;0;54;134;2021;10;12;6;3;5;2;0;1;0;1;0;0;0;0;479994.850115405395627;6016798.803173815831542;8.692603484000074;54.298693043000071
6656;01211216161013562021;01;0;53;020;2021;12;19;5;3;5;3;2;1;1;1;0;0;0;0;605960.240089703351259;5927835.952626319602132;10.597050158000059;53.488810331000082
6658;01211109134013022022;01;0;57;091;2021;11;08;3;2;5;2;0;1;0;1;0;0;0;0;581267.202909548766911;6015358.045628748834133;10.248195557000031;54.279676379000080
6659;01211024161013962021;01;0;62;089;2021;10;01;1;3;9;7;2;0;0;1;0;0;0;0;590843.089000019244850;5952919.731999764218926;10.376590469000064;53.717038344000059
6660;01210910171013862021;01;0;60;044;2021;09;13;6;3;2;6;0;1;0;1;0;0;0;0;562212.185056102462113;5966389.813845068216324;9.945529335000060;53.842292991000079
6661;01210825161013622021;01;0;62;004;2021;08;23;4;3;9;1;2;1;0;1;0;0;0;0;592813.704000021331012;5961309.501999765634537;10.408963419000031;53.792078497000034
6662;01210716134013412021;01;0;57;088;2021;07;10;6;3;2;2;0;0;0;1;0;0;0;0;587083.899828178808093;6029811.456528374925256;10.341732433000061;54.408581833000028
6663;01210817125013322021;01;0;59;075;2021;08;14;3;3;5;7;0;0;0;1;0;0;0;1;535351.535140014253557;6039402.959715057164431;9.545888498000068;54.501003213000047
6664;01210624105132382021;01;0;55;035;2021;06;23;5;2;3;6;2;0;0;1;0;0;0;0;614682.456007761880755;5979118.454677848145366;10.747448013000053;53.947714438000048
6665;01210721171013262021;01;0;56;015;2021;07;16;4;3;2;6;0;0;0;1;0;0;0;0;543457.570873216725886;5955815.721944319084287;9.659021856000038;53.749164484000062
6666;01211011152013212021;01;0;03;000;2021;10;17;2;3;5;2;0;0;1;1;0;0;0;0;610858.903674310073256;5967891.203434351831675;10.685151304000044;53.847680039000068
6667;01211222134013982022;01;0;57;057;2021;12;16;4;3;2;6;0;0;0;1;0;0;0;0;593208.860180338844657;6002488.232119135558605;10.427555219000055;54.162006378000058
6668;01211212171013432021;01;0;56;009;2021;12;07;1;3;1;5;2;1;0;1;0;0;0;0;552827.867547415196896;5948210.588179292157292;9.799808202000065;53.679948154000044
6669;01211129181013512021;01;0;61;072;2021;11;13;2;3;0;7;0;1;1;0;0;0;0;0;536222.365374725311995;5972139.903465222567320;9.551230541000052;53.896435454000027
6670;01211103171013982021;01;0;56;024;2021;11;16;4;2;2;6;0;0;0;1;0;0;0;0;544438.747847714461386;5943002.389419933781028;9.672063389000073;53.633918579000067
6671;01210903125013662021;01;0;59;083;2021;09;19;6;3;2;2;0;0;0;1;0;1;0;0;550139.008327800780535;6054511.037803629413247;9.776789767000025;54.635521681000057
6672;01210821171013072021;01;0;56;048;2021;08;19;7;3;5;3;0;0;0;1;0;0;0;0;549748.938977794721723;5952167.650609722360969;9.753833338000049;53.715814813000065
6673;01210617171013202021;01;0;60;027;2021;06;23;5;2;9;7;2;0;0;1;0;0;0;0;563987.107068694196641;5981505.852441787719727;9.975662352000029;53.977921509000055
6674;01210711152013382021;01;0;55;044;2021;07;17;1;3;5;3;0;0;0;0;0;1;0;1;610018.522185298614204;5989523.183594472706318;10.680177008000044;54.042203684000071
6675;01210621105132692021;01;0;51;099;2021;06;10;2;3;8;1;0;1;0;1;0;0;0;0;517426.692000000737607;5993511.495999794453382;9.266427342000043;54.089492180000036
6676;01210809145013892021;01;0;04;000;2021;08;22;2;3;8;7;2;1;0;1;0;0;0;0;564753.602826699614525;5995264.237278262153268;9.990282479000030;54.101466039000059
6678;01210924125013682021;01;0;54;073;2021;09;06;6;3;7;7;1;0;0;1;0;0;0;0;502705.221260797232389;6076796.775471141561866;9.042120637000039;54.838283062000073
6679;01210722145013022021;01;0;04;000;2021;07;13;5;3;2;2;0;0;0;1;0;0;0;0;563960.119043685495853;5993900.441512960940599;9.977861321000034;54.089309570000069
6682;01211206125013422021;01;0;59;161;2021;12;15;2;3;5;3;1;1;0;1;0;0;0;0;541261.376257873140275;6067205.720745161175728;9.641057356000033;54.750404103000051
6683;01210907161013402021;01;0;53;090;2021;09;15;3;3;2;6;0;0;0;1;0;0;0;0;611143.632865537889302;5942527.229137530550361;10.680362132000027;53.619738361000032
6684;01211123105132482021;01;0;56;018;2021;11;16;3;3;2;6;2;1;0;1;0;0;0;0;539742.540106745436788;5966067.377035198733211;9.604010470000048;53.841600045000064
6685;01211113181013042021;01;0;51;034;2021;11;09;7;3;5;3;0;1;0;1;0;0;0;0;489884.886000001803041;5986714.847999790683389;8.845581573000061;54.028600874000063
6686;01211028171013902021;01;0;56;046;2021;10;10;5;3;9;2;0;0;0;0;0;0;0;1;549004.522854731418192;5953587.550325909629464;9.742779285000040;53.728646706000063
6687;01210916105132722021;01;0;62;061;2021;09;22;5;3;2;6;2;1;0;1;0;0;1;1;599286.707682644948363;5964561.511104593053460;10.508239543000059;53.820103583000048
6688;01210830125013322021;01;0;54;118;2021;08;16;2;3;2;2;0;0;0;1;0;0;0;0;506270.107000000774860;6037640.773999821394682;9.096786175000034;54.486359594000078
6689;01211119105132862021;01;0;60;063;2021;11;11;6;3;2;6;0;1;0;1;0;0;0;1;562399.795787716284394;5950114.932791603729129;9.945089340000038;53.696007530000031
6690;01210920171013402021;01;0;56;015;2021;09;14;2;3;0;1;0;0;1;0;0;0;0;0;543098.445256600156426;5956790.492322498932481;9.653712223000070;53.757955247000041
6692;01210804161013262021;01;0;62;060;2021;08;14;4;3;2;6;0;0;0;1;0;0;0;1;585107.244797234423459;5931997.703366531059146;10.283977561000029;53.529995397000050
6693;01210929171013822021;01;0;56;039;2021;09;12;4;3;5;2;0;0;1;0;0;0;0;1;553122.248204602859914;5943754.432832257822156;9.803502529000070;53.639868417000059
6694;01210728134013262021;01;0;02;000;2021;07;00;4;3;5;3;2;1;0;1;0;0;0;0;574446.177986537106335;6020314.758880576118827;10.144689658000061;54.325254475000065
6696;01211005125013432021;01;0;59;128;2021;10;23;3;3;9;1;2;0;0;1;0;0;0;0;519388.076259943656623;6052267.873383773490787;9.300238633000049;54.617481174000034
6697;01210802105132662021;01;0;54;116;2021;08;16;2;3;8;1;0;0;0;0;0;1;0;0;512510.633409232832491;6028856.542854556813836;9.192744180000034;54.407298496000067
6698;01211017145013802021;01;0;58;135;2021;10;16;1;3;5;3;0;1;1;1;0;0;0;0;543513.188859695568681;6017235.749526133760810;9.668661726000039;54.301158532000045
6700;01211229105132712022;01;0;59;057;2021;12;12;4;2;2;6;0;1;0;1;0;0;0;0;530221.456000000238419;6045515.386999826878309;9.467301349000024;54.556266196000081
6701;01210701134013962021;01;0;57;008;2021;07;10;5;2;6;4;0;1;0;1;1;0;0;0;566659.403785597532988;5992864.869283853098750;10.018894565000039;54.079661125000030
6702;01211020161013432021;01;0;62;087;2021;10;08;4;3;8;1;1;0;0;1;0;0;0;0;600244.643462115898728;5969630.811317982152104;10.524439672000028;53.865467308000063
6703;01211215171013782022;01;0;56;049;2021;12;22;4;2;3;6;2;1;1;0;0;0;0;0;544729.084411082789302;5949939.332011481747031;9.677453140000068;53.696241663000080
6704;01211108105132982021;01;0;62;061;2021;11;07;2;3;9;7;0;1;0;0;0;0;1;0;603757.809309567324817;5967159.775397829711437;10.577008069000044;53.842575391000082
6705;01211023181013302021;01;0;51;044;2021;10;20;7;3;9;7;2;0;0;0;0;0;0;1;510975.505641634576023;6004116.945449929684401;9.168184939000071;54.184988435000037
6706;01210910134013022021;01;0;02;000;2021;09;13;6;3;2;6;0;1;0;1;0;0;0;0;577385.038810324855149;6020587.571987474337220;10.189937969000027;54.327268742000058
6707;01210825125013002021;01;0;59;045;2021;08;17;4;3;2;6;0;1;0;1;0;0;0;0;559396.602845096960664;6057925.671274965628982;9.920889627000065;54.665200136000067
6708;01210716105132092021;01;0;58;024;2021;07;12;6;3;9;7;0;0;0;1;0;0;0;0;545653.017214544117451;6022273.693509586155415;9.702312369000026;54.346246564000069
6709;01210829125013012021;01;0;01;000;2021;08;00;1;3;0;7;2;1;0;0;0;0;0;1;528223.613879028707743;6072060.409247484058142;9.438976337000042;54.794932172000074
6710;01210623134013472021;01;0;02;000;2021;06;12;4;3;1;7;0;0;1;0;0;0;0;0;573544.682841122150421;6019137.170650225132704;10.130541026000060;54.314803727000026
6711;01210720152013442021;01;0;03;000;2021;07;17;3;2;0;7;0;0;1;0;0;0;0;0;612376.959209487773478;5967447.794049153104424;10.708053632000031;53.843370178000043
6713;01210629125013662021;01;0;59;113;2021;06;09;3;1;5;2;0;0;0;1;0;1;0;0;533677.806024480611086;6076655.615452466532588;9.524339116000021;54.835889675000033
6714;01211010125013752021;01;0;59;171;2021;10;19;1;3;5;2;2;0;0;1;0;1;0;0;525754.764965589158237;6057334.747652033343911;9.399275088000024;54.662731270000052
6715;01211221181013892021;01;0;61;061;2021;12;06;3;2;1;5;2;1;0;1;0;1;0;0;537803.922576502896845;5970821.311930533498526;9.575134582000032;53.884471536000035
6716;01211210145013552021;01;0;04;000;2021;12;15;6;3;5;3;1;0;0;1;0;0;0;0;564535.830748236738145;5998449.514621265232563;9.987632889000054;54.130117596000048
6717;01211127171013342021;01;0;56;028;2021;11;15;7;2;8;1;0;1;0;1;0;0;0;0;548094.173115476034582;5942608.615940535441041;9.727280141000051;53.630056347000050
6718;01211101161013092021;01;0;62;090;2021;11;11;2;3;5;3;0;0;1;1;0;0;0;0;575917.217000007629395;5948438.670999767258763;10.149368662000029;53.679153788000065
6719;01210902134013652021;01;0;57;021;2021;09;15;5;3;5;3;0;0;0;1;0;0;0;0;598647.544877481646836;6017145.439966099336743;10.515638246000037;54.292677178000076
6720;01211108105132012021;01;0;56;015;2021;11;06;2;3;2;6;0;1;0;1;0;0;0;0;546847.032674857415259;5955908.223502418026328;9.710431927000059;53.749702250000041
6721;01211023145013282021;01;0;04;000;2021;10;14;7;3;5;2;0;0;1;1;0;0;0;0;564800.216000004671514;5991801.456999797374010;9.990254003000075;54.070342091000043
6722;01210616145013942021;01;0;58;012;2021;06;09;4;3;5;2;0;0;0;1;0;0;0;1;555827.548931580968201;6040407.432846115902066;9.862230975000045;54.508188893000067
6723;01210708152013882021;01;0;03;000;2021;07;05;5;3;5;3;0;0;1;0;0;0;0;0;610660.725252547301352;5973364.713045047596097;10.684115198000029;53.896897558000035
6724;01210808134013062021;01;0;57;021;2021;08;17;1;2;5;3;0;1;0;1;0;0;0;0;598649.634388008154929;6017145.768349129706621;10.515670446000058;54.292679725000028
6726;01211008134013732021;01;0;57;028;2021;10;16;6;2;5;3;0;0;1;1;0;0;0;0;588770.388936029747128;6025906.874160883948207;10.366542262000053;54.373208657000077
6727;01210804105132232021;01;0;55;029;2021;08;16;4;3;3;7;0;0;0;1;0;0;0;0;623894.261458680965006;6008066.291644748300314;10.899568695000028;54.205626606000067
6728;01211019152013382021;01;0;55;035;2021;10;18;3;3;6;2;2;1;0;1;1;0;0;0;613978.482170712202787;5975689.128618685528636;10.735447721000071;53.917061264000040
6731;01210906171013612021;01;0;60;069;2021;09;10;2;2;0;2;0;0;0;1;0;1;0;0;589195.641674038954079;5980803.690452877432108;10.359728929000028;53.967877622000060
6733;01211112171013992021;01;0;56;041;2021;11;14;6;3;6;4;0;0;1;0;1;0;0;0;559242.619838645681739;5953732.246413512155414;9.897970375000057;53.728884891000064
6734;01211027134013292021;01;0;02;000;2021;10;18;4;3;8;7;2;0;1;1;0;0;0;0;574114.496853200718760;6021777.618863893672824;10.139954363000072;54.338447476000056
6735;01210914145013002022;01;0;58;137;2021;09;14;3;3;0;1;0;0;1;0;0;0;0;0;553031.647920425981283;6048693.243308208882809;9.820547403000035;54.582946819000028
6736;01210909145013382021;01;0;60;052;2021;09;21;5;3;0;7;2;0;0;1;0;0;0;0;569482.462982615455985;5984858.568733036518097;10.060204390000024;54.007340909000050
6737;01210827181013102021;01;0;51;062;2021;08;17;6;3;5;2;0;0;0;1;0;0;0;0;499015.442877511493862;5984222.828625805675983;8.984977686000036;54.006301086000065
6738;01210820145013572021;01;0;58;135;2021;08;13;6;3;2;6;0;1;0;1;0;1;0;0;543110.348868093453348;6017872.043603222817183;9.662563619000025;54.306910971000036
6739;01210628134013582021;01;0;02;000;2021;06;13;2;3;6;7;0;0;0;1;1;0;0;0;572301.320483991876245;6019960.693986065685749;10.111631358000068;54.322381267000083
6740;01210708171013772021;01;0;56;039;2021;07;14;5;3;2;6;0;0;0;1;0;0;0;0;553644.457512951456010;5945715.235387599095702;9.811738758000047;53.657437949000041
6741;01210928134013462021;01;0;57;073;2021;09;10;3;3;6;4;0;0;0;1;0;0;0;1;588875.090588365681469;6027761.469076877459884;10.368707890000053;54.389853531000028
6742;01210727125013732021;01;0;59;075;2021;07;15;3;3;1;5;0;0;1;0;0;0;0;1;535558.195684719830751;6039228.761819159612060;9.549058544000047;54.499423291000028
6744;01211014152013802022;01;0;03;000;2021;10;17;5;3;0;7;0;1;1;0;0;0;0;0;609964.091892578639090;5970396.820522207766771;10.672453462000021;53.870381457000065
6746;01211223171013802022;01;0;60;063;2021;12;02;5;3;8;3;2;1;0;1;0;0;1;0;567468.826157070696354;5955331.455502562224865;10.022987549000050;53.742257719000065
6747;01211215161013232021;01;0;62;090;2021;12;19;4;3;5;3;2;0;1;1;0;0;0;0;579563.494493084959686;5951343.920901488512754;10.205304883000053;53.704719103000059
6748;01210706181013702021;01;0;61;102;2021;07;17;3;2;3;6;0;0;0;1;0;1;0;0;527287.176283143460751;5975483.778674835339189;9.415558019000059;53.927036846000078
6749;01211202145013182021;01;0;04;000;2021;12;05;5;3;2;6;2;1;0;1;0;0;0;0;564011.520317630842328;5991314.772052783519030;9.978100588000075;54.066067091000036
6750;01210922181013682021;01;0;51;110;2021;09;16;4;3;5;3;0;0;0;1;0;0;0;0;513123.164434863254428;5989773.539856238290668;9.200471623000055;54.056024042000047
6751;01210824125013202021;01;0;01;000;2021;08;18;3;3;5;2;0;0;1;1;0;0;0;0;530673.816999999806285;6073206.475999841466546;9.477205506000075;54.805087367000056
6752;01210618145013292021;01;0;58;171;2021;06;17;6;3;9;1;0;0;0;0;0;1;0;0;559419.060000001452863;6011682.372999802231789;9.911952907000057;54.249651507000067
6753;01210714134013052021;01;0;02;000;2021;07;07;4;3;4;6;0;0;1;0;0;0;0;0;572636.704867361113429;6021092.393641199916601;10.117062363000059;54.332502787000067
6754;01210621171013842021;01;0;60;005;2021;06;18;2;3;8;1;0;1;0;1;0;0;0;0;584736.741000015288591;5977422.299999780952930;10.290836593000051;53.938243300000067
6755;01210812125013902021;01;0;01;000;2021;08;16;5;3;5;3;0;0;1;1;0;0;0;0;527877.490872049704194;6071819.643064552918077;9.433569927000065;54.792787886000042
6756;01210706152013802021;01;0;55;012;2021;07;20;3;3;3;6;0;0;0;1;0;0;0;0;610066.647321652621031;5994929.304166683927178;10.682874729000048;54.090761691000068
6758;01210814125013912021;01;0;54;134;2021;08;19;7;2;8;1;0;0;0;1;0;0;0;0;482644.454169430769980;6019854.801159946247935;8.733138788000076;54.326255246000073
6759;01210927171013052021;01;0;60;037;2021;09;21;2;2;9;1;2;1;0;1;0;0;0;0;554776.785947176627815;5966300.543584946542978;9.832520847000069;53.842327925000063
6760;01211220171013822021;01;0;56;044;2021;12;16;2;2;4;6;1;0;1;0;0;0;0;0;554413.293527506291866;5938931.124465363100171;9.822185299000068;53.596385972000064
6761;01211208105132122021;01;0;60;019;2021;12;16;4;2;2;6;2;0;0;1;0;0;0;0;562515.046803331002593;5957756.235660245642066;9.948379023000030;53.764666850000026
6762;01211126181013342021;01;0;51;044;2021;11;15;6;3;5;3;0;0;1;0;0;0;0;1;506321.233828756026924;6005311.654210845008492;9.096889711000074;54.195804481000039
6763;01211118134013522022;01;0;02;000;2021;11;13;5;3;2;6;0;1;0;1;0;0;0;1;576766.316179942339659;6017139.652239581570029;10.179539788000056;54.296380752000061
6764;01211031181013042021;01;0;61;092;2021;10;11;1;2;0;1;0;1;0;0;0;1;0;1;539142.324379832483828;5967742.780141392722726;9.595102433000022;53.856703568000057
6765;01210918181013812021;01;0;51;075;2021;09;19;7;3;5;2;1;0;0;1;0;0;0;0;500111.018114523030818;6010237.129114110022783;9.001703470000052;54.240111575000071
6766;01210901134013872021;01;0;02;000;2021;09;09;4;2;5;3;0;0;1;1;0;0;0;0;573222.388000005856156;6019844.055999804288149;10.125761126000043;54.321201908000035
6767;01211106171013842021;01;0;56;018;2021;11;00;7;3;5;3;2;1;0;1;0;0;0;0;557498.097471243701875;5942459.507367078214884;9.869442217000028;53.627767890000030
6768;01211105125013652021;01;0;01;000;2021;11;21;6;3;2;6;2;1;0;1;0;0;0;0;529813.743534609675407;6070574.900658378377557;9.463554837000061;54.781490756000039
6769;01210923125013792021;01;0;01;000;2021;09;13;5;3;5;3;0;1;1;0;0;0;1;0;526450.635370940901339;6068294.557484475895762;9.411057830000061;54.761186881000071
6770;01210807125013102021;01;0;54;096;2021;08;11;7;3;8;7;0;0;0;1;0;0;0;0;511572.185570674948394;6031941.813856858760118;9.178406508000023;54.435048778000066
6771;01211001161013252021;01;0;53;032;2021;10;16;6;3;2;2;0;0;0;1;0;1;0;0;591132.513045323081315;5922458.154274966567755;10.372080899000025;53.443261533000054
6772;01210729145013992021;01;0;04;000;2021;07;16;5;3;2;6;0;1;0;1;0;0;0;1;564325.280967745929956;5990754.483648048713803;9.982775206000042;54.060992988000066
6774;01211005152013962021;01;0;03;000;2021;10;17;3;3;2;6;0;1;0;1;0;0;0;0;614160.648268721066415;5968795.014642015099525;10.735651675000042;53.855084744000067
6775;01210802171013932021;01;0;56;018;2021;08;14;2;3;0;7;0;0;1;0;0;0;0;0;555073.722783946432173;5942302.134211728349328;9.832759182000075;53.626614128000028
6776;01211018171013402021;01;0;60;067;2021;10;22;2;2;9;1;2;0;0;0;0;1;0;0;600078.303423591889441;5975533.570302397012711;10.523839576000057;53.918535119000069
6779;01210704145013812021;01;0;58;082;2021;07;13;1;3;9;7;0;0;0;0;0;1;0;0;558630.142341143451631;6046739.246217312291265;9.906770369000071;54.564770148000036
6780;01211022105132492021;01;0;56;039;2021;10;14;6;3;2;6;0;1;0;1;0;0;0;0;553357.779155274853110;5947177.697602313011885;9.807652544000064;53.670611198000074
6781;01211218161013742022;01;0;62;053;2021;12;15;7;3;2;6;0;1;0;1;0;0;0;1;578092.669285182841122;5933267.229362012818456;10.178494064000063;53.542493631000070
6782;01210904181013542021;01;0;51;086;2021;09;12;7;3;5;3;0;0;0;1;0;0;0;0;524212.464412606321275;6005135.808095414191484;9.371102208000025;54.193691459000036
6784;01211110125013422021;01;0;59;094;2021;11;16;4;3;8;1;2;1;0;1;0;0;0;0;550869.067855827510357;6049738.999854905530810;9.787271035000060;54.592566383000076
6785;01211026152013142021;01;0;55;004;2021;10;18;3;3;5;2;2;1;0;1;0;0;0;0;611100.862383854575455;5974478.905250078067183;10.691214656000056;53.906813504000070
6786;01210913145013162021;01;0;58;117;2021;09;07;2;3;5;2;0;0;1;1;0;0;0;0;556136.818767574615777;6002683.052953090518713;9.859902747000035;54.169148849000067
6787;01210826105132832021;01;0;56;041;2021;08;19;5;2;2;6;0;0;0;1;0;0;0;1;561989.969959938898683;5953356.878705350682139;9.939532112000052;53.725192172000050
6788;01210718152013702021;01;0;55;044;2021;07;00;1;2;5;2;2;0;0;1;0;1;0;0;614675.714831737801433;5987458.057990381494164;10.750484963000076;54.022636837000050
6789;01210817125013942021;01;0;54;056;2021;08;11;3;3;0;7;0;0;1;0;0;0;0;0;503307.156442251056433;6036118.415033193305135;9.051032684000063;54.472705821000034
6790;01210625181013782021;01;0;61;046;2021;06;11;6;3;2;2;0;0;0;1;0;0;0;0;534015.310000000521541;5976006.938999783247709;9.518075232000058;53.931340628000044
6791;01210707152013882021;01;0;55;038;2021;07;12;4;3;5;3;0;0;0;1;0;0;0;0;613306.826000052504241;6008982.697999738156796;10.737672248000024;54.216308358000049
6792;01210724171013342021;01;0;60;007;2021;07;22;7;3;0;7;2;0;1;0;0;0;0;0;578070.287359657697380;5974360.797607660293579;10.188526500000023;53.911780615000055
6794;01211012181013382021;01;0;51;081;2021;10;10;3;3;4;6;0;0;0;0;0;0;1;0;497985.276178833097219;6003169.846309447661042;8.969133322000062;54.176589692000050
6795;01211222161013242021;01;0;62;069;2021;12;18;4;3;5;3;2;1;0;1;0;0;0;0;586257.420000014826655;5944390.050999760627747;10.304750652000052;53.641168158000028
6796;01211213125013432021;01;0;54;019;2021;12;12;2;3;8;6;0;1;0;1;0;0;0;1;497592.516713739372790;6053521.999660883098841;8.962707762000036;54.629118451000068
6797;01211130171013282021;01;0;56;050;2021;11;08;3;2;6;2;2;1;0;1;1;0;0;0;547754.936059374362230;5937419.978486817330122;9.721355493000033;53.583452984000076
6798;01211103152013002021;01;0;03;000;2021;11;11;4;2;1;6;0;0;0;1;0;1;0;0;610981.445019097998738;5968598.397392025217414;10.687268725000024;53.854007474000070