OBJECTID;UIDENTSTLAE;ULAND;UREGBEZ;UKREIS;UGEMEINDE;UJAHR;UMONAT;USTUNDE;UWOCHENTAG;UKATEGORIE;UART;UTYP1;ULICHTVERH;USTRZUSTAND;IstRad;IstPKW;IstFuss;IstKrad;IstGkfz;IstSonstige;LINREFX;LINREFY;XGCSWGS84;YGCSWGS84
6799;01210823105132112021;01;0;56;039;2021;08;15;2;3;2;6;0;0;0;1;0;0;0;0;553026.439533283933997;5947582.850117228925228;9.802706964000038;53.674286233000032
6800;01210618105132162021;01;0;62;061;2021;06;21;6;3;9;1;1;1;0;1;0;0;0;0;598239.761985398828983;5964528.952239595353603;10.492331230000048;53.820009905000063
6801;01210712181013412021;01;0;61;046;2021;07;15;2;3;5;2;0;0;1;1;0;0;0;0;534760.697000000625849;5975937.756999786943197;9.529419561000054;53.930669343000034
6802;01210620125013732021;01;0;01;000;2021;06;21;1;3;5;3;1;0;0;1;0;0;0;0;525904.226823582313955;6067655.498944099992514;9.402509586000065;54.755472420000046
6803;01210810134013912021;01;0;02;000;2021;08;17;3;3;2;6;0;0;1;0;0;0;0;0;572957.403839271515608;6021029.829286411404610;10.121977964000052;54.331894853000051
6805;01210813161013462021;01;0;62;001;2021;08;20;6;3;0;7;1;0;1;0;0;0;0;0;581010.422547594644129;5947119.422220487147570;10.226115456000059;53.666533869000034
6806;01210925152013702021;01;0;03;000;2021;09;23;7;3;0;7;2;0;1;0;0;0;0;0;610140.030485576018691;5969962.295649940147996;10.674972057000048;53.866440261000037
6807;01210723171013772022;01;0;60;088;2021;07;13;6;3;9;1;0;0;0;0;0;1;0;0;574747.691000007092953;5969996.226999778300524;10.136890093000034;53.873049175000062
6809;01211206161013042021;01;0;62;060;2021;12;03;2;3;0;1;2;2;0;0;0;1;0;0;583020.678000011481345;5931862.041999753564596;10.252470787000050;53.529110104000040
6810;01210908134013842021;01;0;02;000;2021;09;17;4;3;4;7;0;0;0;1;0;0;0;0;573682.332552687264979;6023649.366439664736390;10.133771556000056;54.355328917000065
6811;01211123171013862021;01;0;56;015;2021;11;15;3;3;5;2;0;1;0;1;0;0;0;1;543675.975546163506806;5958778.379218671470881;9.662752815000033;53.775773626000046
6812;01211116161013992021;01;0;53;105;2021;11;06;3;3;2;6;2;1;0;1;0;0;0;0;594589.997119638137519;5932894.100472344085574;10.427264477000051;53.536428826000076
6813;01211030145013472021;01;0;58;164;2021;10;09;7;2;0;7;0;0;0;0;0;0;0;1;536317.292632320895791;5999131.285875227302313;9.555899857000043;54.139013047000049
6814;01210915161013592021;01;0;53;100;2021;09;11;4;3;2;6;0;0;0;1;0;0;0;0;617329.084485827013850;5951505.086043348535895;10.777221565000048;53.699047378000046
6815;01210831161013502021;01;0;62;014;2021;08;14;3;3;2;2;0;0;0;1;0;0;0;1;582623.171847640536726;5951805.260775787755847;10.251766948000068;53.708389589000035
6816;01211120125013822021;01;0;59;045;2021;11;10;7;3;5;3;0;0;0;1;0;0;0;0;559937.033581797033548;6057256.175883511081338;9.929129986000021;54.659120255000062
6817;01210921125013002021;01;0;59;174;2021;09;06;3;3;5;3;0;0;0;0;0;1;0;1;521834.641000001691282;6061511.934999832883477;9.338815313000055;54.700455592000083
6818;01210804145013332021;01;0;58;031;2021;08;05;4;2;5;3;0;0;0;1;0;0;0;0;541290.524044978432357;6003139.955116275697947;9.632568201000026;54.174663973000065
6819;01210930134013792021;01;0;02;000;2021;09;21;5;3;8;1;2;1;0;1;0;0;0;0;575575.128170299343765;6018051.916281834244728;10.161471721000055;54.304755581000052
6820;01210729125013332021;01;0;59;050;2021;07;17;5;3;2;2;0;0;0;1;0;0;0;0;531156.805767380632460;6028550.072783073410392;9.479975114000069;54.403744230000029
6822;01211004145013392021;01;0;58;053;2021;10;17;2;3;2;6;0;0;0;1;0;0;0;0;570686.842459809035063;6013056.558083608746529;10.085181392000038;54.260567757000047
6823;01210706145013172021;01;0;04;000;2021;07;08;3;3;5;2;0;0;0;1;0;0;0;0;563517.160000003874302;5989049.665999788790941;9.970073539000055;54.045772794000072
6824;01210731152013392021;01;0;55;046;2021;07;15;7;3;4;6;0;1;0;1;0;0;0;0;640700.986629990860820;6033810.332870891317725;11.169195701000035;54.432498314000043
6825;01211017152013362021;01;0;55;001;2021;10;16;1;2;5;3;0;1;1;1;0;0;0;0;603438.591160102747381;5983810.395637409761548;10.577789515000063;53.992238930000042
6827;01211231152013062022;01;0;55;032;2021;12;12;6;3;0;7;0;1;0;1;0;1;0;0;618474.676685201935470;5996692.145769832655787;10.812051974000042;54.104731699000070
6828;01210703171013742021;01;0;60;030;2021;07;16;7;3;2;2;0;0;0;1;0;0;0;0;586117.411034293472767;5982570.630888475105166;10.313316455000063;53.984276395000052
6829;01211020152013892021;01;0;03;000;2021;10;11;4;3;5;3;0;0;1;1;0;0;0;0;609885.718726333230734;5970286.043552190065384;10.671222352000029;53.869402804000060
6830;01211217125013842021;01;0;59;075;2021;12;17;6;3;3;6;2;1;1;1;0;0;0;0;535896.385476370342076;6040823.947441678494215;9.554474377000076;54.513734979000048
6832;01211108171013732021;01;0;56;031;2021;11;18;2;3;5;2;2;1;1;1;0;0;0;0;546243.471000000834465;5956707.595999775454402;9.701399394000020;53.756940598000028
6833;01211025134013462021;01;0;02;000;2021;10;18;2;3;5;2;2;1;1;0;0;1;0;0;572980.163164713419974;6021034.963605735450983;10.122329152000077;54.331937734000064
6834;01210910171013922021;01;0;60;039;2021;09;22;6;3;5;3;2;1;0;1;0;0;0;0;564589.667657712474465;5960657.513267198577523;9.980454450000025;53.790487369000061
6835;01210824161013572021;01;0;53;100;2021;08;17;3;3;5;3;0;0;0;1;0;1;0;0;618171.495557251386344;5950951.970841528847814;10.789764145000049;53.693888267000034
6836;01210716134013552021;01;0;57;062;2021;07;16;6;3;2;6;0;0;0;1;0;1;0;0;583188.319873531349003;6010471.711307020857930;10.276337477000027;54.235462252000048
6837;01210829145013042021;01;0;58;169;2021;08;21;1;2;5;3;2;0;0;1;0;0;0;0;560498.385000002570450;5991694.640999792143703;9.924503402000028;54.069905292000044
6838;01210624134013632021;01;0;02;000;2021;06;01;5;3;0;1;2;0;0;0;0;0;0;1;572651.526890334673226;6021097.389200013130903;10.117291476000048;54.332545566000078
6839;01210722125013362021;01;0;59;187;2021;07;15;5;3;0;7;0;0;1;0;0;0;0;0;552980.586399715393782;6048779.953603906556964;9.819773072000032;54.583731361000048
6840;01211010161013202021;01;0;62;016;2021;10;20;1;3;7;7;2;0;0;0;0;1;0;0;583245.753973298706114;5956660.950446905568242;10.262503530000060;53.751924603000077
6841;01211221125013502021;01;0;59;093;2021;12;16;3;3;8;7;2;1;0;0;0;0;0;1;538138.615343688987195;6055756.482343107461929;9.591046041000027;54.647763497000028
6842;01211211152013232021;01;0;55;035;2021;12;15;7;3;2;6;0;1;0;1;0;0;0;0;613969.239469448104501;5975663.064776523038745;10.735297350000053;53.916829142000040
6843;01211129145013462021;01;0;58;117;2021;11;09;2;3;4;6;0;1;0;1;0;0;0;1;556105.033710054121912;6000823.104926949366927;9.859069645000034;54.152437596000027
6844;01211101161013822021;01;0;62;071;2021;11;07;2;3;5;2;0;0;0;1;0;0;0;0;580859.219708635471761;5941407.554012717679143;10.222342407000042;53.615228090000073
6845;01210904105132092021;01;0;58;024;2021;09;14;7;3;2;6;0;0;0;1;0;0;0;0;545856.937625139951706;6022043.395567478612065;9.705413716000066;54.344158647000029
6846;01210820171013292022;01;0;56;015;2021;08;23;6;3;0;7;2;0;0;1;0;0;0;0;545888.233000000938773;5955663.452999770641327;9.695856636000030;53.747587633000080
6847;01210616171013132021;01;0;56;002;2021;06;09;4;3;5;3;0;0;0;1;0;0;0;1;551680.631297531537712;5959921.144046349450946;9.784397903000070;53.785311249000074
6848;01210710145013602021;01;0;58;096;2021;07;15;7;3;0;7;0;0;1;0;0;0;0;0;559142.080854272469878;6024010.392359867691994;9.910143270000049;54.360467204000031
6849;01210809145013412021;01;0;58;077;2021;08;19;2;3;5;3;0;0;1;0;0;0;0;0;542353.440999999642372;5993812.408999793231487;9.647542171000055;54.090749375000030
6851;01210923161013042021;01;0;62;001;2021;09;23;5;3;0;1;2;1;0;0;0;1;0;0;582088.302044921554625;5947795.544102512300014;10.242604048000032;53.672441584000069
6852;01210722181013302021;01;0;61;044;2021;07;18;5;3;5;3;0;0;0;1;0;1;0;0;542148.949078174307942;5959363.289056329056621;9.639662797000028;53.781156450000026
6855;01211204152013232021;01;0;03;000;2021;12;13;7;3;2;6;0;0;0;1;0;0;0;0;611943.809003332629800;5968391.867389384657145;10.701817323000057;53.851945418000071
6856;01210907145013972021;01;0;58;091;2021;09;12;3;3;8;1;0;0;0;0;0;1;0;0;559787.038972712121904;5997015.619344873353839;9.914685906000045;54.117806001000076
6857;01211122125013152021;01;0;54;041;2021;11;17;2;3;2;6;2;0;0;1;0;0;0;0;512222.835787658579648;6049905.824443584308028;9.189182023000058;54.596477815000071
6858;01211115134013502021;01;0;02;000;2021;11;07;2;3;5;2;1;0;0;1;0;0;1;0;574551.468942266888916;6014555.851260295137763;10.144871519000048;54.273491466000053
6859;01211027171013042021;01;0;60;005;2021;10;14;4;3;2;6;0;1;0;1;0;0;0;0;584874.649099490605295;5977331.180533967912197;10.292911508000032;53.937401935000082
6860;01210914161013672021;01;0;53;014;2021;09;04;3;3;2;6;2;0;0;0;0;0;0;1;607359.182809720747173;5940449.608574470505118;10.622455420000051;53.601860575000046
6861;01210830134013762021;01;0;02;000;2021;08;11;2;3;2;6;0;0;0;1;0;0;0;1;573000.754742365330458;6017943.023640759289265;10.121889554000063;54.304151499000056
6862;01211118152013712022;01;0;55;046;2021;11;21;5;3;0;3;2;1;1;0;0;1;0;0;642592.145813839510083;6035150.174053678289056;11.198972892000029;54.444004135000057
6863;01210816161013782021;01;0;53;047;2021;08;16;2;2;4;6;0;1;0;1;0;0;0;0;598125.158709573559463;5922530.523329935967922;10.477346917000034;53.442656503000080
6864;01210928181013582021;01;0;51;044;2021;09;13;3;3;5;3;0;0;0;1;0;0;0;0;505401.765361798927188;6005114.613409506157041;9.082792891000054;54.194044063000035
6865;01210727125013872021;01;0;54;132;2021;07;18;3;3;2;6;0;0;0;1;0;0;0;0;503432.016862414777279;6031497.982198467478156;9.052905837000026;54.431180076000032
6867;01211014152013802021;01;0;03;000;2021;10;06;5;3;5;2;2;1;1;1;0;0;0;0;611912.941000049002469;5968433.089999726042151;10.701363306000076;53.852322421000054
6869;01211227145013912021;01;0;58;018;2021;12;07;2;3;5;2;2;2;0;1;0;0;0;0;566153.083108090795577;6009029.879168234765530;10.014703455000074;54.224989757000060
6870;01211216152013482021;01;0;55;032;2021;12;14;5;3;5;2;0;0;1;1;0;0;0;0;617319.121518260799348;5996128.080467872321606;10.794168757000023;54.099929248000080
6871;01211023181013842021;01;0;51;044;2021;10;23;7;3;2;6;2;0;0;1;0;0;0;0;505719.359936816617846;6005263.230832472443581;9.087663485000064;54.195376336000038
6872;01210909171013752021;01;0;56;039;2021;09;09;5;2;5;2;0;0;1;1;0;0;0;0;552572.063746877945960;5946280.487161528319120;9.795608884000046;53.662627081000039
6873;01210824125013712022;01;0;54;056;2021;08;12;3;3;5;3;0;0;1;1;0;0;0;0;503051.623667120933533;6036211.532984664663672;9.047090524000055;54.473544292000042
6874;01210714171013302021;01;0;56;041;2021;07;12;4;2;2;2;0;0;0;1;0;0;0;0;559733.844319219700992;5952626.272642206400633;9.905201592000026;53.718889253000043
6875;01210623161013232021;01;0;62;006;2021;06;16;4;3;2;6;0;0;0;1;0;0;0;0;582606.724460646510124;5953175.641778958961368;10.251883456000030;53.720706711000048
6876;01210719161013192021;01;0;62;060;2021;07;12;2;3;2;6;0;0;0;1;0;0;0;0;581381.229970008134842;5930684.995807180181146;10.227438101000075;53.518788965000056
6877;01210812171013452021;01;0;56;049;2021;08;15;5;3;2;6;0;0;0;1;0;0;0;0;544108.641571074724197;5948259.225852655246854;9.667817817000071;53.681194016000063
6879;01210815181013192021;01;0;51;011;2021;08;13;1;3;1;5;0;0;1;1;0;0;0;0;510674.739425430074334;5971895.355952201411128;9.162443027000052;53.895392920000063
6880;01210629105132912021;01;0;58;146;2021;06;19;3;2;9;1;0;1;0;1;0;0;0;0;552474.195063115097582;6018904.032174471765757;9.806643692000023;54.315308820000041
6881;01211009125013032022;01;0;59;067;2021;10;12;7;3;8;1;0;1;0;0;0;1;0;0;554202.828417668119073;6058923.333292651921511;9.840560145000040;54.674750303000053
6882;01211220152013082021;01;0;03;000;2021;12;11;2;3;0;7;0;0;0;1;0;0;0;1;614839.314015290699899;5970742.852908853441477;10.746693538000045;53.872434376000058
6883;01211209171013902022;01;0;60;005;2021;12;17;5;3;2;2;2;1;0;1;0;0;0;0;585231.414000013843179;5977671.307999778538942;10.298439548000033;53.940399607000074
6884;01211126145013432021;01;0;04;000;2021;11;17;6;3;5;3;2;0;0;1;0;0;0;0;565397.266685455106199;5991791.871366374194622;9.999374326000066;54.070180510000057
6885;01211118134013562021;01;0;02;000;2021;11;17;5;3;6;2;2;1;0;1;1;0;0;0;574742.092633888125420;6018256.890747677534819;10.148723417000042;54.306719980000082
6886;01211030161013612021;01;0;53;090;2021;10;13;7;3;5;3;0;0;1;1;0;0;0;0;611847.762847211211920;5944221.613828938454390;10.691611534000060;53.634811771000045
6887;01210901181013552021;01;0;61;044;2021;09;14;4;3;5;2;0;0;0;1;0;0;0;0;541193.642398156225681;5962828.920576032251120;9.625629199000059;53.812380923000035
6888;01211105171013042021;01;0;60;004;2021;11;09;6;3;5;2;0;0;0;1;0;0;0;0;559970.685349973849952;5975644.972765590995550;9.913278008000077;53.925732248000031
6889;01211105134013352021;01;0;57;091;2021;11;12;6;2;2;6;0;0;0;1;0;0;0;0;582915.171202170662582;6012749.046546900644898;10.272777593000058;54.255969158000028
6890;01210807134013552021;01;0;02;000;2021;08;16;7;3;2;6;0;0;0;1;0;0;0;1;573595.662887633778155;6018621.351576466113329;10.131197392000047;54.310161389000029
6892;01211007171013842021;01;0;60;005;2021;10;21;5;2;0;6;2;0;0;1;0;0;0;0;583720.997827921994030;5976897.882963391020894;10.275223815000061;53.933696261000080
6893;01210803152013702021;01;0;55;035;2021;08;23;3;2;9;1;2;0;0;1;0;0;0;0;610660.474870581179857;5983575.587568756192923;10.687811399000054;53.988633225000058
6894;01211019152013522021;01;0;03;000;2021;10;07;3;3;3;6;0;1;0;1;0;0;0;0;607155.305152350105345;5969095.610098792240024;10.629299240000023;53.859278275000065
6897;01210629152013332021;01;0;55;046;2021;06;19;3;3;5;3;0;1;0;1;0;0;0;0;640352.853717805817723;6035368.625407677143812;11.164570875000038;54.446589305000032
6898;01211012125013682021;01;0;54;056;2021;10;12;3;3;5;3;0;1;0;1;0;0;0;0;500977.213617339730263;6039337.106947293505073;9.015090020000059;54.501642636000042
6899;01211221134013052021;01;0;02;000;2021;12;11;3;3;6;4;0;0;1;0;1;0;0;0;574328.863485664129257;6019982.177277775481343;10.142803371000070;54.322283113000026
6900;01211210161013782021;01;0;62;036;2021;12;08;6;3;5;3;0;0;0;0;0;1;0;1;580631.472000012174249;5952346.525999767705798;10.221740642000043;53.713564988000030
6901;01211128161013512021;01;0;53;090;2021;11;14;1;3;8;1;0;1;0;1;0;0;0;0;610986.354000049643219;5942546.253999717533588;10.677992162000066;53.619942645000037
6902;01211102152013202021;01;0;55;035;2021;11;07;3;2;5;3;1;0;0;1;0;1;0;0;613562.107000053860247;5978625.085999721661210;10.730202080000026;53.943529109000053
6903;01210902181013282021;01;0;51;058;2021;09;14;5;3;2;6;0;0;0;1;0;0;1;0;497303.267545720562339;6017693.465139906853437;8.958553962000053;54.307118334000052
6904;01210821134013602021;01;0;57;022;2021;08;16;7;3;7;7;0;0;0;1;0;0;0;0;595689.835110801272094;6006337.417187405750155;10.466762958000061;54.196133834000079
6905;01210616161013382021;01;0;62;060;2021;06;10;4;3;1;5;0;0;0;1;0;0;0;0;583269.659000012092292;5930538.575999751687050;10.255874118000065;53.517177412000080
6906;01210710125013532021;01;0;59;161;2021;07;19;7;3;8;1;0;0;0;0;0;1;0;0;544351.930501463823020;6066387.143303293734789;9.688945150000052;54.742784972000038
6907;01210809171013272021;01;0;56;039;2021;08;15;2;3;5;3;0;0;1;1;0;0;0;0;552556.800256828777492;5946281.731263572350144;9.795378127000049;53.662639797000054
6909;01210924171013002021;01;0;60;063;2021;09;19;6;2;5;2;1;0;1;1;0;0;0;0;569123.544000004418194;5948508.344999769702554;10.046549387000027;53.680722707000029
6910;01210723152013042021;01;0;55;004;2021;07;09;6;3;5;3;0;0;1;1;0;0;0;0;611502.348559319041669;5976313.023175431415439;10.697991801000057;53.923205183000050
6913;01211204145013512021;01;0;58;058;2021;12;10;7;3;8;1;0;1;0;1;0;0;0;0;565453.338012341409922;6028272.934157041832805;10.008190203000026;54.397998937000068
6914;01210907145013772021;01;0;58;026;2021;09;05;3;3;6;7;1;0;0;1;1;0;0;0;554517.075639687478542;6020103.768234696239233;9.838262771000075;54.325876184000037
6915;01211123161013442021;01;0;53;002;2021;11;18;3;3;1;5;2;0;0;1;0;0;1;0;609618.350997105240822;5943260.501697832718492;10.657570510000028;53.626648064000051
6916;01211115134013532021;01;0;02;000;2021;11;17;2;3;3;6;2;0;0;1;0;0;1;0;577464.970279703848064;6020742.596952440217137;10.191207026000029;54.328649590000055
6917;01211028152013172021;01;0;55;041;2021;10;09;5;3;7;7;0;0;0;1;0;0;1;0;609729.010448598302901;5995412.255857719108462;10.677889963000041;54.095172561000027
6918;01210915171013362021;01;0;56;050;2021;09;11;4;3;5;2;0;1;0;1;0;0;0;0;547245.737570981495082;5937294.881157729774714;9.713645587000030;53.582374751000032
6919;01210830161013582022;01;0;53;129;2021;08;16;2;3;5;3;0;0;0;1;0;0;0;0;583397.908301585353911;5927279.306544397026300;10.256941063000056;53.487867651000045
6920;01211118181013102021;01;0;51;130;2021;11;18;5;3;6;2;2;1;0;1;1;0;0;0;505717.026151640340686;6006580.917158341035247;9.087652775000038;54.207219205000058
6921;01210919152013932021;01;0;55;032;2021;09;14;1;3;5;3;0;0;0;1;0;0;0;1;618667.779000067152083;5996766.158999703824520;10.815032852000058;54.105352084000060
6922;01210816152013262021;01;0;03;000;2021;08;06;2;2;4;6;0;1;1;0;0;0;0;0;609732.025002282112837;5966571.224791675806046;10.667558399000029;53.836060177000036
6923;01210928171013452021;01;0;56;005;2021;09;16;3;3;5;2;0;0;0;1;0;0;0;1;560113.213230920024216;5946608.445260850712657;9.909782893000056;53.664761992000081
6924;01210727152013282021;01;0;03;000;2021;07;05;3;3;5;3;0;0;1;1;0;0;0;0;609771.057637475430965;5971357.141032190993428;10.669862728000055;53.879050115000041
6926;01210705171013872021;01;0;56;043;2021;07;05;2;3;5;3;0;1;0;1;0;0;0;0;553703.712000003084540;5945680.796999767422676;9.812629334000064;53.657122352000044
6927;01211015152013692021;01;0;55;044;2021;10;22;6;3;5;7;2;0;0;1;0;0;0;0;608300.964883361011744;5989451.659141989424825;10.653933518000031;54.041924621000078
6929;01211228105132622021;01;0;58;026;2021;12;17;3;3;8;1;2;1;0;1;0;0;0;0;554859.876592820510268;6019199.226259250193834;9.843366809000031;54.317710824000073
6930;01210702105132352021;01;0;58;030;2021;07;13;6;3;8;7;0;0;0;0;0;0;1;0;540341.446131134405732;6029370.666858347132802;9.621569172000022;54.410473586000080
6931;01211216105132492021;01;0;61;076;2021;12;07;5;3;2;6;2;1;0;1;0;0;0;0;528650.225466828793287;5987224.732915755361319;9.437419385000055;54.032487248000052
6932;01211023181013292021;01;0;61;046;2021;10;20;7;3;5;3;2;0;0;1;0;0;0;0;534670.159774708561599;5975080.985261240974069;9.527943524000023;53.922975052000027
6933;01210910161013782021;01;0;62;009;2021;09;18;6;3;5;3;1;0;0;1;0;0;0;0;579305.213952866382897;5936975.277012385427952;10.197729134000042;53.575634748000027
6934;01210824161013682021;01;0;53;083;2021;08;16;3;3;5;2;0;0;0;1;0;0;0;1;602810.186978297308087;5915706.729495020583272;10.545630962000075;53.380448180000030
6935;01210715125013602021;01;0;54;168;2021;07;10;5;3;5;3;0;0;0;0;0;0;0;1;459215.364679401740432;6083488.756407557055354;8.364053933000037;54.896764531000031
6936;01210828145013362021;01;0;58;090;2021;08;16;7;3;2;6;0;1;0;1;0;0;0;0;548805.726403076201677;6038436.345525635406375;9.753467383000043;54.491200514000070
6937;01210622161013472021;01;0;62;004;2021;06;06;3;3;9;7;0;0;0;1;0;0;0;0;591952.200599082745612;5963794.913183480501175;10.396631713000033;53.814564181000037
6938;01210719125013412022;01;0;54;132;2021;07;16;2;3;5;2;0;0;0;1;0;0;0;1;501795.413296388462186;6032389.594262270256877;9.027682381000034;54.439201641000068
6940;01211010125013962021;01;0;54;168;2021;10;15;1;3;0;7;0;0;1;0;0;0;0;0;455771.812431162223220;6084362.694207444787025;8.310229307000043;54.904324805000044
6941;01211220152013662021;01;0;55;028;2021;12;16;2;2;0;7;0;0;1;0;0;0;0;0;597545.261140017770231;6003437.779385747388005;10.494253095000033;54.169732259000057
6942;01211209125013992021;01;0;01;000;2021;12;02;5;3;8;1;2;0;0;1;0;0;0;0;529462.843397897668183;6073306.919160014018416;9.458376780000037;54.806062599000029
6943;01211126161013832021;01;0;53;014;2021;11;07;6;3;2;6;2;1;0;1;0;0;0;0;607637.938437718898058;5940651.828006682917476;10.626736052000069;53.603620319000072
6944;01211031171013752021;01;0;56;041;2021;10;11;1;3;0;1;0;0;1;0;0;0;0;0;560597.784362607635558;5956076.869501139968634;9.918968004000021;53.749800715000049
6945;01210902134013302021;01;0;02;000;2021;09;18;5;3;2;6;0;0;0;1;0;1;0;0;574218.182552453130484;6019880.455557137727737;10.141076731000055;54.321385181000039
6946;01211108152013042021;01;0;03;000;2021;11;18;2;3;2;2;2;1;0;1;0;0;0;0;610674.681952635757625;5968320.404049439355731;10.682506976000070;53.851575376000028
6947;01211105125013982021;01;0;59;161;2021;11;18;6;3;9;1;2;1;0;1;0;0;0;0;541870.353893743827939;6061910.740001130849123;9.649756443000058;54.702771711000082
6948;01210709171013212021;01;0;56;041;2021;07;01;6;3;3;6;2;1;0;1;0;1;0;0;559133.025554069317877;5954146.573243698105216;9.896388634000061;53.732620973000053
6949;01210808134013182021;01;0;02;000;2021;08;20;1;3;5;3;0;1;1;1;0;0;0;0;574077.425560882315040;6018081.880831876769662;10.138466881000056;54.305244226000070
6951;01211007161013732021;01;0;53;014;2021;10;16;5;3;2;6;0;0;0;1;0;0;0;1;607595.456968440674245;5940621.487397491931915;10.626083839000046;53.603356435000080
6952;01210803145013222021;01;0;58;043;2021;08;14;3;3;5;3;0;0;0;1;0;0;0;0;554416.717475042678416;6035351.158242214471102;9.839512640000066;54.462905475000071
6953;01211020134013782021;01;0;02;000;2021;10;00;4;3;9;1;2;1;0;0;0;0;0;1;573216.871920569799840;6018442.415197227150202;10.125332587000059;54.308607962000053
6956;01210629134013562021;01;0;02;000;2021;06;15;3;3;8;1;0;1;0;1;0;0;0;0;574202.288056006655097;6027368.946334606036544;10.142698234000022;54.388676062000059
6957;01210906134013582021;01;0;02;000;2021;09;18;2;3;2;6;0;0;0;1;0;0;0;0;572240.184001008048654;6019250.521003220230341;10.110519691000036;54.316008487000033
6959;01211112161013062021;01;0;53;032;2021;11;11;6;3;5;2;0;0;1;1;0;0;0;0;592517.218704541213810;5922472.871043756604195;10.392926489000047;53.443152557000076
6960;01211027161013842021;01;0;53;032;2021;10;17;4;2;0;7;0;0;0;0;0;0;0;1;590256.281519854441285;5923202.803943566977978;10.359106155000063;53.450103886000079
6961;01210914161013792021;01;0;62;018;2021;09;08;3;3;0;3;0;0;1;1;0;0;0;0;580661.287000010721385;5933379.133999755606055;10.217276392000031;53.543111063000026
6962;01210909125013942021;01;0;59;051;2021;09;12;5;3;2;6;0;0;1;0;0;0;0;0;531053.128490683622658;6033071.765537327155471;9.478851505000023;54.444386870000073
6963;01210826161013742022;01;0;62;053;2021;08;08;5;3;5;2;0;0;1;1;0;0;0;0;577630.329232105985284;5933242.697203975170851;10.171512423000024;53.542341709000027
6964;01210818125013262021;01;0;54;070;2021;08;16;4;3;2;6;0;0;0;1;0;0;0;0;501683.605479274876416;6027503.598805267363787;9.025930757000026;54.395290166000052
6965;01210628125013562021;01;0;54;138;2021;06;14;2;3;1;7;0;0;1;1;0;0;0;0;495912.555000001564622;6018915.638999808579683;8.937163403000056;54.318093315000056
6966;01210709181013672021;01;0;61;021;2021;07;15;6;2;8;1;0;1;0;1;0;0;0;0;534361.753994642756879;5989473.577214350923896;9.524871448000056;54.052349882000044
6967;01210726134013582021;01;0;02;000;2021;07;09;2;3;5;3;0;0;0;1;0;0;0;0;572254.349867717362940;6019222.197058100253344;10.110730556000021;54.315751970000065
6969;01211013125013082021;01;0;54;132;2021;10;07;4;3;5;3;1;1;0;1;0;0;0;0;503440.969577264040709;6031488.329529821872711;9.053043735000074;54.431093264000026
6970;01211223145013252021;01;0;58;012;2021;12;15;5;3;8;1;1;2;0;1;0;0;0;0;557333.480000004172325;6038832.848999820649624;9.885180496000032;54.493871480000053
6971;01210630161013502021;01;0;53;116;2021;06;15;4;3;5;3;0;1;1;1;0;0;0;0;599361.269618130289018;5928816.020686333999038;10.497938313000077;53.498904204000041
6972;01211214134013412021;01;0;57;025;2021;12;20;3;3;8;1;2;1;0;0;0;1;0;0;578507.911726169288158;6024346.430119136348367;10.208190223000031;54.360872112000038
6973;01211202152013422021;01;0;03;000;2021;12;19;5;3;5;2;2;1;0;1;0;1;0;0;611426.502000049687922;5970898.102999728173018;10.694866857000022;53.874573159000079
6974;01210824134013202021;01;0;02;000;2021;08;11;3;3;2;7;0;0;0;1;0;0;0;1;573673.107340982183814;6018246.419897234067321;10.132295002000035;54.306781200000046
6975;01210618125013042021;01;0;54;072;2021;06;12;6;3;2;2;0;0;0;1;0;0;0;1;493802.618000000715256;6020815.913999810814857;8.904687748000072;54.335150621000082
6976;01210713161013612021;01;0;62;082;2021;07;18;3;3;0;7;0;0;0;0;0;1;0;0;590303.815361602231860;5941267.400742940604687;10.365032767000059;53.612425677000033
6977;01210621181013542021;01;0;51;044;2021;06;13;2;3;2;6;0;1;0;1;0;0;0;0;505881.896104397252202;6005284.430506922304630;9.090155170000060;54.195565032000047
6978;01210811171013062021;01;0;56;039;2021;08;07;4;3;5;3;0;0;1;1;0;0;0;0;552394.340746402740479;5948205.662969704717398;9.793244516000073;53.679947535000053
6980;01210814125013152021;01;0;54;055;2021;08;14;7;3;8;1;0;1;0;1;0;0;0;0;489205.319138355553150;6078808.027833366766572;8.831850690000067;54.856248386000061
6981;01210927134013632021;01;0;02;000;2021;09;07;2;3;2;6;0;1;0;1;0;0;0;0;573774.785879470407963;6023676.470383621752262;10.135200568000073;54.355559093000068
6982;01210630105132952021;01;0;58;128;2021;06;20;4;2;8;1;1;1;0;1;0;0;0;0;561065.312091756612062;5987277.047574568539858;9.932276452000053;54.030139041000041
6983;01211206171013372022;01;0;56;049;2021;12;14;2;2;5;3;0;0;1;0;0;0;0;1;544464.600999999791384;5949162.388999771326780;9.673336222000046;53.689281271000027
6984;01211124105132212021;01;0;60;027;2021;11;17;4;3;8;1;2;0;0;1;0;0;0;0;561635.729744222946465;5982734.799284340813756;9.940063121000037;53.989251433000049
6985;01211117125013962022;01;0;59;183;2021;11;11;4;3;2;6;0;1;0;1;0;0;0;0;521225.264252150431275;6070064.558198567479849;9.329983691000052;54.777341182000043
6986;01211030125013022021;01;0;01;000;2021;10;14;7;3;0;7;0;1;0;0;0;1;0;0;527277.829414781183004;6072779.401549322530627;9.424334197000064;54.801445695000041