OBJECTID;UIDENTSTLAE;ULAND;UREGBEZ;UKREIS;UGEMEINDE;UJAHR;UMONAT;USTUNDE;UWOCHENTAG;UKATEGORIE;UART;UTYP1;ULICHTVERH;USTRZUSTAND;IstRad;IstPKW;IstFuss;IstKrad;IstGkfz;IstSonstige;LINREFX;LINREFY;XGCSWGS84;YGCSWGS84
7179;01210716171013252021;01;0;60;088;2021;07;14;6;2;8;1;0;0;0;0;0;1;0;0;574730.923526328057051;5969960.731177087873220;10.136626470000067;53.872732612000050
7180;01210817161013292021;01;0;53;032;2021;08;09;3;3;5;3;0;1;0;1;0;0;1;0;588104.228196972981095;5921505.593454767018557;10.326234403000058;53.435216359000037
7181;01210625171013302021;01;0;60;097;2021;06;16;6;3;8;7;0;0;0;1;0;0;0;0;592295.310051541775465;5982388.954002590849996;10.407445920000043;53.981577696000045
7182;01210721152013242021;01;0;03;000;2021;07;06;4;3;2;6;0;1;1;0;0;0;0;0;611192.529189961031079;5971591.419183734804392;10.691561140000033;53.880852225000069
7183;01211012134013782021;01;0;02;000;2021;10;17;3;3;2;6;0;1;0;1;0;0;0;1;577425.748000008985400;6020711.087999809533358;10.190595857000062;54.328372419000061
7184;01211222145013332021;01;0;58;043;2021;12;11;4;3;5;2;0;0;0;1;0;0;0;0;553758.716000000946224;6036066.965999817475677;9.829492620000053;54.469408000000044
7185;01211213145013182022;01;0;58;037;2021;12;21;2;2;4;1;2;1;0;1;0;0;0;1;572800.906685164198279;6032926.262850666418672;10.122485299000061;54.438814001000082
7186;01211129171013832021;01;0;60;004;2021;11;15;2;2;8;1;0;1;0;1;0;0;0;0;560092.662930141203105;5973366.970998102799058;9.914687768000022;53.905245941000032
7187;01211104105132332021;01;0;58;018;2021;11;08;5;3;2;6;1;1;0;1;0;0;0;0;565804.948645434342325;6008781.988839009776711;10.009310099000061;54.222807005000050
7188;01210903161013202021;01;0;62;078;2021;09;21;6;3;7;7;2;0;0;0;0;1;0;0;589795.361195822246373;5951613.583318784832954;10.360339947000057;53.705482853000035
7189;01210906152013602021;01;0;55;004;2021;09;18;2;3;5;3;0;0;1;1;0;0;0;0;611050.498266248963773;5974290.715141640976071;10.690380084000026;53.905133570000032
7191;01211111171013462021;01;0;60;064;2021;11;06;5;3;5;2;2;1;0;1;0;0;0;1;561447.919229860417545;5967151.015529958531260;9.934067661000029;53.849224838000055
7192;01211026161013192021;01;0;62;060;2021;10;13;3;3;2;6;0;0;0;0;0;0;0;1;581754.736988292075694;5932584.827519090846181;10.233566159000077;53.535803932000078
7193;01210913105132082021;01;0;04;000;2021;09;04;2;3;8;7;2;1;0;1;0;0;0;0;561195.037592895328999;5994956.276908198371530;9.935806976000038;54.099134005000053
7194;01210908171013882021;01;0;60;063;2021;09;14;4;3;0;7;0;0;1;0;0;0;0;0;567284.733937538228929;5948914.141568729653955;10.018802226000048;53.684609588000058
7195;01210827125013192021;01;0;59;186;2021;08;11;6;3;2;6;0;1;0;1;0;0;0;0;547826.874489068984985;6066348.280203139409423;9.742912288000070;54.742117119000056
7196;01210817181013472021;01;0;61;118;2021;08;22;3;3;0;7;2;0;0;1;0;0;0;0;531260.742341016419232;5956258.759485246613622;9.474113541000065;53.754020680000053
7197;01210628105132552021;01;0;58;128;2021;06;08;2;3;2;6;0;0;0;1;0;0;1;0;560783.391474630683661;5989152.505627345293760;9.928348513000060;54.047026470000048
7198;01210708152013912021;01;0;03;000;2021;07;13;5;3;5;3;0;1;1;1;0;0;0;0;609345.628000045195222;5970254.041999736800790;10.663000672000067;53.869229357000052
7199;01210726125013822021;01;0;54;068;2021;07;11;2;3;8;7;0;0;0;1;0;0;0;0;492740.974947507493198;6072648.268914962187409;8.887080216000072;54.800956496000026
7201;01211013134013992021;01;0;02;000;2021;10;19;4;2;2;6;2;1;0;1;0;0;0;1;575904.915305183269083;6017189.177976308390498;10.166319710000039;54.296954459000062
7202;01211223171013122022;01;0;60;048;2021;12;18;5;3;9;7;2;2;0;1;0;0;0;0;587981.582769094035029;5975072.995011603459716;10.339576018000059;53.916592187000049
7203;01210630161013622021;01;0;62;009;2021;06;16;4;3;2;6;0;1;0;1;0;0;0;0;579551.306603710167110;5936648.387931343168020;10.201361636000058;53.572659870000052
7204;01211214161013182021;01;0;53;079;2021;12;15;3;3;9;7;0;1;0;1;0;0;0;0;601164.509759242646396;5952921.468910479918122;10.532938198000068;53.715155370000048
7205;01211202134013772021;01;0;02;000;2021;12;10;5;3;2;6;0;1;0;1;0;0;0;0;573010.295788850635290;6019719.396448304876685;10.122470501000066;54.320112130000041
7206;01210822134013682021;01;0;02;000;2021;08;19;1;3;0;5;0;0;1;1;0;0;0;0;573652.731186428107321;6022600.441725037992001;10.133056827000075;54.345907943000043
7207;01210618145013892021;01;0;58;142;2021;06;17;6;3;4;6;0;0;0;1;0;0;0;0;563145.208329120650887;6022801.528382997959852;9.971481977000053;54.349124087000064
7208;01210714125013702021;01;0;01;000;2021;07;18;4;3;3;6;0;0;0;1;0;0;0;0;527713.707808838225901;6067904.662516891956329;9.430648891000033;54.757614980000028
7209;01210622152013752021;01;0;03;000;2021;06;21;3;3;3;6;0;0;0;1;0;0;0;1;609190.873849594034255;5970809.936235398054123;10.660846065000044;53.874256276000040
7210;01210812134013532021;01;0;02;000;2021;08;07;5;2;0;2;0;0;1;1;0;0;0;0;571165.438122251071036;6023877.083934465423226;10.095105760000024;54.357732644000066
7212;01210814134013852021;01;0;02;000;2021;08;13;7;3;5;2;0;0;1;1;0;0;0;0;573337.663989868946373;6020360.511687811464071;10.127659998000070;54.325826071000051
7213;01210927134013362021;01;0;02;000;2021;09;17;2;3;0;7;0;0;0;0;0;1;0;0;573270.670108526945114;6022212.860546076670289;10.127085256000044;54.342480299000044
7214;01211206181013112021;01;0;61;029;2021;12;08;2;3;0;7;2;2;0;0;0;1;0;0;527502.370000001043081;5961373.241999778896570;9.417570317000070;53.800201609000055
7215;01211125125013042021;01;0;59;045;2021;11;13;5;3;2;2;0;1;0;0;0;0;0;1;559655.058000003919005;6057281.855999829247594;9.924764741000047;54.659384451000051
7216;01211116134013302021;01;0;02;000;2021;11;18;3;3;2;6;2;0;0;1;0;0;0;0;569824.132389477454126;6020124.764304703101516;10.073590567000053;54.324200426000061
7217;01211029145013322021;01;0;58;044;2021;10;13;6;3;0;7;0;0;1;0;0;0;0;0;559769.885827478952706;5989913.504644010215998;9.913021294000032;54.053983816000027
7218;01210917145013872021;01;0;04;000;2021;09;13;6;3;6;2;0;0;0;1;1;0;0;0;564518.268640816211700;5992390.988934336230159;9.986071633000051;54.075675291000039
7219;01210901125013252021;01;0;54;061;2021;09;14;4;3;0;7;0;0;1;0;0;0;0;0;459390.196909122169018;6093535.694434596225619;8.365359481000041;54.987060125000028
7220;01211119181013522021;01;0;51;127;2021;11;14;6;3;2;2;0;1;0;1;0;0;0;0;495634.433000000193715;6006416.821999803185463;8.933070004000058;54.205757674000040
7221;01210921152013232021;01;0;55;021;2021;09;10;3;3;5;3;0;1;0;1;0;1;0;0;630042.344474219717085;6026023.365171972662210;11.001577455000074;54.365394974000083
7222;01210806134013882021;01;0;02;000;2021;08;23;6;3;8;2;2;1;0;1;0;0;0;0;573482.789576198905706;6019161.756885102018714;10.129595849000054;54.315033562000053
7223;01211001134013582021;01;0;02;000;2021;10;13;6;3;2;6;0;0;0;1;0;0;0;0;573257.571111014112830;6017346.702634707093239;10.125689307000073;54.298756355000080
7224;01210729145013402021;01;0;04;000;2021;07;14;5;3;5;3;0;0;1;1;0;0;0;0;565144.022314635105431;5993377.773517694324255;9.995846086000029;54.084464212000057
7226;01211005161013452021;01;0;62;027;2021;10;12;3;3;2;2;0;1;0;1;0;0;0;0;588150.313079506158829;5952961.172730151563883;10.335809687000051;53.717872502000034
7227;01210705152013092021;01;0;55;040;2021;07;23;2;3;1;7;2;0;1;1;0;0;0;0;608471.028058882802725;5972674.450067773461342;10.650561742000036;53.891158713000038
7228;01210802145013472021;01;0;58;072;2021;08;14;2;3;0;7;0;0;1;0;0;0;0;0;527125.661032970994711;5997708.496019765734673;9.415082732000030;54.126793132000046
7229;01211018134013872021;01;0;57;041;2021;10;12;2;3;8;1;0;0;1;0;0;0;0;0;590430.130458662286401;6026913.024128334596753;10.392390178000028;54.381956751000075
7232;01210704152013302021;01;0;55;043;2021;07;10;1;2;9;1;0;0;0;0;0;1;0;0;616550.791279064491391;6015773.265149898827076;10.790035026000055;54.276581683000074
7233;01211021161013472021;01;0;62;060;2021;10;06;5;2;6;4;2;1;0;1;1;0;0;0;582455.046453391201794;5929844.779243189841509;10.243408758000044;53.511070990000064
7234;01211218152013172021;01;0;55;004;2021;12;10;7;3;8;1;0;1;1;0;0;0;0;0;609124.994211957789958;5976027.905479203909636;10.661703940000052;53.921149896000031
7235;01210904125013252021;01;0;59;184;2021;09;14;7;3;0;7;0;0;1;0;0;0;0;0;528140.117999999783933;6062088.885999834164977;9.436712365000062;54.705327452000063
7237;01211110152013902021;01;0;55;040;2021;11;16;4;3;2;6;0;1;0;1;0;0;0;0;607568.431333520449698;5972610.845684748142958;10.636811146000070;53.890775265000059
7238;01211024125013812021;01;0;59;116;2021;10;12;1;3;8;1;0;0;0;1;0;0;0;0;533114.716547070071101;6061070.793925030156970;9.513795374000040;54.695875665000074
7239;01210912125013562021;01;0;59;092;2021;09;15;1;3;2;6;0;0;0;1;0;0;0;0;520926.369155929423869;6040911.801192270591855;9.323251438000057;54.515363607000040
7240;01210825152013372021;01;0;55;041;2021;08;14;4;3;5;3;0;0;0;1;0;0;0;1;610834.959000046364963;5993682.327999740839005;10.694159765000052;54.079394210000032
7241;01210717181013352021;01;0;51;110;2021;07;15;7;3;8;1;0;0;0;0;0;1;0;0;514369.202000000514090;5988924.236999789252877;9.219465919000072;54.048357471000031
7242;01210817125013142021;01;0;59;145;2021;08;13;3;3;2;2;0;0;0;1;0;0;0;0;536589.439254761673510;6073521.851541876792908;9.569272529000045;54.807524698000066
7243;01210626161013772021;01;0;53;032;2021;06;15;7;3;5;2;0;0;0;1;0;0;0;0;589008.340000016614795;5921245.601999744772911;10.339766458000042;53.432728144000066
7244;01210708125013762021;01;0;59;113;2021;07;09;5;3;5;3;0;1;0;1;0;0;0;0;534121.368307556025684;6076618.710139496251941;9.531240377000074;54.835528016000069
7247;01211012125013142021;01;0;59;068;2021;10;05;3;3;8;1;2;1;0;1;0;0;0;0;556286.208427316509187;6055368.558118769899011;9.872179971000037;54.642579090000027
7248;01211223125013272021;01;0;59;010;2021;12;09;5;3;8;1;0;2;0;1;0;0;0;0;526332.363314852118492;6050163.711755178868771;9.407584447000033;54.598257166000053
7249;01211213171013402021;01;0;60;012;2021;12;06;2;3;5;2;2;1;0;1;0;0;0;1;579492.572000009007752;5992268.428999790921807;10.214849326000035;54.072480843000051
7250;01211130152013472021;01;0;55;038;2021;11;16;3;3;5;2;2;1;0;1;0;0;0;0;614853.760890736244619;6005775.902193583548069;10.760158579000063;54.187156192000032
7251;01211103134013822021;01;0;02;000;2021;11;09;4;3;5;3;0;0;1;1;0;0;0;0;572965.148000005632639;6021028.185999806970358;10.122096631000034;54.331878979000066
7252;01210903171013332021;01;0;60;057;2021;09;13;6;3;2;2;0;0;0;1;0;0;0;0;583092.861364492215216;5972512.438296657055616;10.264467520000039;53.894390478000048
7253;01210820171013892021;01;0;60;039;2021;08;14;6;3;5;2;0;0;1;1;0;0;0;0;564631.606000004336238;5960771.661999776959419;9.981114900000023;53.791508008000051
7254;01210617152013902021;01;0;03;000;2021;06;13;5;3;5;2;0;0;1;0;0;0;1;0;609943.706127279438078;5966773.348030334338546;10.670846039000025;53.837831378000033
7255;01210712181013072021;01;0;61;071;2021;07;09;2;3;2;2;0;0;0;1;0;0;0;0;543627.292957666330040;5978973.257056931033731;9.664886134000028;53.957279479000078
7256;01210620125013702021;01;0;54;109;2021;06;19;1;3;5;2;0;0;0;1;0;1;0;0;491351.346512458287179;6067682.503967585042119;8.865611539000042;54.756308489000048
7257;01210810152013182021;01;0;55;012;2021;08;08;3;3;5;3;0;1;1;0;0;0;1;0;603415.062539590522647;5999048.700796490535140;10.582628087000046;54.129150760000073
7259;01210814105132332021;01;0;62;078;2021;08;01;7;2;8;7;2;0;0;1;0;0;0;0;587845.032314917072654;5951797.548202114179730;10.330854799000065;53.707467737000059
7260;01210926161013212021;01;0;62;016;2021;09;17;1;3;0;7;0;0;1;0;0;0;0;0;583164.608170812018216;5957900.541212914511561;10.261607030000050;53.763076646000059
7261;01210723161013542021;01;0;53;032;2021;07;19;6;3;2;6;0;0;0;1;0;0;0;0;591917.390700002200902;5921646.539999745786190;10.383657165000045;53.435831971000027
7264;01211204145013972021;01;0;58;135;2021;12;10;7;3;5;3;0;1;1;1;0;0;0;0;543179.492000000551343;6016355.049999808892608;9.663406985000051;54.293272116000082
7265;01210908125013852021;01;0;54;078;2021;09;11;4;3;0;7;0;0;1;0;0;0;0;0;462616.684952984564006;6096089.317756697535515;8.415445728000066;55.010259455000039
7266;01211122161013442021;01;0;62;011;2021;11;06;2;3;0;7;2;1;1;0;0;0;0;0;583400.407121429219842;5941154.367889368906617;10.260679480000022;53.612554448000026
7267;01211115152013712021;01;0;03;000;2021;11;14;2;3;3;6;0;0;1;0;0;0;0;0;614136.619517595507205;5970598.874646078795195;10.735957473000042;53.871295898000028
7268;01211029105132192021;01;0;61;022;2021;10;13;6;3;3;6;0;0;0;1;0;0;0;1;535534.055839772336185;5970927.517105145379901;9.540615752000065;53.885586544000034
7269;01210916105132552021;01;0;60;009;2021;09;17;5;2;8;1;0;1;0;1;0;0;0;0;562127.207058028317988;5977115.728221407160163;9.946413298000039;53.938695428000074
7270;01210831171013582021;01;0;56;048;2021;08;08;3;3;5;3;0;0;1;1;0;0;0;0;547399.054735096171498;5950179.551204591989517;9.717925045000072;53.698165179000057
7271;01211119171013812021;01;0;60;005;2021;11;22;6;2;1;5;2;1;0;1;0;0;1;0;584636.039770926348865;5976939.438452769070864;10.289169218000040;53.933920906000026
7272;01210919145013862021;01;0;58;008;2021;09;20;1;1;4;6;2;0;0;1;0;0;0;0;545612.169336796738207;6030809.879313599318266;9.702993814000024;54.422962053000049
7274;01210805134013032021;01;0;02;000;2021;08;12;5;3;3;6;0;0;0;1;0;0;1;0;572876.093325809575617;6018001.994407813996077;10.119988525000053;54.304699195000069
7275;01210929134013232022;01;0;57;080;2021;09;17;4;3;2;2;0;1;0;1;0;0;0;0;582098.407040697522461;6001960.250772023573518;10.257295812000052;54.159158828000045
7276;01210728145013492021;01;0;58;166;2021;07;15;4;3;8;6;0;0;1;0;0;0;0;0;564041.659182618372142;6044515.662389922887087;9.989967253000032;54.544133575000046
7278;01211004125013942021;01;0;59;097;2021;10;15;2;3;2;2;0;0;0;1;0;0;0;0;543742.583174154162407;6050333.165462050586939;9.677076381000063;54.598572800000056
7279;01210801145013732021;01;0;58;122;2021;08;02;1;3;8;6;2;1;1;1;0;0;0;0;551654.354088357649744;6018720.825692636892200;9.794010586000070;54.313746017000028
7280;01211016152013422021;01;0;03;000;2021;10;16;7;3;0;7;0;0;1;0;0;0;0;0;610048.078281595371664;5969451.577900132164359;10.673391171000048;53.861871329000053
7282;01211231105132682022;01;0;58;003;2021;12;22;6;3;7;7;2;1;0;1;0;0;0;0;543479.626980856060982;6024489.151391983032227;9.669203656000036;54.366346287000056
7283;01210703161013462021;01;0;62;025;2021;07;08;7;3;3;6;0;0;0;1;0;0;1;1;606310.998809153214097;5967884.827626792714000;10.616047952000031;53.848573492000071
7284;01211021125013802021;01;0;59;186;2021;10;18;5;3;2;2;2;1;0;1;0;0;0;1;547691.710151848383248;6069015.693603878840804;9.741250686000058;54.766099433000079
7285;01211216152013492021;01;0;03;000;2021;12;09;5;3;5;3;0;1;0;1;0;0;0;1;609459.667792265303433;5967590.440891623497009;10.663784475000057;53.845274628000027
7286;01211109171013192021;01;0;56;015;2021;11;13;3;3;2;6;0;0;0;1;0;0;0;0;542604.635655621066689;5954467.953198213130236;9.645902459000069;53.737121511000055
7287;01211022181013562021;01;0;61;046;2021;10;07;6;3;6;4;2;1;0;1;1;0;0;0;533647.548759315162897;5975012.550755608826876;9.512364772000069;53.922427425000080
7288;01210910105132722021;01;0;60;070;2021;09;18;6;3;8;1;0;0;0;0;0;0;0;1;583687.219990334473550;5978687.377892641350627;10.275199832000055;53.949781725000037
7289;01210825105132052021;01;0;61;044;2021;08;22;4;2;7;7;2;0;0;1;0;0;0;0;541617.045751348137856;5964697.392363285645843;9.632311993000030;53.829140364000068
7290;01210717125013322021;01;0;59;086;2021;07;03;7;2;0;7;1;0;1;0;0;0;0;0;544762.195704407989979;6047704.917342018336058;9.692456656000047;54.574865073000069
7291;01210828181013722021;01;0;51;044;2021;08;03;7;3;0;7;2;1;0;0;0;0;0;1;508830.295277822762728;6005492.254261340945959;9.135352949000037;54.197390576000032
7292;01210624171013822021;01;0;56;048;2021;06;11;5;3;2;6;0;0;0;1;0;0;0;0;547764.900127415545285;5950483.136951601132751;9.723512595000045;53.700860369000054
7293;01210721134013912021;01;0;02;000;2021;07;19;4;3;5;2;0;0;1;1;0;0;0;0;576500.890876072458923;6020389.891090486198664;10.176295060000029;54.325625763000062
7294;01210630105132422021;01;0;58;044;2021;06;17;4;3;8;1;0;1;0;1;0;0;0;0;560459.393125005066395;5990330.966884575784206;9.923635655000055;54.057655004000082
7295;01211009171013502021;01;0;60;063;2021;10;14;7;3;5;2;0;0;1;1;0;0;0;0;565923.719000004231930;5948658.148999767377973;9.998143277000054;53.682482471000071
7296;01211221145013822021;01;0;58;078;2021;12;10;3;3;6;4;0;0;0;1;1;0;0;0;532843.086204460822046;6016990.080866405740380;9.504676775000064;54.299748102000081
7297;01210630125013942021;01;0;54;134;2021;06;21;4;1;8;1;0;1;0;1;0;0;0;0;482180.070000000298023;6019724.551999807357788;8.726006223000070;54.325068652000027
7298;01211211171013002021;01;0;56;002;2021;12;16;7;3;5;3;2;1;0;1;0;0;0;0;549889.962000002153218;5959612.590999776497483;9.757172226000023;53.782712834000051
7299;01211127152013132021;01;0;03;000;2021;11;14;7;3;2;6;0;1;0;1;0;0;0;0;611034.677351627498865;5971861.301303116604686;10.689258672000051;53.883310704000053
7300;01211101134013092021;01;0;02;000;2021;11;07;2;3;5;2;0;1;1;1;0;0;0;0;573335.621372648514807;6020951.536277731880546;10.127773900000022;54.331137123000076
7301;01210902152013402021;01;0;55;031;2021;09;07;5;3;8;1;0;0;0;1;0;0;0;0;629692.755517904646695;6021283.026719914749265;10.994137502000058;54.322906570000043
7302;01210820105132082021;01;0;62;061;2021;08;23;6;3;3;6;2;0;0;1;0;0;1;0;597495.612576466985047;5964344.487183459103107;10.480972798000039;53.818492521000053
7303;01210616134013592021;01;0;02;000;2021;06;13;4;3;6;6;0;0;0;0;1;0;0;1;574828.911149703897536;6018286.224770532920957;10.150064796000038;54.306970853000053
7304;01210710181013442021;01;0;61;030;2021;07;14;7;3;2;6;0;0;0;1;0;0;0;0;535015.152002881281078;5966080.758613992482424;9.532168398000067;53.842060459000038
7305;01210809134013752021;01;0;57;062;2021;08;12;2;2;5;2;0;0;1;1;0;0;0;0;584274.983116324990988;6009942.153891840949655;10.292856472000040;54.230526360000056
7307;01210925134013362021;01;0;57;057;2021;09;18;7;3;2;6;0;0;0;1;0;0;0;0;592631.077491473406553;6002447.478385975584388;10.418696576000059;54.161744762000069
7308;01210722125013832021;01;0;59;116;2021;07;12;5;3;8;1;0;0;0;1;0;0;0;0;533302.410903646610677;6061224.471237652003765;9.516724986000042;54.697244308000052
7311;01211203171013862021;01;0;62;076;2021;12;11;6;3;5;3;0;1;1;0;0;0;0;1;570365.812297116033733;5955772.055079199373722;10.067004839000049;53.745834360000060
7312;01210907152013212022;01;0;55;012;2021;09;07;3;3;8;1;0;0;0;0;0;0;0;1;603415.289828623645008;5999042.497759602963924;10.582629439000073;54.129094984000062
7314;01211112125013802021;01;0;54;095;2021;11;17;6;2;4;6;2;0;0;1;0;0;0;1;495522.648969631642103;6022783.954595299437642;8.931111263000048;54.352856171000042
7315;01211027171013192021;01;0;60;011;2021;10;06;4;3;6;4;2;1;0;1;1;0;0;0;566603.851000003516674;5987176.038999788463116;10.016796396000075;54.028546107000068
7316;01210914161013442021;01;0;53;100;2021;09;17;3;3;2;6;0;0;0;1;0;0;0;0;614300.194111476652324;5951599.173885192722082;10.731400036000025;53.700564379000070
7317;01210830105132472021;01;0;04;000;2021;08;14;2;3;3;6;0;0;0;1;0;0;1;0;562427.536297056823969;5997882.950216103345156;9.955256224000038;54.125286528000061
7318;01210819134013972021;01;0;02;000;2021;08;15;5;3;2;6;0;0;0;1;0;0;0;0;575059.390916648320854;6028459.709746014326811;10.156170021000037;54.398351502000082
7319;01210816125013062021;01;0;54;019;2021;08;11;2;3;2;6;0;1;0;1;0;0;0;0;498116.055963981896639;6052497.302297551184893;8.970824044000040;54.619911742000056
7320;01210928145013152021;01;0;58;037;2021;09;15;3;3;5;3;0;0;1;1;0;0;0;0;573718.975586817599833;6031973.216282825917006;10.136400473000037;54.430118088000029
7321;01210726181013252021;01;0;51;058;2021;07;09;2;3;5;2;0;0;0;1;0;0;0;1;497347.734000001102686;6017904.406999807804823;8.959235493000051;54.309014397000055
7323;01211014171013962021;01;0;60;054;2021;10;16;5;3;5;3;0;1;0;1;0;0;0;1;558379.271553738974035;5970164.904016297310591;9.888001001000021;53.876664783000081
7325;01211228161013052022;01;0;62;001;2021;12;21;3;3;5;3;2;1;0;1;0;0;0;0;582502.748000012710690;5948352.064999762922525;10.249023993000037;53.677377384000067
7326;01210702125013302021;01;0;54;099;2021;07;09;6;2;7;7;0;0;0;0;0;1;0;0;514226.972208299674094;6035526.762931860983372;9.219506897000031;54.467199975000028
7327;01211216145013932021;01;0;58;087;2021;12;20;5;2;9;7;2;0;0;1;0;0;0;0;562457.104852985590696;6051329.223469242453575;9.966925171000071;54.605556646000082
7328;01211203134013082021;01;0;02;000;2021;12;18;6;3;1;5;2;1;1;1;0;0;0;0;572842.039432084187865;6019965.634253485128284;10.119944355000030;54.322348788000056
7329;01210923134013502022;01;0;02;000;2021;09;16;5;2;0;7;0;0;0;1;0;0;0;0;574072.782898285426199;6022575.397425305098295;10.139511170000048;54.345622073000072
7330;01210823171013542021;01;0;56;039;2021;08;16;2;2;5;3;0;0;1;1;0;0;0;0;552548.543177012354136;5941096.238284688442945;9.794377029000032;53.616035513000043
7331;01210619134013222021;01;0;02;000;2021;06;09;7;3;5;2;0;0;0;1;0;0;0;1;573501.315676382742822;6019027.589179283007979;10.129847545000075;54.313825305000080
7332;01210715171013112021;01;0;56;049;2021;07;13;5;3;5;2;0;0;0;1;0;0;0;0;546319.579809992574155;5949534.171225985512137;9.701479806000066;53.692461558000048
7333;01210623181013842021;01;0;51;015;2021;06;12;4;3;5;2;0;0;1;0;0;0;0;1;521431.372000001370907;6001795.753999801352620;9.328239685000028;54.163796475000026
7334;01210719125013222021;01;0;59;045;2021;07;15;2;3;5;3;0;0;1;1;0;0;0;0;561021.444980660453439;6056983.864546909928322;9.945880916000021;54.656543270000043
7335;01210812171013482021;01;0;60;002;2021;08;19;5;2;0;7;0;0;1;0;0;0;0;0;559869.790622602216899;5959871.780297499150038;9.908665643000063;53.783990227000061
7337;01210816161013342021;01;0;53;129;2021;08;13;2;3;5;2;0;1;1;1;0;0;0;0;583387.079143564216793;5927279.139876971021295;10.256777849000059;53.487867869000070
7338;01211009152013892021;01;0;55;039;2021;10;16;7;2;5;2;0;0;0;1;0;0;0;1;615842.890585353597999;5992708.356582563370466;10.770296245000054;54.069542565000063
7339;01211220125013262021;01;0;01;000;2021;12;12;2;3;5;2;0;0;1;1;0;0;0;0;525417.952979757450521;6069609.825969474390149;9.395124930000065;54.773059931000034
7340;01211208134013172021;01;0;02;000;2021;12;17;4;3;5;2;2;1;0;1;0;0;0;1;573228.679000006988645;6019841.454999810084701;10.125857188000055;54.321177633000048
7341;01211126145013852021;01;0;58;070;2021;11;08;6;3;1;5;1;1;0;1;0;0;0;0;533834.600754556246102;6008572.619081355631351;9.518961076000039;54.224034371000073
7342;01211117161013612021;01;0;53;129;2021;11;09;4;3;2;2;0;1;0;1;0;0;0;0;584319.083724640309811;5927589.490090478211641;10.270904272000053;53.490508318000082
7343;01211031145013152021;01;0;58;137;2021;10;16;1;3;0;1;0;1;1;0;0;0;0;0;554913.149549436755478;6048102.903544088825583;9.849545620000072;54.577441148000048
7344;01210918161013522021;01;0;62;006;2021;09;06;7;3;5;3;1;1;0;1;0;0;0;0;583836.557000012136996;5953364.969999769702554;10.270567530000051;53.722211899000058
7345;01210901161013892021;01;0;53;030;2021;09;15;4;3;2;6;0;0;0;1;0;0;0;0;613568.201642748899758;5947873.477920968085527;10.718953426000041;53.667251152000063
7346;01211106161013542021;01;0;53;070;2021;11;17;7;2;4;6;1;0;0;1;0;0;0;1;600079.800439475104213;5941482.094392590224743;10.512821706000068;53.612578498000062
7347;01211104161013992021;01;0;53;090;2021;11;15;5;3;2;6;0;1;0;1;0;0;0;0;610819.352438176982105;5942638.013637283816934;10.675501125000039;53.620802434000041
7348;01210808125013512021;01;0;01;000;2021;08;02;1;3;0;7;2;1;1;0;0;0;0;0;526623.577512569725513;6070089.016541348770261;9.413909926000031;54.777303705000065
7349;01211003105132172021;01;0;59;171;2021;10;17;1;3;3;1;1;1;0;1;0;0;0;0;527715.833137709647417;6057692.306920945644379;9.429710448000037;54.665840536000076
7350;01210731134013882021;01;0;02;000;2021;07;19;7;3;0;1;0;1;1;0;0;0;0;0;573172.653000006452203;6025604.018999809399247;10.126411180000048;54.372966109000060
7352;01211007181013112021;01;0;51;002;2021;10;18;5;3;2;6;0;0;0;1;0;0;0;0;516125.922805047594011;6001269.393903005868196;9.246955023000055;54.159259814000052
7353;01210804105132282021;01;0;60;059;2021;08;18;4;3;8;1;0;1;0;1;0;0;0;0;581782.693728213198483;5983644.137628339231014;10.247516766000047;53.994626818000029
7354;01211020152013162021;01;0;03;000;2021;10;15;4;3;3;6;0;1;1;0;0;0;0;0;609522.568158611655235;5970761.654113441705704;10.665871706000075;53.873752595000042
7357;01210704152013122021;01;0;03;000;2021;07;16;1;3;5;2;0;0;1;1;0;0;0;0;607982.592921429313719;5967388.556750841438770;10.641272227000059;53.843769946000066
7358;01211009125013682021;01;0;59;073;2021;10;14;7;3;5;3;0;0;1;1;0;0;0;0;539375.943884592503309;6043583.684443844482303;9.608586981000030;54.538277340000036
7359;01210905134013942021;01;0;02;000;2021;09;17;1;3;0;7;0;0;1;0;0;0;0;0;573167.361000006087124;6018363.514999808743596;10.124552444000074;54.307906082000045
7361;01211110125013882021;01;0;59;174;2021;11;19;4;3;2;6;2;1;0;1;0;0;0;0;521592.016942476853728;6061027.807604435831308;9.335014660000070;54.696115341000052
7362;01211026161013762021;01;0;62;078;2021;10;13;3;3;5;3;0;0;0;1;0;0;0;0;589551.593488824553788;5949929.384392224252224;10.356161528000030;53.690390759000081
7363;01210913152013582021;01;0;55;035;2021;09;07;2;2;5;3;0;0;0;1;0;1;0;0;612716.844194276258349;5980675.677639270201325;10.718087606000040;53.962136267000062
7364;01210827152013732021;01;0;55;035;2021;08;17;6;3;0;7;0;0;1;0;0;0;0;0;613828.044551162980497;5979030.155852096155286;10.734402794000061;53.947109795000074
7365;01210717125013632021;01;0;01;000;2021;07;14;7;3;0;7;0;0;1;0;0;0;0;0;530300.379610207863152;6073238.955970507115126;9.471399401000042;54.805401947000064
7366;01210818152013682021;01;0;55;035;2021;08;15;4;3;5;3;0;0;0;1;0;0;0;0;614889.914000056684017;5979493.392999716103077;10.750748592000036;53.951036795000050