OBJECTID;UIDENTSTLAE;ULAND;UREGBEZ;UKREIS;UGEMEINDE;UJAHR;UMONAT;USTUNDE;UWOCHENTAG;UKATEGORIE;UART;UTYP1;ULICHTVERH;USTRZUSTAND;IstRad;IstPKW;IstFuss;IstKrad;IstGkfz;IstSonstige;LINREFX;LINREFY;XGCSWGS84;YGCSWGS84
7367;01210626152013032021;01;0;55;032;2021;06;09;7;2;8;7;0;0;0;0;0;0;0;1;619984.659800877794623;5997999.332772942259908;10.835652747000040;54.116124484000068
7368;01210707171013552021;01;0;56;010;2021;07;13;4;1;4;6;0;0;0;1;0;0;0;0;546919.129424142651260;5966524.647656198590994;9.713142121000033;53.845111167000027
7369;01210725125013962021;01;0;54;001;2021;07;17;1;3;8;7;0;0;0;1;0;0;0;0;499916.156999998725951;6070955.585999839007854;8.998696245000076;54.785797336000030
7371;01211013152013992021;01;0;03;000;2021;10;16;4;2;2;6;0;0;0;1;0;0;0;1;608526.764398897998035;5968067.091062258929014;10.649779285000022;53.849752788000046
7372;01211223152013182021;01;0;03;000;2021;12;12;5;3;5;3;0;0;1;1;0;0;0;0;607824.666914792731404;5968706.447641313076019;10.639335630000062;53.855643289000056
7373;01211214171013232021;01;0;56;049;2021;12;19;3;3;5;3;2;1;1;1;0;0;0;0;543701.065502421930432;5948564.159718653187156;9.661690410000062;53.683968944000071
7374;01211201161013882021;01;0;53;047;2021;12;18;4;3;1;6;2;1;0;1;0;0;0;0;600262.313152319751680;5922882.851158551871777;10.509623487000056;53.445420227000056
7375;01210822145013492021;01;0;58;080;2021;08;15;1;3;7;7;0;1;0;1;0;0;0;1;553987.830699430778623;6026812.887729799374938;9.831342316000075;54.386223521000034
7376;01210618152013772021;01;0;03;000;2021;06;08;6;3;3;6;0;0;1;1;0;0;0;0;610994.106527322903275;5968265.658049855381250;10.687340852000034;53.851015358000041
7377;01210712125013642021;01;0;59;176;2021;07;16;2;3;5;3;0;0;0;1;0;0;0;1;533015.399000001139939;6073170.802999841049314;9.513628849000042;54.804618107000067
7378;01210621145013922021;01;0;04;000;2021;06;16;2;3;0;7;0;1;0;0;0;1;0;0;565124.391622787341475;5990531.563719619065523;9.994934287000035;54.058889366000074
7379;01210811105132872021;01;0;59;159;2021;08;16;4;3;2;6;0;0;0;1;0;0;1;0;527684.988043773919344;6057785.177103159949183;9.429241036000064;54.666676824000035
7381;01210813171013122021;01;0;56;013;2021;08;14;6;3;4;6;0;0;0;1;0;0;0;0;558949.883127694018185;5946259.040413267910480;9.892112531000066;53.661754227000074
7382;01210927125013592021;01;0;54;132;2021;09;15;2;3;2;6;0;0;1;0;0;0;0;0;504543.431660171598196;6031714.020405264571309;9.070042016000059;54.433112951000055
7383;01211207171013882021;01;0;56;044;2021;12;07;3;2;8;7;1;0;0;1;0;0;0;0;553219.555985156446695;5940584.099669283255935;9.804432144000032;53.611364861000027
7384;01211124152013652021;01;0;03;000;2021;11;10;4;2;2;6;0;1;0;0;0;0;0;1;612310.699491126462817;5970816.360475003719330;10.708279555000047;53.873648163000041
7385;01211116171013752021;01;0;60;028;2021;11;08;3;2;5;2;0;0;0;1;0;0;0;0;572969.331492922268808;5986683.629882730543613;10.113836282000022;54.023260324000034
7386;01211029171013612021;01;0;60;020;2021;10;11;6;3;5;3;0;0;0;1;0;0;0;0;582026.142407630570233;5976146.364196293056011;10.249213193000060;53.927214470000081
7387;01210917152013492021;01;0;03;000;2021;09;14;6;3;2;6;0;0;0;1;0;0;0;1;612076.446013949811459;5961807.591037265956402;10.701433879000035;53.792762268000047
7388;01210831171013482021;01;0;56;044;2021;08;15;3;3;5;3;0;0;0;1;0;0;0;0;556425.238980483263731;5939186.158084381371737;9.852628331000062;53.598465373000067
7389;01211120171013972021;01;0;56;015;2021;11;11;7;3;5;3;0;0;0;1;0;0;0;1;545800.840000001713634;5955774.117999775335193;9.694547906000025;53.748589936000030
7390;01210921161013962021;01;0;53;032;2021;09;15;3;3;5;2;0;0;1;1;0;0;0;0;592220.195000019855797;5921918.924999745562673;10.388293682000040;53.438226781000026
7391;01210806181013812021;01;0;51;138;2021;08;13;6;3;8;7;0;0;0;1;0;0;0;0;515630.062000001780689;5996197.792999794706702;9.239098741000021;54.113693455000032
7392;01211002125013762021;01;0;54;104;2021;10;15;7;3;2;6;0;0;0;1;0;0;0;0;484407.832732834853232;6024413.623899400234222;8.760013886000024;54.367283752000048
7393;01210729145013192021;01;0;04;000;2021;07;14;5;3;2;2;0;1;0;1;0;0;0;0;563812.959560457617044;5991571.040901310741901;9.975121010000066;54.068394683000065
7395;01211006161013822021;01;0;62;023;2021;10;16;4;3;3;6;0;0;1;0;0;0;0;0;584345.416139427572489;5946839.853248186409473;10.276502080000057;53.663494249000053
7396;01210803125013922021;01;0;59;154;2021;08;18;3;3;2;6;0;0;1;0;0;0;0;0;560775.832727088592947;6062170.149282053112984;9.943153995000046;54.703175235000060
7397;01211018125013722022;01;0;54;118;2021;10;15;2;3;2;2;0;0;0;1;0;0;0;0;506275.836000000126660;6037642.664999816566706;9.096874649000029;54.486376517000053
7400;01210702125013442021;01;0;59;075;2021;07;20;6;2;0;1;0;0;0;0;0;1;0;0;534685.508444502018392;6040037.091365367174149;9.535678937000057;54.506747998000037
7401;01211022125013222021;01;0;54;019;2021;10;16;6;3;5;3;0;1;0;1;0;1;0;0;497941.364057471044362;6052929.618736259639263;8.968115617000024;54.623796280000079
7402;01211218145013902021;01;0;61;091;2021;12;22;7;3;9;1;2;1;0;1;0;0;0;0;537689.469919852912426;5993035.750816548243165;9.576142197000024;54.084131875000082
7403;01210903134013222021;01;0;57;044;2021;09;16;6;3;2;6;0;0;0;1;0;0;0;0;594110.003319712355733;6016733.738534390926361;10.445818226000029;54.289833945000055
7405;01211109125013512021;01;0;54;109;2021;11;17;3;3;2;6;2;1;0;1;0;0;0;0;490715.477998699061573;6070424.529224524274468;8.855643343000054;54.780939001000036
7406;01211024161013512021;01;0;53;118;2021;10;15;1;2;5;3;0;0;0;1;0;1;0;0;601480.076970662921667;5956831.981676260009408;10.539001160000055;53.750230372000033
7407;01210911171013302021;01;0;60;075;2021;09;17;7;1;4;6;0;1;0;1;0;1;0;0;595711.673296398483217;5988166.267335606738925;10.461342772000023;54.032865465000043
7408;01210825171013582021;01;0;60;044;2021;08;07;4;3;5;2;0;0;0;1;0;0;0;0;564059.586742956191301;5964788.353105597198009;9.973268826000037;53.827676358000076
7409;01210716161013722021;01;0;62;060;2021;07;09;6;2;5;2;0;0;0;1;0;1;0;0;584687.283000012859702;5935139.534999754279852;10.278494117000037;53.558296903000041
7410;01210817152013522021;01;0;03;000;2021;08;15;3;3;2;6;0;1;0;1;0;0;0;0;611997.218116618692875;5968323.869068052619696;10.702604076000057;53.851322994000043
7411;01210624105132142021;01;0;62;027;2021;06;15;5;3;8;6;0;0;0;1;0;1;0;0;589033.697013716213405;5954455.070707706734538;10.349622065000062;53.731146466000041
7412;01210721171013792021;01;0;56;001;2021;07;08;4;3;0;7;0;1;0;0;0;1;0;0;548850.048000001348555;5942632.450999764725566;9.738713187000030;53.630200584000079
7413;01211012125013882021;01;0;01;000;2021;10;18;3;2;0;1;0;0;1;0;0;0;0;0;529643.006846795789897;6073770.495551770552993;9.461227070000064;54.810217872000067
7414;01211222134013952021;01;0;02;000;2021;12;14;4;3;5;2;0;0;0;1;0;0;0;1;573386.068319262936711;6021198.664698950946331;10.128610331000061;54.333350486000029
7415;01211212181013582021;01;0;51;044;2021;12;15;1;3;7;7;1;1;1;0;0;0;0;0;506814.193336365744472;6006169.354875916615129;9.104465053000069;54.203506840000045
7416;01211130125013212021;01;0;59;075;2021;11;14;3;2;6;4;0;1;0;1;1;0;0;0;535054.862881724722683;6039842.188636749982834;9.541359768000063;54.504971052000030
7417;01211103171013622021;01;0;60;005;2021;11;09;4;3;2;6;0;0;0;1;0;0;1;0;584813.155080261640251;5977400.755589801818132;10.291994338000052;53.938037194000060
7418;01210903145013572022;01;0;58;022;2021;09;13;6;3;5;2;0;0;0;1;0;0;0;0;568610.572000005282462;6004524.457999797537923;10.051362789000052;54.184180389000062
7419;01210821145013172021;01;0;58;125;2021;08;03;7;2;8;7;2;1;0;1;0;0;0;0;537666.191224317066371;5996779.283555913716555;9.576252579000027;54.117777871000044
7420;01210617171013392021;01;0;56;015;2021;06;16;5;3;2;6;0;0;0;1;0;0;0;1;544852.617339520715177;5957269.819756176322699;9.680386908000060;53.762115235000067
7421;01210711152013362021;01;0;55;017;2021;07;10;1;3;5;2;0;0;1;1;0;0;0;0;632217.206403136253357;6025540.867972062900662;11.034814875000052;54.360501837000072
7422;01210620152013812021;01;0;55;043;2021;06;16;1;3;4;6;0;0;1;0;0;0;0;0;614367.950549336150289;6018410.517860842868686;10.757536295000023;54.300765652000052
7423;01210809125013002021;01;0;01;000;2021;08;11;2;3;2;6;0;1;0;1;0;0;0;0;527950.038461931049824;6070395.099871972575784;9.434560914000031;54.779982220000079
7425;01210924152013042021;01;0;03;000;2021;09;23;6;2;0;1;2;1;1;0;0;0;0;0;609829.921266126446426;5968947.122662868350744;10.669894917000022;53.857385345000068
7426;01210722161013842021;01;0;62;001;2021;07;08;5;3;4;6;0;0;0;1;0;0;0;0;582791.164100399240851;5945146.810339814051986;10.252534798000056;53.648528477000070
7429;01211205125013792021;01;0;59;051;2021;12;22;1;3;9;1;2;0;0;1;0;0;0;0;531064.698504138737917;6034512.487536914646626;9.479181082000025;54.457333825000035
7430;01210907171013962021;01;0;56;005;2021;09;08;3;3;5;3;0;0;0;1;0;0;0;0;562322.775000003166497;5946368.556999767199159;9.943170450000025;53.662347369000031
7431;01211122145013392021;01;0;04;000;2021;11;23;2;3;8;7;2;1;0;1;0;0;0;1;565393.684000005014241;5991791.130999792367220;9.999319427000046;54.070174311000073
7432;01211114171013922021;01;0;60;046;2021;11;02;1;3;8;7;2;1;0;1;0;0;0;0;574253.264950424432755;5956175.937734378501773;10.126037789000065;53.748924687000056
7433;01211028171013922021;01;0;60;073;2021;10;15;5;3;8;7;0;0;0;0;0;0;0;1;566760.371904583647847;5969320.058557715266943;10.015280450000034;53.868061727000054
7434;01210916125013552022;01;0;54;085;2021;09;15;5;3;0;7;0;0;1;0;0;0;0;0;458205.881053381599486;6056079.487734880298376;8.352261167000052;54.650376502000029
7435;01210830171013352021;01;0;56;040;2021;08;15;2;3;5;3;0;0;1;1;0;0;0;0;551030.991367209702730;5947461.233352806419134;9.772483226000077;53.673391823000031
7436;01211119145013492021;01;0;58;125;2021;11;19;6;3;1;7;2;1;0;1;0;1;0;0;537516.414000000804663;5996447.110999792814255;9.573920032000046;54.114803488000064
7437;01210920134013332021;01;0;02;000;2021;09;12;2;3;6;4;0;0;1;0;1;0;0;0;573673.909507053904235;6021242.734321393072605;10.133046996000076;54.333705003000034
7439;01210805134013182021;01;0;02;000;2021;08;13;5;3;0;7;0;0;0;0;0;1;1;0;573627.055200993083417;6022904.403559179976583;10.132737031000033;54.348642941000037
7440;01210929171013322021;01;0;56;041;2021;09;14;4;2;2;2;0;0;0;1;0;0;0;0;559858.632015169598162;5955118.742161273956299;9.907574695000051;53.741275266000059
7441;01210728161013272021;01;0;53;041;2021;07;08;4;3;1;7;0;0;0;1;0;0;1;0;614255.294838334433734;5964464.976330563426018;10.735480389000031;53.816162714000029
7443;01211005145013112021;01;0;04;000;2021;10;15;3;2;0;7;0;1;0;0;0;1;0;0;566264.478000004775822;5988449.343999791890383;10.011894151000035;54.040032310000072
7444;01210801181013912021;01;0;51;038;2021;08;18;1;3;8;1;0;0;0;0;0;1;0;0;499601.899173271842301;6018355.034032929688692;8.993880712000021;54.313071117000050
7445;01211015161013782021;01;0;62;094;2021;10;19;6;2;5;2;2;1;0;1;0;0;0;0;602426.836000033654273;5966487.771999752148986;10.556562981000070;53.836801663000074
7447;01211230152013732022;01;0;03;000;2021;12;17;5;3;5;2;2;1;1;0;0;0;0;1;610713.128699881955981;5968283.987535933032632;10.683078047000038;53.851240006000069
7448;01211021125013742021;01;0;59;075;2021;10;07;5;3;2;6;2;1;0;1;0;0;0;1;536244.067973102442920;6040917.659338684752584;9.559856097000022;54.514552401000060
7449;01211216152013562021;01;0;03;000;2021;12;15;5;3;2;6;1;0;0;1;0;0;0;0;611373.938507958315313;5968336.539424531161785;10.693138021000038;53.851570859000049
7450;01211108134013862021;01;0;02;000;2021;11;17;2;3;2;6;2;1;0;1;0;0;0;1;571181.660687598399818;6023855.487891368567944;10.095350182000061;54.357536323000033
7451;01211023171013852021;01;0;56;049;2021;10;23;7;3;8;7;2;0;1;0;0;0;0;0;545562.248876269906759;5949222.383380819112062;9.689965627000049;53.689725903000067
7452;01210910134013842021;01;0;02;000;2021;09;19;6;2;8;1;1;0;0;1;0;1;0;0;574109.817951313219965;6022057.722000610083342;10.139952050000034;54.340965058000052
7453;01210825125013702021;01;0;54;096;2021;08;10;4;3;0;1;0;1;0;0;0;1;0;0;510679.269000001251698;6032802.049999816343188;9.164671631000033;54.442799453000077
7454;01210715145013402021;01;0;58;077;2021;07;09;5;2;5;3;0;0;0;1;0;0;1;0;543358.407367586158216;5993026.682984571903944;9.662793443000055;54.083604251000054
7455;01210828152013442021;01;0;03;000;2021;08;13;7;3;5;3;0;1;1;1;0;0;0;0;611348.194000049494207;5971004.089999729767442;10.693714803000034;53.875542174000032
7456;01210623152013022021;01;0;03;000;2021;06;12;4;3;0;7;0;0;1;0;0;0;0;0;622123.922781664878130;5980533.957692166790366;10.861338113000045;53.958727872000054
7457;01210719152013142021;01;0;55;046;2021;07;01;2;3;4;6;2;0;0;1;0;0;1;0;637512.658112115226686;6031394.312742825597525;11.118958697000039;54.411671979000062
7459;01210629125013842021;01;0;59;138;2021;06;08;3;3;0;7;0;1;1;0;0;0;0;0;524833.247274899855256;6052268.467964552342892;9.384559287000059;54.617248092000068
7460;01211011125013352021;01;0;01;000;2021;10;12;2;3;2;6;0;1;0;1;0;0;0;0;527877.317475926131010;6071825.668793370947242;9.433567810000056;54.792842046000032
7461;01211221171013762022;01;0;60;005;2021;12;16;3;3;6;4;2;1;0;1;1;0;0;0;586089.681206050328910;5976810.933238591998816;10.311268418000054;53.932526552000070
7462;01211210152013962021;01;0;55;001;2021;12;13;6;2;1;5;0;1;0;1;0;0;0;0;603089.750000032596290;5985839.515999760478735;10.573158133000049;54.010539332000064
7463;01211128152013782021;01;0;03;000;2021;11;02;1;3;1;7;2;1;0;1;0;0;0;0;607420.587429339997470;5968293.127075290307403;10.633050269000023;53.852013565000050
7464;01211101181013272021;01;0;61;038;2021;11;10;2;2;5;3;0;0;0;1;0;0;0;1;548915.439330332912505;5973712.227950168773532;9.744628858000056;53.909524267000052
7465;01210901171013592021;01;0;56;021;2021;09;07;4;2;4;6;0;0;0;1;0;0;0;0;560170.264054984785616;5951132.430646384134889;9.911523863000070;53.705413639000028
7466;01211107171013782021;01;0;56;050;2021;11;13;1;3;2;2;0;1;0;1;0;0;0;1;547174.426962826400995;5939213.604684846475720;9.712858727000025;53.599626347000026
7467;01210616181013482021;01;0;61;073;2021;06;14;4;3;2;6;0;0;0;1;0;0;1;0;535043.906449967995286;5968265.780591068789363;9.532854777000068;53.861696955000070
7468;01210709152013832021;01;0;55;044;2021;07;14;6;3;2;4;0;0;1;0;1;0;0;0;614858.049925231374800;5988493.520328387618065;10.753658245000054;54.031898540000043
7469;01210807181013092021;01;0;51;046;2021;08;18;7;3;7;7;0;0;0;1;0;0;0;0;501255.536999999545515;5982127.467999788001180;9.019148265000069;53.987467562000063
7471;01211008161013002021;01;0;62;004;2021;10;16;6;3;5;2;0;0;0;1;0;0;0;1;593293.127133345231414;5960514.771869473159313;10.415998352000031;53.784851744000036
7472;01210803181013422021;01;0;51;044;2021;08;11;3;2;0;7;0;1;0;0;0;1;0;0;509282.754868542775512;6005482.685894085094333;9.142288043000065;54.197296589000075
7473;01211020125013192021;01;0;01;000;2021;10;14;4;3;5;3;0;1;0;1;0;1;0;0;528201.952862256206572;6072138.355015724897385;9.438647027000059;54.795633846000044
7476;01210906125013372021;01;0;59;067;2021;09;15;2;2;0;7;0;0;1;0;0;0;0;0;556061.888518508523703;6058951.292182505130768;9.869391596000071;54.674798141000053
7478;01211111171013602021;01;0;60;063;2021;11;08;5;3;5;2;0;1;1;1;0;0;0;0;565037.964000004343688;5948561.929999768733978;9.984714186000076;53.681728742000075
7479;01211028145013002021;01;0;58;001;2021;10;15;5;3;0;6;0;0;1;0;0;0;0;0;563431.610679924488068;6018591.921659849584103;9.974992275000034;54.311260522000055
7480;01210914145013912022;01;0;58;137;2021;09;12;3;3;0;7;0;0;1;0;0;0;0;0;553051.225246110931039;6048665.535974562168121;9.820845279000025;54.582695784000066
7481;01210909125013162021;01;0;54;052;2021;09;13;5;3;0;1;0;0;0;1;0;0;0;0;504673.857097057625651;6042264.302424520254135;9.072219526000026;54.527929148000055
7482;01210819181013812021;01;0;61;043;2021;08;13;5;3;3;6;0;0;1;1;0;0;0;0;521824.628131397999823;5990283.563919125124812;9.333431335000057;54.060312995000061
7483;01210708171013902021;01;0;56;001;2021;07;19;5;3;0;7;0;0;1;0;0;0;0;0;548784.549719840288162;5942570.147018868476152;9.737713041000063;53.629646720000039
132133;01210422125013722021;01;0;59;075;2021;04;07;5;2;6;4;0;0;0;1;1;0;0;0;535970.373426414094865;6041713.722508652135730;9.555725722000034;54.521725892000063
132134;01210219125013652021;01;0;54;113;2021;02;09;6;3;0;1;0;2;1;0;0;0;0;0;476811.766882017254829;6016774.885683100670576;8.643695474000026;54.298343535000072
132136;01210206134013042021;01;0;02;000;2021;02;18;7;3;0;1;2;0;1;0;0;0;0;0;573625.542166005820036;6015989.924562284722924;10.131008252000072;54.286511827000027
132137;01210113181013282021;01;0;61;046;2021;01;10;4;3;5;3;0;1;1;1;0;0;0;0;533238.432266703806818;5976182.341961698606610;9.506262475000028;53.932967543000075
132138;01210330152013442021;01;0;55;010;2021;03;15;3;2;5;2;0;0;1;1;0;0;0;0;635697.090815678238869;6010459.390272308140993;11.081486508000069;54.224132833000056
132140;01210505152013102021;01;0;03;000;2021;05;09;4;3;6;2;0;1;0;1;1;0;0;0;618638.190449823625386;5975415.605684004724026;10.806252714000038;53.913558068000043
132141;01210108134013522021;01;0;02;000;2021;01;11;6;3;5;3;0;1;0;1;0;0;0;0;570692.417906331829727;6023275.194537598639727;10.087685430000022;54.352390018000051
132142;01210310181013962021;01;0;51;001;2021;03;11;4;3;5;2;0;0;0;1;0;0;0;0;519040.741999999620020;5999905.994999798014760;9.291506345000073;54.146906363000028
132144;01210517134013532021;01;0;02;000;2021;05;11;2;3;5;7;0;0;0;0;0;1;0;1;570863.488027715124190;6023433.327453892678022;10.090354639000054;54.353787217000047
132145;01210417171013512021;01;0;60;063;2021;04;15;7;3;5;3;0;0;1;1;0;0;0;0;565984.517903601750731;5948603.918851761147380;9.999052137000035;53.681987429000060
132146;01210215145013342021;01;0;58;050;2021;02;22;2;3;0;7;2;2;0;1;0;0;0;1;560827.365438668988645;6017431.258833374828100;9.934732701000030;54.301147339000067
132148;01210517152013542021;01;0;03;000;2021;05;19;2;3;5;3;0;0;1;1;0;0;0;0;611372.655000048689544;5967428.981999725103378;10.692789442000048;53.843417439000063
132149;01210203152013542021;01;0;55;033;2021;02;07;4;3;5;3;2;1;0;1;0;0;0;0;623412.943361479789019;6018470.244836894795299;10.896477661000063;54.299197472000060
132150;01210325152013532021;01;0;03;000;2021;03;13;5;3;1;5;0;0;1;1;0;0;0;0;610479.382163032889366;5970221.597132833674550;10.680223741000077;53.868697774000054
132152;01210428152013602021;01;0;03;000;2021;04;17;4;3;0;7;0;0;1;0;0;0;0;0;611479.431308520026505;5970833.898377506062388;10.695648216000052;53.873984966000080
132153;01210301145013332021;01;0;58;135;2021;03;07;2;3;0;2;1;0;1;1;0;0;0;0;544929.400000000372529;6017270.500999808311462;9.690427970000030;54.301348247000078
132155;01210415134013432021;01;0;02;000;2021;04;16;5;3;6;7;0;0;0;1;1;0;0;0;577396.622381637804210;6017302.420965364202857;10.189264503000061;54.297748231000071
132156;01210130152013522021;01;0;03;000;2021;01;13;7;3;1;5;0;1;0;1;0;0;0;1;611982.073144544847310;5972112.038063975051045;10.703756779000059;53.885359708000067
132157;01210331181013732021;01;0;51;013;2021;03;12;4;3;0;7;0;0;1;0;0;0;0;0;490963.698000001721084;5998137.590999793261290;8.861709928000039;54.131285892000051
132159;01210512152013792021;01;0;55;033;2021;05;11;4;3;5;3;0;0;0;1;0;0;0;1;622657.788496703840792;6016155.664187522605062;10.883930841000051;54.278588314000046
132160;01210319181013122021;01;0;61;046;2021;03;21;6;3;8;1;2;0;0;1;0;0;0;0;534088.073000000789762;5974792.518999785184860;9.519047980000039;53.920421049000026
132162;01210425161013112021;01;0;53;090;2021;04;13;1;2;0;7;0;0;1;0;0;0;0;0;613240.360986842773855;5938925.547683781012893;10.710738366000044;53.586929917000077
132163;01210226171013082021;01;0;56;040;2021;02;17;6;3;5;3;0;0;1;1;0;0;0;0;550981.312942026183009;5947425.576617933809757;9.771725436000054;53.673076203000051
132165;01210409171013192021;01;0;56;044;2021;04;15;6;3;0;7;0;0;1;1;0;0;0;1;555845.538000001572073;5939583.395999766886234;9.843940819000068;53.602097655000080
132166;01210116134013942021;01;0;57;091;2021;01;15;7;3;5;3;0;0;1;1;0;0;0;0;580949.440208050422370;6015414.085673868656158;10.243331427000044;54.280230329000062
132167;01210326134013662021;01;0;02;000;2021;03;07;6;3;5;3;0;0;1;0;0;0;0;0;572981.770379581488669;6020689.414024021476507;10.122269310000036;54.328832500000033
132169;01210507152013402021;01;0;03;000;2021;05;13;6;3;6;6;0;0;1;0;1;0;0;0;623004.938061336986721;5980633.814525566995144;10.874798368000029;53.959416183000030
132170;01210317152013342021;01;0;03;000;2021;03;16;4;3;5;2;0;0;1;0;0;0;0;0;609063.481202721595764;5971079.638896618038416;10.659005185000069;53.876706164000041
132172;01210423152013332021;01;0;55;012;2021;04;09;6;2;5;2;0;0;1;1;0;0;0;0;605151.231000036932528;5999715.640999762341380;10.609418612000070;54.134790507000048
132173;01210220152013092021;01;0;55;012;2021;02;12;7;3;0;1;0;0;1;0;0;0;0;0;604140.690248955041170;5999947.155364409089088;10.594038053000077;54.137076217000072
132175;01210321171013342021;01;0;60;043;2021;03;17;1;2;8;1;0;0;0;1;0;0;0;0;577728.966540131717920;5962928.584003563970327;10.180436043000043;53.809099611000079
132177;01210506145013512021;01;0;58;043;2021;05;07;5;3;4;6;0;1;0;1;0;0;0;1;553894.380303908139467;6037789.479857711121440;9.831899728000053;54.484872564000057
132178;01210102171013832021;01;0;56;049;2021;01;18;7;3;6;4;2;1;0;0;1;1;0;0;543943.327980950474739;5948685.182315498590469;9.665375451000045;53.685036350000075
132179;01210309181013162021;01;0;61;046;2021;03;13;3;3;5;3;0;0;1;1;0;0;0;0;533976.158203924074769;5976212.019117642194033;9.517501755000069;53.933186387000035
132181;01210417134013322021;01;0;02;000;2021;04;16;7;3;6;4;0;0;0;1;1;0;0;0;573865.602848187088966;6019823.639016864821315;10.135643069000025;54.320925784000053
132182;01210212125013342021;01;0;01;000;2021;02;22;6;3;5;3;2;1;0;1;0;0;0;0;529342.128698067739606;6071492.314822930842638;9.456315073000042;54.789762849000056
132184;01210513181013912021;01;0;51;011;2021;05;23;5;3;0;7;2;1;0;1;0;0;0;0;507122.410893606953323;5971790.153545986860991;9.108383094000033;53.894508323000082
132186;01210426125013172021;01;0;59;120;2021;04;14;2;3;5;3;0;0;1;1;0;0;0;0;525528.690555171109736;6072263.339016560465097;9.397079865000023;54.796900176000065
132187;01210305152013482021;01;0;55;032;2021;03;17;6;3;8;7;0;0;0;1;0;0;0;0;619872.679030609317124;5996932.608831267803907;10.833517505000032;54.106568058000050
132189;01210413181013782021;01;0;51;015;2021;04;08;3;3;6;6;0;0;0;1;1;0;0;0;520830.379580401815474;6001718.747885301709175;9.319029812000053;54.163129115000061
132190;01210201171013542021;01;0;60;063;2021;02;16;2;3;5;2;0;1;0;1;0;0;0;0;565675.693000004626811;5951378.073999771848321;9.994964846000073;53.706957729000067
132191;01210131171013882021;01;0;56;043;2021;01;23;1;3;5;3;2;1;0;1;0;0;0;1;558765.413023958913982;5942465.481315320357680;9.888604214000054;53.627680870000063
132192;01210331152013852021;01;0;55;004;2021;03;18;4;3;5;2;0;0;0;1;0;1;0;0;609883.419716058298945;5973979.178557282313704;10.672511692000057;53.902583375000063
132194;01210509152013052021;01;0;55;028;2021;05;15;1;2;8;1;0;0;1;0;0;0;0;0;604844.247975420206785;6006400.537593280896544;10.607048232000068;54.194911239000078
132195;01210319171013592021;01;0;60;063;2021;03;16;6;3;5;3;0;0;0;1;0;0;0;1;568574.336657588370144;5949954.779093652963638;10.038555587000076;53.693794041000046
132196;01210421171013472021;01;0;60;063;2021;04;14;4;3;6;4;0;0;1;0;1;0;0;0;566821.006870990619063;5953301.638764288276434;10.012728191000065;53.724099357000057
132198;01210429134013042021;01;0;02;000;2021;04;16;5;3;5;3;0;1;1;0;0;0;0;1;573673.042000007815659;6019268.737999804317951;10.132546227000034;54.315967446000059
132199;01210302134013682022;01;0;02;000;2021;03;11;3;3;2;6;0;0;0;1;0;0;0;0;572341.065550965256989;6021127.422169677913189;10.112525245000029;54.332859541000062
132201;01210414152013772021;01;0;55;033;2021;04;18;4;3;5;3;0;0;1;1;0;0;0;0;622624.968235560692847;6017465.066696856170893;10.883963840000035;54.290358064000031
132202;01210127152013482021;01;0;03;000;2021;01;15;4;2;0;7;0;1;0;0;0;1;0;0;610796.785881808958948;5970181.484162464737892;10.685034185000063;53.868269732000044
132203;01210331152013492021;01;0;03;000;2021;03;16;4;2;1;5;0;0;1;1;0;0;0;0;612764.407015394419432;5971045.352974185720086;10.715261388000044;53.875607059000060
132205;01210507161013652021;01;0;62;023;2021;05;09;6;3;3;6;0;0;1;1;0;0;0;0;584494.081612679176033;5945389.427315844222903;10.278356947000077;53.650436438000042
132206;01210320161013002021;01;0;53;100;2021;03;14;7;3;8;1;0;0;0;1;0;0;0;0;615043.970217690803111;5952675.791574066504836;10.743060713000034;53.710073607000027
132207;01210427181013992021;01;0;61;017;2021;04;14;3;3;9;1;0;0;0;1;0;0;0;0;532682.783115786500275;5972902.900005782023072;9.497449128000028;53.903528270000038
132208;01210226161013002021;01;0;62;069;2021;02;18;6;3;5;3;2;0;1;1;0;0;0;0;584975.726000014692545;5944167.635999761521816;10.285308071000031;53.639379179000059
132210;01210408145013542021;01;0;58;050;2021;04;22;5;2;9;1;2;0;0;1;0;0;0;0;560799.386027383618057;6017195.065150555223227;9.934254746000022;54.299028169000053
132211;01210121152013892021;01;0;03;000;2021;01;12;5;3;6;4;0;0;0;0;1;0;0;1;609962.034948396496475;5970889.956485457718372;10.672599005000052;53.874812363000046
132212;01210330145013602021;01;0;58;005;2021;03;17;3;3;5;3;0;0;1;1;0;0;0;0;573561.745667247101665;6026665.935733649879694;10.132662199000038;54.382452036000075
132214;01210504181013002021;01;0;61;061;2021;05;14;3;3;5;3;0;1;0;1;0;0;0;0;537843.663002131506801;5971420.599861426278949;9.575813164000067;53.889854818000060
132215;01210317145013362021;01;0;58;140;2021;03;13;4;3;5;3;0;0;1;1;0;0;0;0;546880.478487140499055;6017961.894446168094873;9.720516035000060;54.307386306000069
132217;01210422134013492021;01;0;57;091;2021;04;11;5;3;1;5;0;0;0;1;0;1;0;0;580802.852632998488843;6015606.476740198209882;10.241132486000026;54.281982225000036
132218;01210222125013202021;01;0;59;077;2021;02;11;2;3;5;3;0;0;0;1;0;0;0;0;527938.972624282352626;6042731.546539200469851;9.431745241000044;54.531379401000038