OBJECTID;UIDENTSTLAE;ULAND;UREGBEZ;UKREIS;UGEMEINDE;UJAHR;UMONAT;USTUNDE;UWOCHENTAG;UKATEGORIE;UART;UTYP1;ULICHTVERH;USTRZUSTAND;IstRad;IstPKW;IstFuss;IstKrad;IstGkfz;IstSonstige;LINREFX;LINREFY;XGCSWGS84;YGCSWGS84
132440;01210308125013032021;01;0;01;000;2021;03;11;2;3;0;7;0;0;1;0;0;0;0;0;527574.666171728633344;6071936.996982369571924;9.428871499000024;54.793859219000069
132442;01210416125013722021;01;0;54;113;2021;04;17;6;2;8;7;0;0;1;0;0;0;0;0;478141.096835539676249;6014957.060597309842706;8.664254126000060;54.282064751000064
132443;01210107171013022021;01;0;56;044;2021;01;07;5;3;1;5;1;2;0;1;0;0;1;0;555674.168860955163836;5941045.327966708689928;9.841612607000059;53.615255056000080
132444;01210214145013402021;01;0;58;128;2021;02;10;1;3;3;6;0;0;1;1;0;0;0;0;562837.227238275110722;5989720.714518517255783;9.959829777000039;54.051886529000058
132446;01210512145013912021;01;0;58;135;2021;05;14;4;3;5;3;0;0;1;0;0;0;1;0;543567.525326828472316;6016461.467991420999169;9.669383766000067;54.294195544000047
132448;01210426145013112021;01;0;04;000;2021;04;16;2;3;0;7;0;0;1;0;0;0;0;0;564484.556000003591180;5992122.285999791696668;9.985499270000048;54.073264820000077
132449;01210301161013912021;01;0;62;006;2021;03;07;2;3;0;7;1;1;0;0;0;1;0;0;584677.664794193580747;5953085.598539924249053;10.283234828000047;53.719565625000030
132450;01210102171013812021;01;0;60;092;2021;01;12;7;3;5;7;0;1;1;0;0;0;0;1;580112.397663847543299;5979189.979076704010367;10.220873673000028;53.954863852000074
132451;01210412134013852021;01;0;02;000;2021;04;14;2;3;1;5;0;0;1;1;0;0;0;0;576939.321115041151643;6021635.551981419324875;10.183356222000043;54.336752752000052
132452;01210131171013532022;01;0;56;050;2021;01;14;1;3;4;1;0;2;0;1;0;0;0;0;544827.213999999687076;5937659.544999765232205;9.677169120000030;53.585864629000071
132453;01210104171013192021;01;0;56;039;2021;01;10;2;3;6;4;0;1;1;0;1;0;0;0;552310.262427443638444;5945178.486398153007030;9.791461727000069;53.652749022000080
132454;01210309125013222021;01;0;54;020;2021;03;17;3;3;8;6;1;0;0;1;0;1;0;0;499713.896260470151901;6052378.938615746796131;8.995569331000070;54.618851442000050
132456;01210420125013432021;01;0;01;000;2021;04;19;3;3;0;7;0;0;1;0;0;0;0;0;528165.141999999992549;6072187.015999838709831;9.438079226000070;54.796073205000027
132457;01210106161013472021;01;0;53;116;2021;01;07;4;3;0;7;2;1;1;0;0;0;0;0;597533.785032531246543;5928939.492204666137695;10.470436198000073;53.500355690000049
132458;01210209145013932021;01;0;58;059;2021;02;12;3;3;9;1;0;2;0;1;0;0;0;0;555321.991514316760004;5998568.348282843828201;9.846667847000049;54.132259661000035
132460;01210513145013132021;01;0;58;135;2021;05;20;5;3;2;6;0;0;0;1;0;0;0;0;541915.503134163096547;6018692.369486713781953;9.644316468000056;54.314382597000076
132461;01210202171013482021;01;0;60;005;2021;02;13;3;3;2;2;0;0;1;1;0;0;0;0;585513.027147005312145;5976834.542954102158546;10.302494274000026;53.932834254000056
132462;01210112134013362021;01;0;02;000;2021;01;23;3;3;0;7;2;2;1;0;0;0;0;0;573331.648000005632639;6021749.113999808207154;10.127908957000045;54.338304466000068
132464;01210426171013192021;01;0;56;015;2021;04;15;2;3;4;6;0;0;0;1;0;0;0;0;543681.183011450804770;5957487.022840049117804;9.662649023000029;53.764166915000033
132465;01210305145013982021;01;0;58;092;2021;03;10;6;3;0;2;0;0;1;1;0;0;0;0;570743.940281758084893;6021708.306647874414921;10.088106014000061;54.338303168000039
132467;01210413152013712021;01;0;55;044;2021;04;18;3;3;8;6;0;0;0;1;0;1;0;0;614518.650053942576051;5988025.961675520986319;10.748302681000041;54.027773583000055
132468;01210131171013262021;01;0;60;040;2021;01;17;1;3;9;1;2;2;0;1;0;0;0;0;555988.264000002294779;5974539.147999783977866;9.852435928000034;53.916239978000078
132469;01210401161013002021;01;0;62;004;2021;04;12;5;3;2;6;0;0;0;1;0;0;0;0;592861.411418993957341;5961311.039927797392011;10.409687867000059;53.792083806000051
132471;01210508125013352022;01;0;59;113;2021;05;16;7;3;3;6;0;0;0;1;0;0;0;0;535047.063000883907080;6077524.016176730394363;9.545761689000074;54.843599415000028
132472;01210320161013762021;01;0;53;116;2021;03;15;7;3;5;3;0;0;1;1;0;0;0;0;598370.716819929890335;5930318.316309748217463;10.483481929000050;53.512589470000080
132473;01210421134013722021;01;0;02;000;2021;04;14;4;3;4;2;0;0;1;1;0;0;0;0;573285.900607009418309;6019962.770088996738195;10.126766548000035;54.322259522000081
132474;01210224181013672021;01;0;61;046;2021;02;12;4;3;5;3;0;0;1;1;0;0;0;0;533763.112989230081439;5977455.503855045884848;9.514394396000057;53.944376325000064
132476;01210406145013992021;01;0;58;034;2021;04;14;3;3;2;6;0;0;0;1;0;0;0;0;543732.302555116824806;6018684.142729295417666;9.672240645000045;54.314156295000032
132477;01210204145013992021;01;0;58;104;2021;02;15;5;3;5;3;0;1;0;0;0;0;0;1;566971.551706247031689;6018511.604579830542207;10.029376394000053;54.310086832000081
132478;01210123161013172021;01;0;62;001;2021;01;14;7;3;5;3;0;0;1;1;0;0;0;0;582036.138485052622855;5949210.879792667925358;10.242188837000072;53.685168387000033
132479;01210328145013712021;01;0;58;103;2021;03;11;1;3;8;1;0;0;0;1;0;0;0;0;548192.860804648138583;5989724.979840837419033;9.736163307000027;54.053501854000046
132481;01210503125013902021;01;0;54;168;2021;05;15;2;2;8;7;0;0;1;0;0;0;0;0;455790.280000000260770;6085326.606999844312668;8.310369251000054;54.912988069000050
132482;01210315171013502021;01;0;56;041;2021;03;18;2;2;0;7;1;1;1;0;0;0;0;0;558533.042399518191814;5954636.105957122519612;9.887387449000073;53.737088198000038
132484;01210517181013812021;01;0;61;046;2021;05;04;2;3;5;3;1;1;0;1;0;0;0;0;533812.593430719338357;5976971.611784381791949;9.515094637000061;53.940024047000065
132485;01210420161013552021;01;0;53;032;2021;04;18;3;3;1;5;0;0;1;1;0;0;0;0;591064.523273650556803;5921101.168478511273861;10.370665054000028;53.431079149000027
132486;01210222125013022021;01;0;59;075;2021;02;15;2;3;5;3;0;0;0;1;0;0;0;0;535932.454814193770289;6041733.087073054164648;9.555142288000070;54.521902605000037
132488;01210518134013052021;01;0;02;000;2021;05;17;3;3;5;2;0;0;1;1;0;0;0;0;572344.305895343422890;6018861.465748382732272;10.112025707000043;54.312497791000055
132489;01210112161013312021;01;0;62;061;2021;01;13;3;3;0;7;0;0;1;0;0;0;0;0;598596.679197594523430;5965208.489095943048596;10.497968831000037;53.826048059000072
132490;01210323134013102021;01;0;02;000;2021;03;21;3;3;5;3;2;0;1;0;0;0;0;1;573941.130559032782912;6019925.204323416575789;10.136829178000028;54.321827482000060
132492;01210429152013772021;01;0;03;000;2021;04;17;5;3;2;2;0;1;0;1;0;0;0;0;610322.751716361381114;5968314.146364588290453;10.677157117000036;53.851594032000037
132493;01210106125013522021;01;0;01;000;2021;01;15;4;3;5;2;0;0;1;1;0;0;0;0;528781.576542948372662;6068456.278930377215147;9.447296821000066;54.762512038000068
132494;01210305171013532021;01;0;56;035;2021;03;10;6;3;4;6;0;0;0;1;0;0;0;0;550456.190968418493867;5964076.927488828077912;9.766496390000043;53.822781089000046
132496;01210415152013542021;01;0;55;040;2021;04;07;5;3;5;3;0;0;1;1;0;0;0;0;607604.833363170735538;5972456.073112742975354;10.637310446000072;53.889377173000071
132497;01210103125013922021;01;0;54;113;2021;01;13;1;3;0;7;0;1;1;0;0;0;0;0;475959.033577898517251;6017240.255110347643495;8.630555442000059;54.302486526000052
132498;01210210152013122021;01;0;55;012;2021;02;14;4;3;4;5;0;2;0;1;0;0;0;0;605243.142662218771875;5998980.726108750328422;10.610568590000071;54.128169100000036
132500;01210513125013692021;01;0;59;144;2021;05;19;5;3;8;1;0;1;0;0;0;0;0;1;515458.136316181160510;6067492.067069582641125;9.240187744000025;54.754433715000062
132502;01210427161013962021;01;0;53;032;2021;04;03;3;3;1;5;2;0;0;1;0;0;0;0;595169.768633552826941;5918060.681602388620377;10.431516750000071;53.403032479000046
132503;01210206152013622021;01;0;55;032;2021;02;07;7;3;5;3;1;1;1;1;0;0;0;0;618896.808598291128874;5996905.424260728061199;10.818588689000023;54.106550268000035
132504;01210226171013492021;01;0;56;043;2021;02;15;6;3;5;2;0;0;1;1;0;0;0;0;554817.475000003352761;5944989.926999766379595;9.829358680000041;53.650797610000041
132506;01210410181013832021;01;0;61;046;2021;04;18;7;3;5;3;0;0;1;1;0;0;0;0;533056.073647252283990;5976229.398436920717359;9.503490137000028;53.933402145000059
132507;01210202145013832021;01;0;58;128;2021;02;16;3;3;8;1;2;2;0;1;0;0;0;0;561463.427059120498598;5987577.951773900538683;9.938414417000047;54.032795894000060
132508;01210201145013932021;01;0;04;000;2021;02;09;2;3;5;3;0;0;0;1;0;0;0;0;566199.947674431838095;5991177.850112719461322;10.011504351000042;54.064560147000066
132509;01210401171013402022;01;0;56;039;2021;04;11;5;3;2;6;0;0;0;1;0;0;0;0;554190.559467895887792;5944620.541459992527962;9.819810462000021;53.647543066000082
132511;01210509152013752021;01;0;03;000;2021;05;13;1;3;5;3;0;0;1;1;0;0;0;0;611426.279471518471837;5971257.767540777102113;10.694994175000033;53.877804494000031
132512;01210314134013882021;01;0;02;000;2021;03;02;1;3;0;7;2;1;0;0;0;0;0;1;574303.541661485098302;6019975.911576576530933;10.142412574000048;54.322230498000067
132513;01210420181013122021;01;0;51;011;2021;04;12;3;3;0;7;0;1;1;0;0;0;0;0;507950.811833370476961;5972600.063197705894709;9.121010032000072;53.901775790000045
132514;01210223125013682021;01;0;54;168;2021;02;11;3;3;5;3;0;0;0;1;0;0;0;0;455552.704761683009565;6084617.863430058583617;8.306773047000036;54.906598288000055
132516;01210115125013722021;01;0;54;056;2021;01;13;6;3;0;7;0;0;1;0;0;0;0;0;503855.946971423923969;6036891.295106180012226;9.059511140000041;54.479647976000081
132517;01210329171013612021;01;0;56;044;2021;03;17;2;3;1;5;0;0;0;1;0;0;0;0;556382.983862071298063;5940223.365532105788589;9.852177528000027;53.607791844000076
132519;01210503161013152021;01;0;62;006;2021;05;12;2;3;0;7;0;0;1;0;0;0;0;0;583152.043483437970281;5954591.094671532511711;10.260525861000076;53.733339574000070
132520;01210108134013742021;01;0;02;000;2021;01;17;6;3;6;4;2;1;0;1;1;0;0;0;574701.679097901098430;6018822.138815175741911;10.148243821000051;54.311805012000036
132521;01210308134013322021;01;0;57;051;2021;03;10;2;2;6;4;0;0;0;1;1;0;0;0;577297.390774725936353;6022946.632116788998246;10.189202193000028;54.348479296000050
132523;01210403152013372021;01;0;55;023;2021;04;11;7;3;0;1;0;0;0;0;0;1;0;0;625018.158917676657438;6010505.719987273216248;10.917805209000051;54.227266091000047
132525;01210508181013902021;01;0;51;088;2021;05;13;7;3;0;7;0;0;0;0;0;1;0;0;518600.857483585365117;6012310.838848572224379;9.285539633000042;54.258411028000069
132526;01210316171013362022;01;0;60;005;2021;03;10;3;3;6;6;0;1;0;1;1;0;0;0;584825.947000011801720;5979653.695999780669808;10.292815163000057;53.958279360000063
132527;01210424134013582021;01;0;57;077;2021;04;19;7;3;0;7;0;0;1;0;0;0;0;0;593080.144977351650596;6016484.481566479429603;10.429924339000024;54.287783043000047
132528;01210227171013782021;01;0;56;041;2021;02;15;7;3;0;7;0;0;0;0;0;0;0;1;561947.723000003024936;5955478.856999775394797;9.939316998000038;53.744267640000032
132530;01210119181013182021;01;0;61;029;2021;01;13;3;3;5;3;0;1;1;1;0;0;0;0;528058.313798485323787;5959838.400129327550530;9.425871233000066;53.786376797000059
132531;01210330125013632021;01;0;54;085;2021;03;20;3;3;9;7;1;0;1;0;0;0;0;0;457941.959977980703115;6055014.909979132935405;8.348324174000027;54.640787876000047
132533;01210504152013432021;01;0;55;004;2021;05;23;3;3;3;6;2;0;0;1;0;0;0;0;611332.840612187050283;5975899.035927424207330;10.695261001000063;53.919522340000071
132534;01210108125013492021;01;0;54;084;2021;01;18;6;3;0;7;2;1;1;0;0;0;0;0;506160.039604276418686;6035257.055994715541601;9.095037490000038;54.464938012000061
132535;01210312152013702021;01;0;03;000;2021;03;13;6;3;0;6;0;0;1;1;0;0;0;0;612369.700265682302415;5972508.392179626971483;10.709796812000036;53.888836761000050
132537;01210515145013802021;01;0;04;000;2021;05;16;7;3;2;2;0;1;0;1;0;0;1;0;564387.952565167099237;5988767.618485789746046;9.983310839000069;54.043130171000030
132538;01210417152013592021;01;0;55;039;2021;04;15;7;2;6;7;0;0;0;1;1;0;0;0;615854.798878682777286;5996033.534208731725812;10.771750469000040;54.099411598000074
132539;01210222152013072021;01;0;03;000;2021;02;18;2;3;0;1;2;0;1;1;0;0;0;0;609986.155063495971262;5969962.858289973810315;10.672633274000077;53.866477943000064
132541;01210517171013952021;01;0;56;002;2021;05;12;2;3;5;3;0;0;1;1;0;0;0;0;551677.899627008475363;5960158.619267895817757;9.784396257000026;53.787445804000072
132542;01210114161013862021;01;0;62;001;2021;01;07;5;3;0;7;2;1;1;0;0;0;0;0;580893.985955799929798;5947271.237496638670564;10.224393151000072;53.667916165000065
132543;01210321134013332021;01;0;57;091;2021;03;12;1;3;0;1;0;0;1;0;0;0;0;0;581093.803574318997562;6015256.421183474361897;10.245505443000070;54.278790777000040
132545;01210430152013532021;01;0;55;032;2021;04;08;6;3;6;6;0;0;0;1;1;0;0;0;618600.615220752544701;5996907.537826074287295;10.814061597000034;54.106637610000064
132546;01210209134013152021;01;0;57;013;2021;02;07;3;3;9;1;2;2;0;1;0;0;0;0;603382.460677780210972;6011537.175371682271361;10.586419808000073;54.241356276000033
132547;01210303181013652021;01;0;61;029;2021;03;10;4;3;0;7;0;0;0;1;0;0;0;0;527558.341508462093771;5959937.463933013379574;9.418291696000040;53.787293891000047
132549;01210414161013642021;01;0;53;032;2021;04;12;4;3;0;6;0;0;0;1;0;0;0;1;590111.930462069809437;5922137.457647334784269;10.356628056000034;53.440555140000072
132550;01210125181013162021;01;0;51;122;2021;01;16;2;2;5;3;0;1;1;1;0;0;0;0;505642.277309557422996;6007999.072368189692497;9.086533374000055;54.219965825000031
132551;01210209171013942021;01;0;56;030;2021;02;09;3;3;9;1;0;2;0;1;0;0;0;0;545812.101000000722706;5959560.821999778971076;9.695280710000077;53.782622360000062
132553;01210513125013212021;01;0;54;061;2021;05;13;5;3;0;1;0;1;1;0;0;0;0;0;457983.812492887489498;6089777.365901108831167;8.343933108000044;54.953171613000052
132555;01210425145013762021;01;0;58;171;2021;04;13;1;3;5;3;0;0;1;1;0;0;0;0;557961.119995369575918;6015515.901573512703180;9.890321842000048;54.284268425000050
132556;01210226181013042021;01;0;61;113;2021;02;14;6;2;0;1;0;0;1;0;0;0;0;0;524289.472285302355886;5975049.344474965706468;9.369872402000055;53.923281492000058
132558;01210409134013972021;01;0;57;069;2021;04;13;6;3;5;3;0;1;0;1;0;0;0;0;579807.455052003264427;5994183.617607228457928;10.220165075000068;54.089641578000055
132559;01210122125013762021;01;0;59;075;2021;01;20;6;2;5;2;2;1;0;1;0;1;0;0;536699.465651731938124;6040915.203732294961810;9.566889864000075;54.514497565000056
132560;01210330152013622021;01;0;55;012;2021;03;11;3;3;0;7;0;0;1;0;0;0;0;0;605095.860617060214281;6000000.907543649896979;10.608670826000036;54.137364714000057
132562;01210508181013662021;01;0;51;044;2021;05;11;7;3;5;3;0;0;0;1;0;0;0;0;506544.493524744175375;6006066.062902111560106;9.100328176000062;54.202582007000046
132563;01210319145013712021;01;0;58;058;2021;03;14;6;3;2;6;0;0;0;1;0;0;0;0;563599.037000001408160;6030061.683999815955758;9.980015943000069;54.414307673000053
132564;01210423152013432021;01;0;55;032;2021;04;14;6;3;6;4;0;0;0;1;1;0;0;0;619210.800160861574113;5995789.650586007162929;10.822948915000040;54.096454390000076
132565;01210222125013912021;01;0;59;126;2021;02;17;2;3;5;3;1;0;0;1;0;0;0;1;533884.129554508253932;6067028.851753009483218;9.526426111000035;54.749366296000062
132567;01210112171013432021;01;0;56;015;2021;01;22;3;2;0;1;2;2;1;0;0;0;0;0;543721.112496868707240;5957308.519100029021502;9.663229432000037;53.762559232000058
132568;01210325125013632021;01;0;54;165;2021;03;14;5;3;9;7;0;0;0;0;0;0;0;1;482461.870563821867108;6066305.858980920165777;8.727565378000065;54.743705325000064
132570;01210501161013712021;01;0;53;117;2021;05;07;7;3;0;7;0;0;0;1;0;0;0;0;626103.828125499188900;5940882.953334921970963;10.905747958000063;53.601578949000043
132571;01210110134013462021;01;0;57;091;2021;01;15;1;3;5;3;0;0;0;1;0;0;0;0;579921.599614972248673;6016228.424840647727251;10.227766083000063;54.287709218000032
132572;01210310145013682021;01;0;04;000;2021;03;06;4;3;5;3;0;0;1;0;0;0;0;1;566096.844687844626606;5994351.961495099589229;10.010621979000064;54.093097218000082
132574;01210419171013292021;01;0;56;018;2021;04;18;2;3;0;1;0;0;0;0;0;1;0;0;557994.243689785711467;5942158.856746369972825;9.876887580000073;53.625011093000069
132575;01210214134013632021;01;0;02;000;2021;02;15;1;3;1;5;0;0;0;1;0;0;0;0;572789.770867285318673;6019083.004481110721827;10.118925651000040;54.314425176000043
132577;01210511145013862021;01;0;58;058;2021;05;15;3;3;0;7;0;0;1;0;0;0;0;0;563538.942000002600253;6029216.203999811783433;9.978909071000032;54.406717708000031
132579;01210429152013952021;01;0;55;040;2021;04;12;5;2;5;3;0;1;0;1;0;0;0;1;608249.087299245409667;5974345.149689147248864;10.647776722000060;53.906215238000073
132580;01210305161013762021;01;0;62;053;2021;03;13;6;3;5;3;0;0;1;0;0;0;0;1;576369.370685358531773;5933527.513787869364023;10.152557209000065;53.545086163000065
132582;01210413145013812021;01;0;58;043;2021;04;11;3;3;6;2;0;1;1;0;1;0;0;0;554120.487901467829943;6037340.602569704875350;9.835307241000066;54.480814781000049
132583;01210125152013632021;01;0;55;035;2021;01;12;2;3;5;7;0;0;0;1;0;0;0;0;619188.268398630432785;5978388.286602107807994;10.815782015000025;53.940136958000039
132584;01210331171013072021;01;0;60;039;2021;03;14;4;3;5;3;0;0;1;1;0;0;0;0;564747.819348212331533;5961041.569275122135878;9.982935458000043;53.793919194000068
132586;01210507125013202021;01;0;01;000;2021;05;13;6;3;3;6;0;0;1;0;0;0;0;1;530575.769980469718575;6074265.018055606633425;9.475791966000031;54.814605831000051
132587;01210517145013292021;01;0;58;034;2021;05;15;2;3;5;2;0;0;1;1;0;0;0;0;543722.045205092988908;6018726.152849340811372;9.672089136000068;54.314534711000078
132588;01210419125013562021;01;0;59;171;2021;04;16;2;2;0;7;0;0;1;0;0;0;0;0;525792.180873928591609;6057562.163621794432402;9.399875202000032;54.664773077000063
132589;01210215152013102021;01;0;55;033;2021;02;18;2;3;0;1;2;2;0;1;0;0;0;0;620674.715416162274778;6019373.084348866716027;10.854788849000045;54.307961502000069
132591;01210517171013532022;01;0;56;050;2021;05;11;2;3;5;3;0;1;0;1;0;0;0;0;546458.329303457401693;5937011.933469437062740;9.701710676000062;53.579901999000072
132592;01210325171013092021;01;0;60;039;2021;03;19;5;3;6;4;1;0;0;1;1;0;0;0;564920.359000004827976;5958782.811999779194593;9.985078742000042;53.773598444000072
132594;01210429181013342021;01;0;61;046;2021;04;13;5;2;5;2;0;0;1;1;0;0;0;0;533659.971491135656834;5974150.006743468344212;9.512458991000074;53.914674348000062
132595;01210303125013462021;01;0;59;112;2021;03;11;4;3;5;3;0;0;0;1;0;0;1;0;556602.579653993248940;6066055.557325270026922;9.879155094000055;54.738575212000057
132597;01210415134013942021;01;0;02;000;2021;04;14;5;2;0;7;0;0;1;0;0;0;0;0;573214.078994899988174;6017513.099891645833850;10.125061911000046;54.300257790000046
132598;01210130171013872021;01;0;56;039;2021;01;18;7;3;0;7;2;2;1;0;0;0;0;0;551283.138000002130866;5948107.562999766319990;9.776406532000067;53.679176085000051
132599;01210331161013772021;01;0;62;061;2021;03;10;4;2;9;7;0;0;0;1;0;0;0;0;597718.666000027209520;5966971.044999759644270;10.485194530000058;53.842050674000063
132601;01210512134013062021;01;0;02;000;2021;05;08;4;3;6;7;0;0;0;1;1;0;0;0;575828.100000007078052;6016226.401999806985259;10.164895464000040;54.288314727000056
132602;01210319181013372021;01;0;61;107;2021;03;12;6;3;5;3;0;0;0;1;0;0;0;0;525344.335256719961762;5985825.780256051570177;9.386831121000057;54.020086920000040
132604;01210425145013052021;01;0;60;028;2021;04;15;1;3;8;1;0;0;0;0;0;1;0;0;568126.763137976638973;5987414.492839170619845;10.040094973000066;54.030490121000071
132605;01210224181013062021;01;0;61;049;2021;02;10;4;3;0;7;0;0;1;0;0;0;0;0;546663.763303535990417;5978305.942051086574793;9.711056524000071;53.951017138000054
132607;01210409181013492021;01;0;61;046;2021;04;16;6;3;5;2;0;1;0;1;0;0;0;0;532412.180341007187963;5978238.841527830809355;9.493896435000067;53.951503064000065
132608;01210118181013962021;01;0;51;071;2021;01;12;2;3;0;1;0;1;1;0;0;0;0;0;501533.818557106889784;6019967.660347061231732;9.023584922000055;54.327562343000068
132609;01210328152013282021;01;0;03;000;2021;03;11;1;2;0;1;0;1;1;0;0;0;0;0;610244.613829542882740;5969161.227544665336609;10.676273987000059;53.859221044000037
132611;01210510125013092021;01;0;54;160;2021;05;20;2;3;8;7;0;0;1;0;0;0;0;0;460632.860508705489337;6053320.472186634317040;8.390243944000076;54.625778020000041
132612;01210318181013132021;01;0;51;044;2021;03;07;5;3;5;3;0;0;0;1;0;0;0;0;505610.417947752401233;6005782.847196770831943;9.086003375000075;54.200047649000055
132614;01210423125013152021;01;0;59;075;2021;04;22;6;3;7;7;2;0;0;0;0;1;0;0;538164.190612734295428;6041801.298990564420819;9.589628593000043;54.522352439000031
132615;01210220171013722021;01;0;60;025;2021;02;11;7;3;4;6;0;0;0;0;0;1;0;1;600535.748000028543174;5988993.880999766290188;10.535243120000075;54.039383802000032
132617;01210112152013842022;01;0;55;028;2021;01;15;3;3;4;6;0;1;0;1;0;0;0;0;600542.132508394308388;6008424.199901254847646;10.541809466000075;54.213953946000061
132618;01210324125013092021;01;0;01;000;2021;03;16;4;3;5;2;0;0;0;1;0;0;0;0;527548.658413081429899;6072241.020928800106049;9.428495905000034;54.796592752000038
132620;01210503152013342021;01;0;03;000;2021;05;13;2;3;5;3;0;0;1;1;0;0;0;0;613591.684687734581530;5972783.610917009413242;10.728483071000028;53.891043136000064
132621;01210105152013442021;01;0;55;004;2021;01;07;3;3;5;3;2;1;0;1;0;0;0;1;610235.723853859119117;5974799.155418835580349;10.678166838000038;53.909875415000045
132622;01210307161013322021;01;0;62;018;2021;03;16;1;3;5;3;0;0;1;1;0;0;0;0;581155.281198509968817;5933253.910254638642073;10.224697012000036;53.541909632000056
132624;01210420125013182021;01;0;59;182;2021;04;18;3;3;0;7;0;0;1;0;0;0;0;0;531971.695599781349301;6063632.206834483891726;9.496342445000039;54.718967729000042
132625;01210212161013572021;01;0;62;018;2021;02;15;6;3;6;7;0;0;0;1;1;0;0;0;580491.014803370460868;5933095.470891045406461;10.214634431000036;53.540588024000044
132627;01210511161013082021;01;0;62;004;2021;05;13;3;3;6;7;0;0;0;1;0;0;0;1;592285.755739294923842;5962628.601122219115496;10.401346679000028;53.804025184000068
132628;01210202181013102021;01;0;51;044;2021;02;19;3;3;5;3;2;1;0;1;0;0;0;0;505587.560225222259760;6005601.186488524079323;9.085649608000040;54.198415203000081
132630;01210430134013212021;01;0;02;000;2021;04;15;6;3;2;6;0;0;0;1;0;0;0;0;577402.374573238193989;6020795.876463780179620;10.190258525000047;54.329137830000036
132631;01210301161013392021;01;0;53;090;2021;03;06;2;2;5;3;1;0;1;1;0;0;0;0;611808.518354116939008;5942212.566425224766135;10.690296661000048;53.616769737000027
132633;01210413181013912021;01;0;61;049;2021;04;19;3;3;5;3;0;0;0;1;0;0;0;0;546735.040403597988188;5978757.588969973847270;9.712211710000076;53.955069788000060
132634;01210129134013582021;01;0;57;091;2021;01;13;6;3;1;6;0;0;0;1;0;0;0;0;577683.637514634057879;6017204.896818537265062;10.193648326000073;54.296828369000082
132635;01210403181013312021;01;0;61;022;2021;04;00;7;3;9;1;2;1;0;1;0;0;0;0;534878.971124823205173;5970636.593532493337989;9.530616644000077;53.883016275000045
132637;01210509152013632021;01;0;55;032;2021;05;18;1;3;2;2;0;0;0;1;0;1;0;0;619041.408000066876411;5997377.235999701544642;10.820984949000035;54.110755221000034
132638;01210319152013632021;01;0;55;042;2021;03;12;6;3;5;3;0;0;1;0;0;0;0;1;619848.509620965458453;5983761.774688957259059;10.827946383000040;53.988256719000049
132639;01210421145013932021;01;0;58;135;2021;04;10;4;3;1;5;0;0;1;1;0;0;0;0;542687.202084854245186;6018050.308948513120413;9.656086223000045;54.308548558000041
132640;01210225152013702021;01;0;03;000;2021;02;09;5;3;2;6;0;0;0;1;0;0;0;0;606898.198611231520772;5969152.163076328113675;10.625411360000044;53.859839374000046
132642;01210407134013862021;01;0;02;000;2021;04;13;4;3;5;3;0;0;1;1;0;0;0;0;572653.534551148302853;6018018.179630737751722;10.116572810000036;54.304876335000074
132643;01210205145013952021;01;0;58;026;2021;02;15;6;3;6;7;0;2;0;1;1;0;0;0;554474.302795847877860;6022477.078252959996462;9.838038801000039;54.347208384000055
132644;01210123171013802021;01;0;56;015;2021;01;09;7;3;0;7;0;2;1;0;0;0;0;0;543391.894202560186386;5954746.938363408669829;9.657875896000064;53.739564039000072
132645;01210326152013322021;01;0;03;000;2021;03;11;6;2;5;3;0;0;0;1;0;0;0;1;610092.799174355342984;5969933.286925075575709;10.674243708000063;53.866189658000053
132647;01210503125013282021;01;0;54;056;2021;05;14;2;2;5;3;0;0;1;1;0;0;0;0;505178.588288794271648;6038064.706924494355917;9.079944805000025;54.490181868000036
132648;01210315171013332021;01;0;60;007;2021;03;02;2;2;9;7;2;1;0;1;0;0;0;0;576066.993115440011024;5974189.514637118205428;10.157993121000061;53.910539372000073
132650;01210517152013802021;01;0;03;000;2021;05;16;2;3;2;6;0;0;0;1;0;0;0;0;610869.619042757898569;5967863.849334323778749;10.685304235000046;53.847431996000068
132651;01210419152013442021;01;0;03;000;2021;04;06;2;3;5;2;0;0;0;1;0;0;0;0;610878.354893896728754;5972744.358431702479720;10.687201091000077;53.891277690000038
132652;01210320134013832021;01;0;57;057;2021;03;15;7;3;5;7;0;0;0;1;0;0;0;0;594758.828447399660945;6001231.234018962830305;10.450890534000052;54.150428819000069
132653;01210427145013012021;01;0;58;169;2021;04;12;3;2;9;1;0;0;0;1;0;0;0;0;561000.536669026128948;5992431.870234036818147;9.932324332000064;54.076471278000042
132654;01210227125013822021;01;0;54;113;2021;02;18;7;2;0;7;1;0;1;0;0;0;0;0;476505.818033295683563;6017141.000707576051354;8.638965657000028;54.301619939000034
132656;01210408152013952021;01;0;55;032;2021;04;17;5;2;6;4;2;1;0;1;1;0;0;0;619341.417462152428925;5997920.251980928704143;10.825786048000055;54.115563728000041
132657;01210205125013162021;01;0;01;000;2021;02;07;6;2;0;1;1;2;0;0;0;1;0;0;529705.629992191679776;6071883.157620741054416;9.462007917000051;54.793253746000062