OBJECTID;UIDENTSTLAE;ULAND;UREGBEZ;UKREIS;UGEMEINDE;UJAHR;UMONAT;USTUNDE;UWOCHENTAG;UKATEGORIE;UART;UTYP1;ULICHTVERH;USTRZUSTAND;IstRad;IstPKW;IstFuss;IstKrad;IstGkfz;IstSonstige;LINREFX;LINREFY;XGCSWGS84;YGCSWGS84
133101;01210315171013382021;01;0;56;043;2021;03;09;2;3;5;3;0;1;1;1;0;0;0;0;556724.927000002935529;5944462.370999766513705;9.858117622000066;53.645852878000028
133103;01210422134013372021;01;0;02;000;2021;04;17;5;3;5;7;0;0;1;1;0;0;0;0;572615.351175635121763;6021239.881777361035347;10.116769952000027;54.333831112000041
133104;01210221145013032021;01;0;04;000;2021;02;14;1;3;4;6;0;0;1;0;0;1;0;0;564899.105473065748811;5993026.903133988380432;9.992027497000038;54.081342061000043
133106;01210203152013242021;01;0;03;000;2021;02;16;4;3;5;3;1;1;0;1;0;0;0;0;611968.797564542852342;5971809.585506215691566;10.703444397000055;53.882645305000040
133107;01210113181013342021;01;0;61;079;2021;01;17;4;3;3;6;2;1;1;0;0;0;0;1;537778.766000000759959;5975015.638999784365296;9.575269557000070;53.922170344000051
133108;01210325134013512021;01;0;02;000;2021;03;14;5;3;0;7;0;0;0;0;1;0;0;1;577649.727344744838774;6016345.914861189201474;10.192904286000044;54.289115118000041
133110;01210428145013182021;01;0;04;000;2021;04;18;4;2;5;3;0;0;1;1;0;0;0;0;563882.879812654107809;5989497.001378556713462;9.975752328000056;54.049747614000069
133111;01210309152013682022;01;0;55;012;2021;03;17;3;3;9;1;0;0;0;1;0;0;0;0;607177.776583189144731;5997432.508585790172219;10.639612356000043;54.113860184000032
133113;01210418171013152021;01;0;56;039;2021;04;12;1;2;0;7;0;0;0;0;0;1;0;0;551352.543496275320649;5946793.733035294339061;9.777239819000044;53.667361115000062
133114;01210104161013202021;01;0;53;032;2021;01;15;2;3;0;7;1;1;1;0;0;0;0;0;591198.168584111146629;5921413.632573204115033;10.372766484000067;53.433863915000074
133115;01210211171013002021;01;0;60;063;2021;02;14;5;3;6;2;0;2;0;1;1;0;0;0;565527.478094975464046;5953882.486865570768714;9.993249981000076;53.729483489000074
133117;01210512171013732021;01;0;56;039;2021;05;23;4;3;8;1;2;0;0;1;0;0;0;0;552612.526145517826080;5946583.087420903146267;9.796272431000034;53.665342648000035
133118;01210112145013702021;01;0;04;000;2021;01;10;3;3;5;3;0;0;1;1;0;0;0;0;564251.991615958511829;5992499.609559953212738;9.982025662000069;54.076684692000072
133120;01210427125013412021;01;0;59;053;2021;04;08;3;3;1;7;0;0;0;1;0;0;0;0;533510.872399152256548;6030010.794467449188232;9.516403205000074;54.416722086000050
133121;01210111134013392021;01;0;02;000;2021;01;22;2;3;8;1;2;1;0;1;0;0;0;0;571918.479224237613380;6023693.319991530850530;10.106646920000060;54.355975722000039
133122;01210305134013312021;01;0;57;046;2021;03;16;6;2;9;1;0;0;0;0;0;1;0;0;588189.891310377977788;6009341.078005891293287;10.352720083000065;54.224466565000057
133124;01210416125013852021;01;0;54;056;2021;04;17;6;3;2;2;0;0;0;1;0;0;0;0;504629.665326879359782;6038487.538261407986283;9.071477406000042;54.493987232000052
133125;01210126152013412021;01;0;55;044;2021;01;15;3;2;5;2;0;0;1;1;0;0;0;0;615029.111561585217714;5987736.226809447631240;10.755981941000073;54.025057172000061
133126;01210401134013792021;01;0;02;000;2021;04;18;5;3;5;3;0;1;1;1;0;0;0;0;572584.708587411791086;6019025.182021049782634;10.115760034000061;54.313934789000029
133128;01210507181013082021;01;0;51;001;2021;05;13;6;3;0;1;0;0;0;0;0;1;0;0;517918.350000000558794;6000759.546999800950289;9.274373907000040;54.154618109000069
133129;01210319152013792021;01;0;03;000;2021;03;15;6;3;5;2;0;0;0;1;0;0;0;0;608635.670000043697655;5968551.449999736621976;10.651605422000046;53.854081697000026
133130;01210421171013362021;01;0;56;049;2021;04;18;4;2;3;6;0;0;1;0;0;0;0;0;545137.665792603045702;5948570.955218859016895;9.683441702000039;53.683907889000068
133131;01210224171013852021;01;0;60;039;2021;02;11;4;3;0;7;0;0;1;0;0;0;0;0;567067.079000003635883;5961505.239999776706100;10.018239013000027;53.797792395000045
133133;01210406145013892021;01;0;04;000;2021;04;17;3;2;6;4;0;1;0;1;1;0;0;0;564660.157280382700264;5997949.581862049177289;9.989428170000053;54.125609386000065
133134;01210118152013972021;01;0;55;032;2021;01;16;2;3;2;6;1;1;0;1;0;0;0;0;618885.272703722119331;5997341.385289210826159;10.818583767000064;54.110469269000077
133135;01210330171013022021;01;0;60;039;2021;03;11;3;3;0;7;0;0;1;0;0;0;0;0;565794.913937746547163;5960751.956438859924674;9.998766907000061;53.791185156000040
133137;01210504152013892021;01;0;03;000;2021;05;09;3;3;0;1;0;1;1;0;0;0;0;0;606626.312445793300867;5969703.227933874353766;10.621470567000074;53.864846336000028
133138;01210108125013822021;01;0;01;000;2021;01;12;6;3;5;3;0;0;0;1;0;0;0;0;530375.489266999997199;6071475.023824013769627;9.472383005000040;54.789545973000031
133139;01210314125013752021;01;0;54;076;2021;03;10;1;3;0;7;0;0;1;0;0;0;0;0;498106.904733929783106;6069424.373391350731254;8.970572444000027;54.772033148000048
133141;01210516161013272021;01;0;53;129;2021;05;12;1;3;6;6;0;1;1;0;1;0;0;0;583596.512883230112493;5929024.810925887897611;10.260398692000024;53.503522119000081
133142;01210418125013412021;01;0;59;168;2021;04;12;1;2;0;7;0;0;1;0;0;0;0;0;556381.024987061508000;6060717.484359450638294;9.874681196000040;54.690633266000077
133143;01210221152013062021;01;0;03;000;2021;02;08;1;3;0;7;0;0;1;0;0;0;0;0;615166.379011788405478;5974131.839898677542806;10.752939366000021;53.902808152000034
133145;01210515125013562021;01;0;59;075;2021;05;17;7;3;5;3;0;0;1;1;0;0;0;0;537318.478896214626729;6041696.101890653371811;9.576549952000050;54.521470055000066
133146;01210115145013272021;01;0;58;099;2021;01;14;6;3;8;1;0;2;0;1;0;0;0;0;557613.126085668802261;6042133.252111878246069;9.890141940000035;54.523497448000057
133147;01210323134013232021;01;0;02;000;2021;03;10;3;3;6;3;0;0;0;1;1;0;0;0;570829.192793932743371;6016987.227511789649725;10.088296783000033;54.295868587000029
133149;01210428171013352021;01;0;56;005;2021;04;11;4;3;6;7;0;0;0;1;1;0;0;0;560597.899053042754531;5947828.707048730924726;9.917355537000049;53.675672856000062
133150;01210105125013822021;01;0;01;000;2021;01;07;3;3;4;6;1;1;1;1;0;0;0;0;526513.871000000275671;6071336.256999837234616;9.412318396000046;54.788517853000030
133151;01210111152013652021;01;0;03;000;2021;01;20;2;2;0;7;2;1;1;0;0;0;0;0;611315.956310653127730;5967810.345711950212717;10.692066265000051;53.846855849000065
133152;01210305152013712021;01;0;55;044;2021;03;16;6;3;6;4;0;0;0;1;1;0;0;0;614762.409348765388131;5987580.280196486040950;10.751853797000024;54.023715573000061
133154;01210415171013712021;01;0;60;004;2021;04;21;5;3;5;2;2;0;1;1;0;0;0;0;558183.859828221611679;5974490.251860436052084;9.885850824000045;53.915558633000046
133155;01210105171013762021;01;0;60;063;2021;01;05;3;3;0;1;2;1;1;0;0;0;0;0;565281.616393213160336;5946798.581592950969934;9.988031732000024;53.665851022000027
133156;01210212171013892021;01;0;60;063;2021;02;14;6;2;6;4;0;0;0;1;1;0;0;0;564730.913320511579514;5949909.844915848225355;9.980347364000068;53.693880677000038
133158;01210513125013612021;01;0;54;168;2021;05;14;5;3;0;1;0;1;1;0;0;0;0;0;455462.435801036655903;6084982.491798622533679;8.305308856000067;54.909866763000082
133159;01210202171013562021;01;0;56;002;2021;02;20;3;3;5;2;2;1;1;1;0;0;0;0;550871.337783559225500;5960935.120723333209753;9.772283219000030;53.794503995000071
133161;01210426152013172021;01;0;55;032;2021;04;15;2;3;4;6;0;0;1;1;0;0;0;0;619169.946000067517161;5997423.662999700754881;10.822968408000065;54.111142527000027
133162;01210228161013702021;01;0;53;090;2021;02;14;1;3;1;7;0;0;0;1;0;0;0;0;612530.482016860507429;5939519.603817701339722;10.700233614000069;53.592420077000043
133164;01210410145013152021;01;0;58;135;2021;04;15;7;3;5;3;0;0;1;1;0;0;0;0;543400.639745620079339;6017597.615741647779942;9.666984897000077;54.304420145000051
133165;01210202125013432021;01;0;59;115;2021;02;09;3;3;9;1;0;2;0;1;0;0;0;0;517589.142579476349056;6059310.325853377580643;9.272804708000024;54.680836450000072
133166;01210119152013852021;01;0;03;000;2021;01;15;3;3;5;3;0;1;1;1;0;0;0;0;612358.242851231247187;5972501.668665779754519;10.709620098000073;53.888778838000064
133167;01210403152013032021;01;0;55;044;2021;04;11;7;3;6;7;0;0;0;1;1;0;0;0;610896.127456743270159;5987701.678910430520773;10.692908047000060;54.025651448000076
133169;01210508125013512021;01;0;01;000;2021;05;18;7;3;4;6;0;0;1;1;0;0;0;0;530140.935722490772605;6071666.199110820889473;9.468755366000039;54.791278101000046
133170;01210315152013932022;01;0;55;004;2021;03;18;2;3;0;1;2;1;1;0;0;0;0;0;609960.185665030963719;5973924.170780139043927;10.673659823000037;53.902072895000060
133171;01210212125013822021;01;0;54;161;2021;02;08;6;3;4;6;0;0;0;1;0;0;0;0;499499.706404775381088;6030058.736601088196039;8.992290212000057;54.418256511000038
133173;01210513171013192022;01;0;60;004;2021;05;17;5;3;0;7;0;1;0;1;0;0;0;0;558053.738949861377478;5975678.484168168157339;9.884095588000037;53.926251832000048
133174;01210112145013622021;01;0;58;092;2021;01;18;3;3;0;1;2;1;1;0;0;0;0;0;570752.038054508157074;6021706.056502247229218;10.088230007000050;54.338281826000070
133176;01210427171013462021;01;0;60;063;2021;04;11;3;3;5;3;0;0;0;1;0;0;0;0;566760.269296279177070;5951153.650495085865259;10.011344655000073;53.704803279000032
133177;01210301134013302021;01;0;02;000;2021;03;17;2;3;6;4;0;0;0;1;1;0;0;0;573448.726896476931870;6025710.040847664698958;10.130686292000064;54.373879058000057
133178;01210101171013382021;01;0;56;009;2021;01;09;6;2;6;4;0;0;0;1;1;0;0;0;553519.358908364549279;5949944.562930211424828;9.810575419000031;53.695461870000031
133179;01210412125013032021;01;0;54;056;2021;04;06;2;3;5;3;0;0;0;1;0;0;1;0;504330.323000001721084;6038171.039999818429351;9.066851222000025;54.491145451000079
133180;01210201171013252022;01;0;60;039;2021;02;08;2;3;0;7;0;2;1;0;0;0;0;0;564504.088232357054949;5960761.891280120238662;9.979177432000029;53.791436019000059
133181;01210131145013152021;01;0;58;022;2021;01;10;1;3;6;6;0;2;0;1;1;0;0;0;565712.699549023061991;6003265.599265629425645;10.006689817000051;54.173247301000060
133182;01210401161013332021;01;0;53;032;2021;04;14;5;3;5;2;0;0;0;1;0;1;0;0;591130.810169062577188;5921337.843217065557837;10.371730952000064;53.433194503000038
133184;01210510134013632021;01;0;57;073;2021;05;17;2;3;5;3;0;0;0;1;0;1;0;0;589362.253786960616708;6027988.399969693273306;10.376276226000073;54.391807188000030
133185;01210319152013062021;01;0;03;000;2021;03;12;6;3;0;7;0;0;1;0;0;0;0;0;610517.663295910693705;5969998.645746666938066;10.680725345000042;53.866686574000028
133186;01210423152013272021;01;0;55;046;2021;04;11;6;3;0;7;0;0;1;0;0;0;0;0;640066.954141564667225;6031346.462962210178375;11.158265094000058;54.410545590000027
133187;01210228171013032021;01;0;60;005;2021;02;02;1;3;1;7;2;0;0;0;0;0;0;1;584846.327738749794662;5978616.928559070453048;10.292837448000057;53.948959940000066
133189;01210117161013462021;01;0;62;001;2021;01;00;1;2;8;1;2;1;0;1;0;0;0;0;579759.726494919508696;5947537.232909472659230;10.207297813000025;53.670480782000027
133190;01210329125013432021;01;0;54;088;2021;03;17;2;3;5;3;0;0;0;1;0;0;0;1;489070.772897936403751;6070582.219892863184214;8.830065483000055;54.782323003000045
133192;01210504152013152021;01;0;03;000;2021;05;09;3;3;1;5;0;1;1;0;0;0;0;1;613814.668502359651029;5970684.578528862446547;10.731095039000024;53.872136566000052
133193;01210108152013402021;01;0;03;000;2021;01;16;6;3;5;3;2;1;1;1;0;0;0;0;611593.388483313843608;5971507.093636106699705;10.697625731000073;53.880008564000036
133194;01210111171013472021;01;0;56;039;2021;01;13;2;3;5;3;0;1;1;1;0;0;0;0;552864.284630521200597;5945851.618742030113935;9.799957798000037;53.658743143000038
133195;01210312134013372021;01;0;57;091;2021;03;16;6;3;9;1;0;1;0;1;0;0;0;0;580635.987827655859292;6015770.950393173843622;10.238614441000038;54.283486431000028
133197;01210515134013582021;01;0;02;000;2021;05;19;7;3;5;3;0;1;1;1;0;0;0;0;573612.955631867051125;6015969.958277463912964;10.130810029000031;54.286334228000044
133198;01210416152013202021;01;0;55;044;2021;04;15;6;3;0;7;0;0;1;0;0;0;0;0;614828.085221611894667;5990987.000170227140188;10.754144254000039;54.054305733000035
133199;01210224125013652021;01;0;54;056;2021;02;21;4;3;5;3;2;0;1;1;0;0;0;0;503871.047069644555449;6035816.320963155478239;9.059730113000057;54.469986853000080
133201;01210517152013512021;01;0;55;040;2021;05;15;2;3;0;7;0;0;1;0;0;0;0;0;607215.231425645761192;5972697.630697125568986;10.631469471000059;53.891628118000028
133202;01210115171013162021;01;0;60;005;2021;01;07;6;3;6;7;2;1;0;1;1;0;0;0;585687.813995311036706;5976899.826424377039075;10.305174092000073;53.933391976000053
133203;01210326134013402021;01;0;57;091;2021;03;20;6;3;5;2;2;0;0;1;0;1;0;0;580920.259977438487113;6015467.518961148336530;10.242897807000077;54.280715067000074
133205;01210501125013342021;01;0;59;098;2021;05;13;7;2;3;3;0;0;1;1;0;0;0;0;538058.679999999701977;6046128.037999823689461;9.588557881000042;54.561243179000030
133206;01210305152013472021;01;0;55;001;2021;03;13;6;3;5;3;0;0;0;1;0;0;0;0;603313.113104138523340;5985852.204020848497748;10.576569560000053;54.010608685000079
133208;01210413134013062021;01;0;02;000;2021;04;17;3;3;5;3;0;0;0;1;0;1;0;0;576165.954355769790709;6018639.502653285861015;10.170699546000037;54.309947629000078
133209;01210129145013092021;01;0;58;135;2021;01;12;6;3;5;3;0;0;1;1;0;0;0;0;543266.092412480153143;6016857.362084541469812;9.664810122000063;54.297779004000063
133210;01210401171013122021;01;0;56;049;2021;04;17;5;3;5;2;0;0;1;1;0;0;0;0;543273.209074455313385;5949544.002201981842518;9.655349319000038;53.692811182000071
133212;01210512171013832021;01;0;56;044;2021;05;16;4;3;6;4;0;0;0;1;1;0;0;0;556021.588618706911802;5939579.658739501610398;9.846600315000046;53.602045275000080
133214;01210425181013642021;01;0;61;014;2021;04;21;1;3;9;1;2;0;0;1;0;0;0;0;526149.186522006057203;5989321.991008382290602;9.399416345000077;54.051469472000065
133215;01210225171013352021;01;0;56;015;2021;02;17;5;3;2;2;0;0;0;1;0;0;0;0;543802.829994246363640;5956664.209277031943202;9.664377551000030;53.756761522000033
133217;01210407125013812021;01;0;54;056;2021;04;16;4;3;0;7;0;1;1;0;0;0;0;0;503802.185316703282297;6035599.258382188156247;9.058664788000044;54.468036587000029
133218;01210118125013812021;01;0;54;168;2021;01;16;2;3;1;5;0;1;0;1;0;0;0;0;455767.019917375408113;6085011.074935834854841;8.310054942000022;54.910150670000064
133219;01210329125013262021;01;0;01;000;2021;03;14;2;3;0;7;0;0;0;0;0;1;0;0;530344.534000000916421;6071465.270999837666750;9.471900603000051;54.789460203000033
133221;01210509171013512021;01;0;56;015;2021;05;12;1;2;6;7;0;0;1;0;1;0;0;0;543288.061873182654381;5955629.514175051823258;9.656425397000021;53.747505008000076
133222;01210317161013692021;01;0;53;032;2021;03;17;4;3;0;2;0;0;0;1;0;1;0;0;590899.455000018700957;5922556.958999745547771;10.368601643000034;53.444189654000070
133223;01210422145013132021;01;0;58;022;2021;04;12;5;3;5;2;0;0;1;1;0;0;0;0;568307.800138914026320;6003383.442771339789033;10.046465165000029;54.173967457000060
133224;01210217171013062021;01;0;62;076;2021;02;12;4;3;0;1;0;2;1;0;0;0;0;0;572325.942607341334224;5953470.642830943688750;10.096183432000032;53.724884081000027
133226;01210323171013032021;01;0;56;015;2021;03;19;3;3;0;7;2;0;0;0;0;1;0;0;544430.318813752382994;5955994.336520638316870;9.673797882000031;53.750687806000030
133228;01210502152013982021;01;0;03;000;2021;05;02;1;3;6;4;2;0;0;1;1;0;0;0;618026.056000065989792;5972519.554999696090817;10.795821706000027;53.887680757000055
133229;01210105145013232021;01;0;04;000;2021;01;11;3;3;5;3;0;1;1;1;0;0;0;0;565847.579385214485228;5991927.025584230199456;10.006284024000024;54.071337706000065
133230;01210310134013212021;01;0;57;073;2021;03;13;4;3;3;6;0;0;0;0;0;0;0;1;588681.308000016026199;6028405.025999803096056;10.365916585000036;54.395669527000052
133232;01210419134013192021;01;0;02;000;2021;04;07;2;3;5;3;0;0;1;1;0;0;0;0;573901.213055868633091;6022090.948781602084637;10.136752243000046;54.341293884000038
133233;01210213145013352021;01;0;58;043;2021;02;16;7;3;5;3;0;1;0;1;0;0;0;0;553536.109237188473344;6036389.093799188733101;9.826116533000061;54.472326250000037
133234;01210513161013702021;01;0;53;082;2021;05;12;5;3;9;1;0;1;0;0;0;1;0;0;606783.148926786147058;5917004.305481355637312;10.605773321000072;53.391319245000034
133235;01210525171013322021;01;0;60;058;2021;05;16;3;3;0;7;0;1;1;0;0;0;0;0;574939.398461977019906;5961369.466031823307276;10.137702078000075;53.795498084000030
133236;01210809171013362021;01;0;56;050;2021;08;18;2;3;3;6;0;0;1;1;0;0;0;0;547772.206658293493092;5936704.437431160360575;9.721506828000031;53.577020244000039
133237;01210721125013562021;01;0;54;149;2021;07;15;4;3;0;7;0;0;1;0;0;0;0;0;456228.490000001154840;6087944.111999848857522;8.316805942000030;54.936547285000074
133238;01210729145013532021;01;0;04;000;2021;07;18;5;3;6;4;0;0;0;1;1;0;0;0;564307.950713020749390;5992709.055308453738689;9.982925270000067;54.078559888000029
133239;01210818125013122021;01;0;59;120;2021;08;07;4;2;5;3;0;1;0;1;0;0;0;0;524829.258518734946847;6072698.019000479951501;9.386238239000022;54.800841542000057
133240;01210730125013932021;01;0;01;000;2021;07;08;6;3;0;3;0;0;0;1;0;0;0;1;527478.144030748866498;6072302.198562745004892;9.427404948000060;54.797146390000080
133241;01210629125013572021;01;0;54;010;2021;06;13;3;3;0;1;0;1;1;0;0;0;0;0;496172.686971602961421;6064270.954752629622817;8.940573518000065;54.725709436000045
133242;01210621134013502021;01;0;57;001;2021;06;11;2;3;5;3;0;1;0;1;0;0;0;0;587558.305000015534461;6001206.600999787449837;10.340667998000072;54.151485253000033
133243;01210602134013472021;01;0;02;000;2021;06;08;4;2;0;7;0;0;1;0;0;0;0;0;576133.907777863554657;6030880.066883260384202;10.173338219000073;54.419939855000052
133244;01210618161013662021;01;0;62;004;2021;06;12;6;3;1;6;0;0;1;1;0;0;0;0;592098.209000020287931;5963191.288999766111374;10.398668050000026;53.809114467000029
133245;01210709152013812021;01;0;55;039;2021;07;13;6;2;0;7;0;0;1;0;0;0;0;0;615835.737669631838799;5992304.913413392379880;10.770032802000060;54.065919833000066
133246;01210609171013532021;01;0;60;004;2021;06;12;4;3;4;6;0;0;1;0;0;0;0;0;557561.480197321623564;5974792.159410998225212;9.876433127000041;53.918341392000059
133247;01210519171013502021;01;0;60;063;2021;05;13;4;3;1;5;0;0;1;1;0;0;0;0;565984.600988296791911;5952314.034883057698607;9.999843352000028;53.715330242000050
133248;01210808171013842021;01;0;60;063;2021;08;11;1;3;5;3;0;0;0;1;0;0;0;0;565016.159438842907548;5948839.991050951182842;9.984442386000069;53.684230409000065
133249;01210727134013842021;01;0;57;025;2021;07;09;3;3;6;4;0;0;0;1;1;0;0;0;579266.111603901721537;6026128.225279226899147;10.220330196000077;54.376764787000070
133250;01210610171013422021;01;0;56;036;2021;06;16;5;3;0;7;0;0;1;0;0;0;0;0;539897.266242440789938;5947392.839174423366785;9.603949058000069;53.673745535000080
133251;01210816125013232021;01;0;54;056;2021;08;17;2;3;0;7;0;1;1;0;0;0;0;0;505604.316161140799522;6035730.803509041666985;9.086472741000023;54.469202116000076
133252;01210628181013142021;01;0;51;013;2021;06;08;2;3;0;7;0;0;1;0;0;0;0;0;490970.269911649636924;5997663.080013506114483;8.861824694000063;54.127021247000073
133253;01210716125013412021;01;0;54;128;2021;07;18;6;3;0;7;0;0;1;0;0;0;0;0;499700.073299428448081;6048662.789111759513617;8.995359065000059;54.585454345000073
133254;01210531125013052021;01;0;59;171;2021;05;11;2;3;5;3;0;0;1;1;0;0;0;0;525139.861683212220669;6058156.375754239037633;9.389813213000025;54.670146043000045
133255;01210704161013542021;01;0;62;060;2021;07;11;1;3;3;6;0;0;1;0;0;0;0;0;581811.907156957313418;5934694.424206348136067;10.234980350000058;53.554752953000047
133256;01210615145013782021;01;0;58;135;2021;06;17;3;2;0;1;0;0;0;0;0;1;0;0;542310.704020377248526;6018494.309958081692457;9.650362915000073;54.312570068000070
133257;01210805171013542021;01;0;60;005;2021;08;10;5;3;5;3;0;0;1;0;0;0;0;0;586671.600361900404096;5977425.621828878298402;10.320303669000054;53.937952839000047
133258;01210625161013822021;01;0;62;035;2021;06;18;6;3;0;7;0;0;1;0;0;0;0;0;586195.905592978000641;5946234.393271956592798;10.304331886000057;53.657751766000047
133259;01210608125013272021;01;0;54;168;2021;06;19;3;3;0;7;0;0;1;0;0;0;0;0;463460.378618751652539;6080696.564780242741108;8.430595594000067;54.872001857000043
133260;01210821181013962021;01;0;51;075;2021;08;15;7;3;8;7;0;0;1;0;0;0;0;0;502416.799440493807197;6007806.647642031311989;9.037063967000051;54.218261758000040
133261;01210714152013792021;01;0;55;021;2021;07;18;4;3;0;1;0;0;1;0;0;0;0;0;628534.820890573784709;6027496.419486263766885;10.979025843000045;54.379008319000036
133262;01210528134013672021;01;0;57;057;2021;05;16;6;3;8;7;0;1;1;0;0;0;0;0;592913.028602184727788;6002254.890262339264154;10.422953969000048;54.159963438000034
133263;01210812152013002021;01;0;55;037;2021;08;10;5;3;4;6;0;0;1;0;0;0;0;1;621701.657101677730680;6001562.417582126334310;10.863342259000035;54.147728187000041
133264;01210723125013612021;01;0;59;158;2021;07;18;6;3;4;6;0;0;1;1;0;0;0;0;511398.787059759721160;6068310.073969719931483;9.177146269000048;54.761893425000039
133265;01210702152013972021;01;0;03;000;2021;07;23;6;3;0;7;2;0;0;0;0;0;0;1;613338.176274275407195;5973151.987703062593937;10.724763755000026;53.894408098000042
133266;01210611181013092021;01;0;51;011;2021;06;10;6;2;5;3;0;0;1;1;0;0;0;0;508242.355025191791356;5972488.621830156072974;9.125444259000062;53.900769597000078
133267;01210803152013072021;01;0;55;016;2021;08;12;3;3;0;7;0;0;1;0;0;0;0;0;627806.088328802026808;6001469.731418492272496;10.956707547000065;54.145413464000058
133268;01210623171013072021;01;0;56;015;2021;06;15;4;3;5;3;0;0;0;1;0;0;0;0;544704.246654426679015;5955739.062246102839708;9.677914816000055;53.748370065000074
133269;01210605152013622021;01;0;55;042;2021;06;19;7;2;9;7;0;0;1;0;0;0;0;0;616263.786702667362988;5984690.074298240244389;10.773655510000026;53.997415125000032
133270;01210711171013452022;01;0;56;047;2021;07;13;1;3;4;6;0;0;1;1;0;0;0;0;556313.668048122897744;5949882.039795996621251;9.852880133000042;53.694606137000051
133271;01210525145013392021;01;0;04;000;2021;05;11;3;2;1;5;0;1;1;1;0;0;0;0;564563.263885394670069;5992131.849291920661926;9.986703981000062;54.073340902000041
133272;01210807152013082021;01;0;55;033;2021;08;11;7;3;0;7;0;0;1;1;0;0;0;0;623577.333913102746010;6018554.109647784382105;10.899036984000077;54.299911057000031
133273;01210721145013722021;01;0;58;093;2021;07;00;4;2;0;7;2;0;1;0;0;0;0;0;560447.653390789404511;6021012.578976359218359;9.929623774000049;54.333375075000049
133274;01210729125013162021;01;0;01;000;2021;07;13;5;3;5;3;0;1;1;1;0;0;0;0;528695.769000001251698;6070246.607999838888645;9.446140293000042;54.778605723000055
133275;01210818181013522021;01;0;51;044;2021;08;07;4;3;8;1;0;1;0;1;0;0;0;0;506648.389244227670133;6005048.087955133989453;9.101898402000074;54.193431513000064
133276;01210730125013942021;01;0;54;056;2021;07;16;6;3;2;2;0;0;0;1;0;0;0;1;503835.381242716684937;6037941.016898101195693;9.059207364000031;54.489082176000068
133277;01210718152013992021;01;0;55;044;2021;07;19;1;3;7;7;0;0;1;0;0;0;0;0;612089.766084157861769;5990188.518696652725339;10.712038835000044;54.047734969000032
133278;01210602171013982021;01;0;60;004;2021;06;16;4;3;2;6;0;0;0;1;0;0;0;0;557905.269861532375216;5975205.486974837258458;9.881745269000021;53.922017643000061
133279;01210617134013322021;01;0;02;000;2021;06;10;5;3;5;3;0;0;1;1;0;0;0;0;574386.773983279243112;6017464.938830532133579;10.143066486000066;54.299655631000064
133280;01210708171013252021;01;0;56;002;2021;07;15;5;2;5;3;0;0;1;1;0;0;0;0;550722.489840603433549;5960390.245328415185213;9.769934082000077;53.789621501000056
133281;01210521181013792021;01;0;51;074;2021;05;15;6;3;5;3;0;0;1;1;0;0;0;0;505074.778000001795590;5993562.952999794855714;9.077586844000052;54.090224599000067
133282;01210807134013002021;01;0;02;000;2021;08;08;7;3;5;3;0;0;1;1;0;0;0;0;575622.584941977635026;6027973.807437734678388;10.164719453000032;54.393902091000029
133283;01210726161013102021;01;0;53;032;2021;07;20;2;3;2;6;1;0;0;1;0;0;0;0;591206.196852065622807;5921716.606191040948033;10.372975056000030;53.436585104000073
133284;01210607152013082021;01;0;55;032;2021;06;12;2;3;0;7;0;0;1;0;0;0;0;0;618574.674133762717247;5997106.968247924000025;10.813743244000023;54.108435121000070
133285;01210816171013592021;01;0;56;048;2021;08;15;2;3;0;7;0;1;1;1;0;0;0;0;546749.476760306395590;5949896.092680711299181;9.708044353000048;53.695676097000046
133286;01210822171013772021;01;0;60;039;2021;08;18;1;3;5;3;0;1;0;1;0;0;0;0;563649.617000004276633;5960930.404999773949385;9.966243339000073;53.793055641000080
133287;01210716134013662021;01;0;57;057;2021;07;20;6;3;8;7;0;0;1;0;0;0;0;0;593467.552091464400291;6002203.438072798773646;10.431427565000035;54.159400518000041
133288;01210529152013872021;01;0;03;000;2021;05;17;7;3;3;6;0;0;1;0;0;0;0;1;610809.114359455183148;5969838.545745622366667;10.685097729000063;53.865186063000067
133289;01210704171013832021;01;0;56;050;2021;07;16;1;3;5;3;0;1;0;1;0;0;0;0;547636.157000001519918;5936164.236999761313200;9.719369820000054;53.572177377000060
133290;01210615181013932021;01;0;51;016;2021;06;07;3;2;5;2;0;0;1;1;0;0;0;0;516628.878403509035707;5983812.128285992890596;9.253698624000037;54.002342980000037
133291;01210804125013482021;01;0;59;045;2021;08;10;4;3;6;4;0;0;0;1;1;0;0;0;560241.698057612404227;6057313.664938487112522;9.933863977000044;54.659600527000066
133292;01210628134013552021;01;0;57;074;2021;06;13;2;3;8;1;0;0;0;0;0;1;0;0;581098.813000011257827;6020128.153999807313085;10.246904605000054;54.322564149000073
133293;01210625134013292021;01;0;57;008;2021;06;17;6;3;5;3;0;0;1;1;0;0;0;0;568232.027686131186783;5991660.665705267339945;10.042656687000033;54.068633827000042
133294;01210605134013482021;01;0;02;000;2021;06;09;7;3;6;4;0;0;0;1;1;0;0;0;576766.189289066009223;6020389.066382078453898;10.180373180000061;54.325578521000068
133295;01210821152013652021;01;0;55;042;2021;08;17;7;3;0;7;0;0;1;0;0;0;0;0;616441.122000060044229;5984736.504999710246921;10.776377167000021;53.997792300000071