OBJECTID;UIDENTSTLAE;ULAND;UREGBEZ;UKREIS;UGEMEINDE;UJAHR;UMONAT;USTUNDE;UWOCHENTAG;UKATEGORIE;UART;UTYP1;ULICHTVERH;USTRZUSTAND;IstRad;IstPKW;IstFuss;IstKrad;IstGkfz;IstSonstige;LINREFX;LINREFY;XGCSWGS84;YGCSWGS84
133296;01210712152013592021;01;0;55;004;2021;07;11;2;3;5;3;0;0;1;1;0;0;0;0;610122.236048571765423;5975018.302690969780087;10.676518851000026;53.911868405000064
133297;01210524161013822021;01;0;53;129;2021;05;18;2;2;5;3;0;0;0;1;0;1;0;0;583393.243000011891127;5927638.646999752148986;10.256966255000066;53.491097612000033
133298;01210812125013022021;01;0;01;000;2021;08;19;5;3;1;7;0;0;1;1;0;0;0;0;527474.926308265887201;6072815.073247540742159;9.427403526000035;54.801755499000080
133299;01210817125013072021;01;0;54;149;2021;08;16;3;3;0;7;0;0;1;0;0;0;0;0;456472.785783619619906;6088110.566953964531422;8.320593442000074;54.938064396000073
133300;01210716125013662021;01;0;54;109;2021;07;07;6;3;5;7;0;0;0;1;0;0;0;0;490813.769964911974967;6067711.286266233772039;8.857257439000023;54.756557606000058
133301;01210529171013172021;01;0;56;040;2021;05;12;7;3;0;7;0;0;1;0;0;0;0;0;550244.701527304016054;5947785.946588985621929;9.760634473000039;53.676386395000065
133302;01210705125013812021;01;0;01;000;2021;07;08;2;3;5;3;0;1;0;1;0;0;0;0;529415.406395021826029;6072833.564661720767617;9.457590729000060;54.801811618000045
133303;01210614171013292021;01;0;60;063;2021;06;08;2;3;1;5;0;0;1;1;0;0;0;0;567063.224859544076025;5948647.518144646659493;10.015391148000049;53.682241927000064
133304;01210806134013372022;01;0;57;043;2021;08;17;6;3;5;3;0;0;1;1;0;0;0;0;579787.178866298869252;6028807.272683201357722;10.229069399000025;54.400755402000073
133305;01210626161013882022;01;0;62;060;2021;06;18;7;3;1;5;0;0;1;1;0;0;0;0;582224.516288457438350;5931556.947238840162754;10.240382679000049;53.526493550000055
133306;01210605171013082021;01;0;56;018;2021;06;14;7;3;5;2;0;0;1;1;0;0;0;0;555736.935373963788152;5941245.233885135501623;9.842597096000077;53.617045040000050
133307;01210821134013582021;01;0;57;057;2021;08;15;7;3;0;7;0;0;1;0;0;0;0;0;592608.815900348126888;6002477.463013956323266;10.418364958000041;54.162018187000058
133308;01210714161013842021;01;0;62;090;2021;07;16;4;3;4;6;0;0;0;1;0;0;0;0;579916.729000009596348;5950025.050999768078327;10.210314609000022;53.692813311000066
133309;01210526145013112021;01;0;58;034;2021;05;07;4;3;7;7;0;0;1;0;0;0;0;0;543165.107240489684045;6019030.268299529328942;9.663572579000061;54.317315133000079
133310;01210810125013472021;01;0;54;078;2021;08;19;3;3;0;1;0;0;1;0;0;0;0;0;462971.192843821831048;6096103.068838216364384;8.420986989000028;55.010409523000078
133311;01210722134013472021;01;0;57;062;2021;07;18;5;3;5;3;0;0;1;0;0;0;0;0;582978.497639113105834;6009894.947208598256111;10.272959600000036;54.230313867000064
133312;01210702145013112021;01;0;04;000;2021;07;08;6;3;5;3;0;0;0;1;0;0;0;0;563534.467921645380557;5991648.237424597144127;9.970882261000042;54.069122828000047
133313;01210611152013502021;01;0;03;000;2021;06;12;6;3;5;2;0;0;0;1;0;1;0;0;610555.270045595243573;5970499.077461965382099;10.681477344000029;53.871174565000047
133314;01210819161013652021;01;0;62;082;2021;08;16;5;3;1;1;0;0;0;1;0;0;0;0;592912.428035371005535;5940864.747873561456800;10.404331652000053;53.608351367000068
133315;01210803171013622021;01;0;56;040;2021;08;16;3;3;8;7;0;0;1;0;0;0;0;0;549886.552585971541703;5948339.023667544126511;9.755302046000054;53.681391550000058
133316;01210622171013602021;01;0;60;039;2021;06;17;3;3;5;3;0;0;1;1;0;0;0;0;565601.094000004231930;5960287.134999774396420;9.995726277000074;53.787032329000056
133317;01210603152013802021;01;0;03;000;2021;06;16;5;2;2;6;0;0;1;0;0;0;0;1;610521.639176778495312;5969950.329110784456134;10.680768375000071;53.866251639000041
133318;01210709181013362021;01;0;51;011;2021;07;14;6;3;5;3;0;0;1;1;0;0;0;0;509023.661084502004087;5972297.315168960019946;9.137329647000058;53.899037112000030
133319;01210525125013132021;01;0;54;168;2021;05;17;3;3;6;6;0;0;1;0;1;0;0;0;455649.417564789764583;6085027.014861337840557;8.308218275000058;54.910283478000053
133320;01210809171013222021;01;0;60;063;2021;08;02;2;3;5;3;2;0;1;1;0;0;0;0;565642.988702937960625;5950507.005225323140621;9.994284913000058;53.699133538000069
133321;01210720152013732021;01;0;03;000;2021;07;09;3;3;1;5;0;0;1;1;0;0;0;0;610782.942412132397294;5969935.553637947887182;10.684734943000024;53.866063191000080
133322;01210728134013242021;01;0;02;000;2021;07;22;4;3;3;6;2;1;1;1;0;0;0;0;573189.188917780295014;6021181.681652391329408;10.125578987000040;54.333226159000048
133323;01210818161013362021;01;0;53;020;2021;08;07;4;3;0;7;0;0;1;0;0;0;0;0;606149.379268678836524;5927655.322161786258221;10.599838587000022;53.487149216000034
133324;01210731125013732021;01;0;54;056;2021;07;10;7;3;0;1;0;1;0;0;0;1;0;0;503273.796860659494996;6036442.650126261636615;9.050521504000073;54.475620004000064
133325;01210621125013522021;01;0;59;083;2021;06;16;2;3;1;5;0;1;0;1;0;0;0;0;550333.197005934081972;6054227.741213524714112;9.779749263000042;54.632956608000029
133326;01210718145013982021;01;0;58;043;2021;07;12;1;2;0;7;0;0;1;0;0;0;0;0;554027.888569015078247;6033964.646350512281060;9.833261588000028;54.450487405000047
133327;01210531125013702021;01;0;54;076;2021;05;12;2;3;8;6;0;0;1;1;0;0;0;0;498924.559058482758701;6069880.044931996613741;8.983280928000056;54.776130575000082
133328;01210617181013562021;01;0;61;029;2021;06;12;5;3;5;3;0;0;1;1;0;0;0;0;527943.756699520163238;5961319.315938608720899;9.424266828000043;53.799693404000038
133329;01210707171013022021;01;0;56;049;2021;07;20;4;3;0;7;1;1;0;0;0;1;0;0;543621.424531649798155;5949321.980851732194424;9.660591230000023;53.690786737000053
133330;01210520152013092021;01;0;55;033;2021;05;11;5;3;5;3;0;0;1;1;0;0;0;0;624371.359384871087968;6017722.126419683918357;10.910885266000037;54.292245132000062
133331;01210805171013372021;01;0;60;038;2021;08;21;5;3;8;7;2;1;0;1;0;0;0;0;569758.662892494350672;5978419.849532652646303;10.062943977000032;53.949442766000061
133332;01210617171013552021;01;0;60;063;2021;06;16;5;3;0;7;0;0;1;0;0;0;0;0;565783.216631423681974;5953903.147245904430747;9.997130154000047;53.729636975000062
133333;01210725171013382021;01;0;56;047;2021;07;19;1;3;8;1;0;0;0;0;0;1;0;0;556465.640004510059953;5949184.239618100225925;9.855054405000033;53.688318334000030
133334;01210608125013062021;01;0;59;120;2021;06;18;3;3;5;2;0;0;1;0;0;0;0;0;525475.708000000566244;6072255.300999840721488;9.396255076000045;54.796830636000038
133335;01210812152013592022;01;0;55;033;2021;08;07;5;3;0;1;0;0;1;0;0;0;0;0;623528.445235602557659;6017727.325183849781752;10.897944475000031;54.292496257000039
133336;01210819171013892021;01;0;56;050;2021;08;11;5;3;0;1;0;1;0;0;0;1;0;0;548091.894014776684344;5936206.779392236843705;9.726258007000069;53.572518162000051
133337;01210712145013962021;01;0;58;043;2021;07;15;2;3;5;3;0;0;1;1;0;0;0;0;554242.249312987551093;6035750.968812843784690;9.836894667000024;54.466516941000066
133338;01210527125013982021;01;0;54;052;2021;05;20;5;3;5;3;0;0;0;1;0;0;0;0;505983.408999999985099;6040910.725999824702740;9.092426965000072;54.515750617000037
133339;01210813161013342021;01;0;62;060;2021;08;09;6;3;4;6;0;0;1;0;0;0;0;0;581891.368672619573772;5931292.264680225402117;10.235289112000032;53.524166990000026
133340;01210705171013012021;01;0;60;039;2021;07;08;2;3;5;3;0;1;0;1;0;0;0;0;564450.809144414030015;5961679.330735925585032;9.978560700000060;53.799687568000081
133341;01210616161013132021;01;0;53;032;2021;06;19;4;3;8;7;0;0;0;1;1;0;0;0;590980.399972737766802;5921194.758549289777875;10.369426300000043;53.431934689000059
133342;01210805134013262021;01;0;02;000;2021;08;15;5;2;6;2;0;0;0;1;1;0;0;0;575940.697000008076429;6028471.200999809429049;10.169744955000056;54.398324047000074
133343;01210627171013642021;01;0;60;005;2021;06;15;1;3;2;2;0;0;0;1;0;0;0;0;585759.598560338839889;5977791.740846831351519;10.306517579000058;53.941394543000058
133344;01210624171013872021;01;0;62;076;2021;06;10;5;2;7;7;0;0;1;1;0;0;0;0;570065.140000004321337;5956078.621999772265553;10.062515918000031;53.748629897000058
133345;01210605152013752021;01;0;03;000;2021;06;15;7;2;0;3;0;0;0;1;0;0;0;1;609264.414974104613066;5969233.369542155414820;10.661402639000073;53.860076394000032
133346;01210710161013392021;01;0;53;051;2021;07;17;7;3;0;7;0;0;1;0;0;0;0;0;613932.056793047115207;5951560.450262399390340;10.725812105000045;53.700296920000028
133347;01210523181013472021;01;0;61;044;2021;05;17;1;3;2;6;0;0;0;1;0;1;0;0;542986.207000001333654;5961720.987999776378274;9.652697208000063;53.802278164000029
133348;01210811161013542021;01;0;53;090;2021;08;06;4;3;6;4;0;0;0;1;1;0;0;0;612075.013054553419352;5941601.107745366171002;10.694103544000029;53.611219094000035
133349;01210722134013142021;01;0;57;062;2021;07;10;5;3;5;2;0;0;1;1;0;0;0;0;583666.164619160816073;6010553.530552692711353;10.283689719000051;54.236119578000057
133350;01210703145013462021;01;0;58;043;2021;07;19;7;3;0;7;0;1;1;0;0;0;0;0;554728.303000003099442;6034950.174999818205833;9.844244873000036;54.459268657000052
133351;01210817152013872021;01;0;55;046;2021;08;17;3;3;0;7;0;0;1;0;0;0;0;0;634540.021375206299126;6037637.731608767062426;11.076021389000061;54.468541012000060
133352;01210802152013762021;01;0;55;035;2021;08;16;2;3;0;7;0;0;0;1;0;0;0;0;611742.170447937212884;5982448.966744625940919;10.703888335000045;53.978278942000031
133353;01210622145013912021;01;0;58;022;2021;06;15;3;3;0;7;0;0;1;0;0;0;0;0;568337.086000004783273;6002962.784999798983335;10.046818281000071;54.170183462000068
133354;01210602171013922021;01;0;56;039;2021;06;10;4;3;5;2;0;0;1;1;0;0;0;0;552818.052957271225750;5944994.660331176593900;9.799112610000066;53.651045847000034
133355;01210618171013302021;01;0;56;050;2021;06;06;6;3;5;3;0;0;1;1;0;0;0;0;546947.287986047565937;5938115.115493901073933;9.709261315000049;53.589773698000045
133356;01210708134013462021;01;0;02;000;2021;07;18;5;3;4;1;0;0;1;1;0;0;0;0;572236.382082417607307;6018105.448416521772742;10.110184259000050;54.305719675000034
133357;01210609161013342021;01;0;53;032;2021;06;18;4;3;5;3;0;0;1;1;0;0;0;0;591443.793937440030277;5921224.172876825556159;10.376407590000042;53.432118857000034
133358;01210521145013442021;01;0;04;000;2021;05;09;6;3;5;3;0;0;1;1;0;0;0;0;564468.315210347063839;5990958.465723015367985;9.985003533000054;54.062808199000074
133359;01210808181013392021;01;0;51;013;2021;08;20;1;3;0;7;0;0;1;0;0;0;0;0;489852.819329240359366;5998428.862629361450672;8.844699498000068;54.133883021000031
133360;01210729125013272021;01;0;59;120;2021;07;20;5;3;5;2;0;1;0;1;0;0;0;0;526185.618160870857537;6072518.958090299740434;9.407320700000071;54.799163434000036
133361;01210610181013012021;01;0;61;046;2021;06;07;5;3;6;4;0;0;0;0;1;0;1;0;534473.051440903916955;5974880.409196136519313;9.524919560000058;53.921185500000036
133362;01210816171013552022;01;0;60;064;2021;08;09;2;3;5;2;0;1;1;1;0;0;0;0;561951.229000003077090;5967272.037999782711267;9.941741736000040;53.850252666000074
133363;01210620125013902021;01;0;54;149;2021;06;13;1;3;0;7;0;0;1;0;0;0;0;0;456378.797810486517847;6087234.996062707155943;8.319259419000048;54.930188410000028
133364;01210717152013622021;01;0;55;012;2021;07;05;7;2;0;7;0;0;1;0;0;0;0;0;605654.332002210430801;5999370.747304787859321;10.616994861000023;54.131588772000043
133365;01210723125013232022;01;0;54;164;2021;07;11;6;3;6;6;0;0;1;0;1;0;0;0;472213.661000000312924;6060683.370999833568931;8.568911769000067;54.692716284000028
133366;01210703161013112021;01;0;62;053;2021;07;13;7;3;5;3;0;0;0;1;0;0;0;0;576502.429504095576704;5933658.114823568612337;10.154596813000069;53.546240479000062
133367;01210612171013672021;01;0;56;039;2021;06;15;7;3;3;6;0;0;1;1;0;0;0;0;551408.192448292858899;5942555.190848371013999;9.777381011000045;53.629261244000077
133368;01210818181013852021;01;0;51;001;2021;08;14;4;3;1;7;0;0;0;1;0;0;0;0;518645.884999999776483;5999872.032999798655510;9.285459222000043;54.146615609000037
133369;01210801145013252021;01;0;57;071;2021;08;13;1;3;9;6;0;1;0;1;0;0;0;0;571134.926658640615642;5994731.737649634480476;10.087728842000047;54.095838411000045
133370;01210629181013922021;01;0;51;114;2021;06;22;3;3;0;7;1;0;1;0;0;0;0;0;518349.725573151372373;6008009.135261137038469;9.281421395000052;54.219758753000065
133371;01210622125013342021;01;0;01;000;2021;06;13;3;3;6;4;0;0;0;1;1;0;0;0;530189.294711776077747;6071429.288195706903934;9.469482756000048;54.789146210000069
133372;01210602152013402021;01;0;55;035;2021;06;12;4;3;0;7;0;0;1;0;0;0;0;0;620101.729268118739128;5981265.906582932919264;10.830822769000065;53.965776657000049
133373;01210709181013092021;01;0;61;046;2021;07;18;6;3;5;3;1;1;0;1;0;1;0;0;535300.060566462576389;5975546.108470449224114;9.537588655000036;53.927112864000037
133374;01210610152013372021;01;0;03;000;2021;06;14;5;3;5;3;0;0;0;0;1;0;0;1;609437.414286521263421;5969469.509587446227670;10.664116136000075;53.862161518000050
133375;01210521134013482021;01;0;57;091;2021;05;14;6;3;5;2;0;0;1;1;0;0;0;0;581025.577859446406364;6015753.532695168629289;10.244592488000023;54.283268326000041
133376;01210807152013982021;01;0;55;002;2021;08;13;7;3;8;1;0;1;0;0;0;1;0;0;616142.440834969282150;5997831.119564652442932;10.776837497000031;54.115495258000067
133377;01210729152013582021;01;0;03;000;2021;07;12;5;2;6;4;0;0;1;0;1;0;0;0;611162.907113780267537;5969789.413826391100883;10.690457553000044;53.864669010000057
133378;01210814125013302021;01;0;54;164;2021;08;10;7;2;0;7;0;0;1;0;0;0;0;0;472307.426065295003355;6060469.473504573106766;8.570386737000035;54.690799232000074
133379;01210823125013492021;01;0;54;149;2021;08;13;2;3;0;7;0;0;1;0;0;0;0;0;456133.631065380759537;6087673.864661304280162;8.315366737000033;54.934110547000046
133380;01210620161013302021;01;0;62;088;2021;06;12;1;3;0;1;0;1;1;0;0;0;0;0;585894.928215094842017;5939437.102150578051805;10.297902875000034;53.596719683000060
133381;01210715161013512021;01;0;53;028;2021;07;20;5;3;0;7;0;0;0;1;0;0;0;0;587322.992066194303334;5924515.112390948459506;10.315313208000020;53.462391006000075
133382;01210601125013952021;01;0;54;019;2021;06;07;3;2;8;2;0;0;1;0;0;0;0;1;497651.330339800566435;6052343.511508891358972;8.963628242000027;54.618527678000078
133383;01210618125013772021;01;0;59;183;2021;06;21;6;3;0;7;0;0;1;0;0;0;0;0;521218.380282667465508;6069740.462050486356020;9.329852974000062;54.774428948000036
133384;01210708145013542021;01;0;58;040;2021;07;10;5;3;0;3;0;0;1;1;0;0;0;0;561969.446409950032830;6047505.606326544657350;9.958569609000051;54.571258535000027
133385;01210616125013142021;01;0;54;164;2021;06;16;4;3;2;6;0;0;1;0;0;0;0;0;471595.237582149915397;6060823.478211510926485;8.559303972000066;54.693940870000063
133386;01210806171013392021;01;0;56;044;2021;08;10;6;3;4;6;0;0;1;0;0;0;0;0;555276.841059420257807;5938676.656002119183540;9.835186890000045;53.594008562000056
133387;01210617161013232021;01;0;62;001;2021;06;11;5;3;5;2;0;0;0;1;0;0;0;1;581856.203840167261660;5947821.604208916425705;10.239098461000026;53.672712165000064
133388;01210725145013232021;01;0;58;113;2021;07;14;1;2;0;7;0;0;1;0;0;0;0;0;540321.326000001281500;5997589.112999798730016;9.616978892000077;54.124854671000037
133389;01210607152013182021;01;0;03;000;2021;06;10;2;3;5;3;0;0;1;1;0;0;0;0;612448.414960422553122;5972818.436570283025503;10.711107732000073;53.891605162000076
133390;01210812125013882021;01;0;59;045;2021;08;20;5;2;0;7;0;0;0;0;0;0;0;1;564871.644849772565067;6057787.544068612158298;10.005730534000065;54.663284145000034
133391;01210820145013772021;01;0;58;043;2021;08;10;6;3;6;7;0;1;0;1;1;0;0;0;554149.616190796718001;6036425.699665486812592;9.835589162000076;54.472590132000050
133392;01210712171013862021;01;0;60;063;2021;07;19;2;3;5;3;0;0;1;1;0;0;0;0;564569.111217154189944;5949500.394119799137115;9.977811994000035;53.690220940000074
133393;01210528181013732021;01;0;61;046;2021;05;08;6;3;5;7;0;0;0;1;0;0;0;0;532731.400491123087704;5976096.480938348919153;9.498530881000022;53.932228152000050
133394;01210812171013472021;01;0;60;063;2021;08;11;5;3;4;6;0;0;1;0;0;0;0;0;565252.817255944944918;5947882.059017976745963;9.987823683000045;53.675591912000073
133395;01210724125013712021;01;0;01;000;2021;07;13;7;3;6;7;0;0;0;1;1;0;0;0;527526.114638845436275;6074020.770270658656955;9.428314375000070;54.812587637000036
133396;01210705181013202021;01;0;61;046;2021;07;16;2;3;0;6;0;1;1;0;0;0;0;0;532581.662311501801014;5976657.731135196983814;9.496310174000030;53.937281932000076
133397;01210612152013772021;01;0;55;046;2021;06;23;7;3;8;7;2;0;0;0;0;0;0;1;642544.524512697942555;6033963.748375052586198;11.197668390000047;54.433362628000054
133398;01210804161013932021;01;0;62;018;2021;08;16;4;2;6;4;0;1;0;1;1;0;0;0;581010.535433869808912;5933152.776982210576534;10.222487043000058;53.541023137000082
133399;01210624171013482021;01;0;60;049;2021;06;09;5;2;9;1;0;0;0;0;0;1;0;0;588741.272409613244236;5978798.213972188532352;10.352221151000037;53.949935636000077
133400;01210603161013542021;01;0;62;018;2021;06;07;5;3;0;7;0;0;0;0;0;0;0;1;579844.918907994404435;5933286.476563189178705;10.204935769000031;53.542403133000050
133401;01210711171013922021;01;0;56;049;2021;07;13;1;3;0;7;0;0;1;0;0;0;0;0;544289.674732207320631;5949011.699570775032043;9.670665956000050;53.687941769000076
133402;01210521181013932021;01;0;51;102;2021;05;14;6;2;8;1;0;1;0;1;0;0;0;0;506588.136417027562857;6019371.350824553519487;9.101289919000067;54.322162844000047
133403;01210810134013582021;01;0;02;000;2021;08;13;3;3;0;7;0;1;0;0;0;1;0;0;573773.001213510520756;6019489.639389993622899;10.134137121000037;54.317937962000030
133404;01210718134013752021;01;0;57;046;2021;07;11;1;3;5;3;0;0;0;1;0;0;0;0;588421.854469778947532;6006521.639032240957022;10.355447192000042;54.199093697000080
133405;01210728134013712021;01;0;02;000;2021;07;15;4;3;5;7;0;0;1;1;0;0;0;0;572895.303306936286390;6024040.106208268553019;10.121759545000032;54.358953100000065
133406;01210817152013422021;01;0;55;028;2021;08;15;3;3;0;7;0;0;1;0;0;0;0;0;599279.869509332813323;6000975.693400943651795;10.520003582000072;54.147279087000072
133407;01210802125013622021;01;0;01;000;2021;08;07;2;3;0;6;0;0;1;1;0;0;0;0;528007.503349216654897;6070389.748591724783182;9.435453820000021;54.779930928000056
133408;01210629125013852021;01;0;54;056;2021;06;16;3;3;0;7;0;0;1;0;0;0;0;0;504242.200984690338373;6037396.895819520577788;9.065479684000024;54.484188823000068
133409;01210624134013272021;01;0;57;073;2021;06;11;5;3;5;3;0;0;0;1;0;0;0;1;589282.904356271028519;6028095.183305265381932;10.375086634000070;54.392780528000060
133410;01210602145013792021;01;0;58;135;2021;06;17;4;3;5;3;0;0;1;1;0;0;0;0;540231.259295264258981;6018750.662270283326507;9.618436179000071;54.315041950000079
133411;01210618152013142021;01;0;03;000;2021;06;12;6;3;0;7;0;0;0;0;0;1;0;0;607281.167942046187818;5966915.920595608651638;10.630450726000049;53.839668863000043
133412;01210709161013902021;01;0;62;001;2021;07;13;6;3;8;7;0;1;0;0;0;1;0;0;580976.558777195401490;5948252.849461117759347;10.225898720000032;53.676724493000052
133413;01210609152013792021;01;0;03;000;2021;06;11;4;3;2;6;0;0;0;1;0;0;0;0;612631.292549920268357;5972710.986900379881263;10.713849672000038;53.890600142000039
133414;01210520145013012021;01;0;04;000;2021;05;13;5;3;0;7;0;0;1;0;0;0;0;0;565455.319904002361000;5989365.699969129636884;9.999737592000031;54.048370450000050
133415;01210808161013772021;01;0;53;107;2021;08;15;1;3;4;6;0;0;1;1;0;0;0;0;619320.755362576805055;5948783.835552399978042;10.806326782000042;53.674148652000042
133416;01210726152013082021;01;0;03;000;2021;07;11;2;3;5;3;0;0;1;0;0;0;0;0;611820.271232889033854;5971896.833177361637354;10.701217712000073;53.883461185000044
133417;01210610171013142022;01;0;56;045;2021;06;07;5;3;6;4;0;0;0;1;1;0;0;0;537936.229143907316029;5950585.439566304907203;9.574655915000051;53.702586430000053
133418;01210814134013132021;01;0;02;000;2021;08;17;7;3;6;3;0;0;0;1;1;0;0;0;568583.249805159866810;6019494.086546566337347;10.054369872000052;54.318701446000034
133419;01210620134013432021;01;0;57;091;2021;06;16;1;3;0;7;0;0;1;0;0;0;0;0;579639.542844965122640;6016956.404175952076912;10.223628098000063;54.294294450000052
133420;01210717145013642021;01;0;58;043;2021;07;19;7;3;0;7;0;0;1;0;0;0;0;0;553997.022578211501241;6036657.257772210985422;9.833277040000041;54.474687226000071
133421;01210531145013732021;01;0;58;003;2021;05;16;2;3;8;7;0;0;1;0;0;0;0;0;540080.502748697996140;6023359.419379513710737;9.616738446000056;54.356472210000049
133422;01210705134013042021;01;0;02;000;2021;07;16;2;3;5;3;0;0;1;0;0;0;0;0;574626.473152454011142;6019118.138416131958365;10.147162066000021;54.314475754000057
133423;01210615181013892021;01;0;51;044;2021;06;15;3;3;5;2;0;0;1;0;0;1;0;0;506695.060104686766863;6006396.994731508195400;9.102643754000042;54.205554345000053
133424;01210806161013232021;01;0;62;023;2021;08;07;6;3;0;7;0;0;1;0;0;0;0;0;584887.374908763915300;5946862.147265618667006;10.284708036000040;53.663606887000071
133425;01210625152013082021;01;0;03;000;2021;06;11;6;3;6;2;0;0;1;0;1;0;0;0;622654.903072741813958;5980573.597814746201038;10.869442185000025;53.958958353000071
133426;01210606161013712021;01;0;53;032;2021;06;12;1;2;4;6;0;1;0;1;0;1;0;0;590313.876897791400552;5923482.841525305062532;10.360053580000056;53.452610495000044
133427;01210822152013672021;01;0;03;000;2021;08;10;1;3;0;7;0;1;1;0;0;0;0;0;610928.623746560886502;5970333.744644630700350;10.687093322000067;53.869609514000047
133428;01210715125013462021;01;0;54;168;2021;07;18;5;2;0;7;0;0;0;0;0;0;0;1;455438.221035416238010;6084739.459162758663297;8.304968813000073;54.907680737000078
133429;01210527145013652021;01;0;04;000;2021;05;10;5;3;0;3;0;1;0;1;0;1;0;0;563993.776879651471972;5992032.862158790230751;9.977981154000076;54.072522414000048
133430;01210813125013202021;01;0;01;000;2021;08;15;6;3;0;7;0;0;1;0;0;0;0;0;528089.940649003721774;6072374.753642121329904;9.436927781000065;54.797764518000065
133431;01210722125013102021;01;0;54;168;2021;07;13;5;3;5;3;0;0;1;1;0;0;0;0;455390.889904546551406;6085182.215218892320991;8.304162027000075;54.911655072000030
133432;01210704125013472021;01;0;54;088;2021;07;14;1;3;2;6;0;0;0;1;0;1;0;0;489395.503454769030213;6071569.346494128927588;8.835078479000060;54.791200981000031
133433;01210530125013742021;01;0;54;168;2021;05;17;1;3;2;6;0;0;1;0;0;0;0;0;459679.480816370807588;6083276.866899471729994;8.371319966000044;54.894898142000045
133434;01210707125013112021;01;0;01;000;2021;07;14;4;2;0;7;0;0;0;0;0;1;0;0;528257.374679771251976;6070699.051872618496418;9.439368759000047;54.782696472000055
133435;01210616152013102021;01;0;55;044;2021;06;11;4;2;0;7;0;0;1;0;0;0;0;0;614868.622000057250261;5986592.115999720990658;10.753100890000042;54.014814597000054
133436;01210805171013322021;01;0;56;044;2021;08;16;5;3;5;3;0;0;0;1;0;0;0;0;555724.794819830916822;5940280.557718643918633;9.842241016000060;53.608376277000048
133437;01210627161013242021;01;0;62;001;2021;06;15;1;3;2;2;0;0;0;1;0;0;0;0;582720.634209914132953;5945179.063023451715708;10.251476626000056;53.648829466000052
133438;01210725171013782021;01;0;56;033;2021;07;00;1;3;9;1;2;1;1;0;0;0;0;0;539252.099171889945865;5952134.201746463775635;9.594783778000021;53.716409241000065
133439;01210607125013302021;01;0;54;056;2021;06;19;2;3;0;3;0;0;1;1;0;0;0;0;502822.557779908180237;6037644.025999363511801;9.043569422000076;54.486419710000064
133440;01210822152013382021;01;0;55;042;2021;08;14;1;3;0;2;0;0;1;1;0;0;0;0;618674.159185711294413;5984147.838615173473954;10.810195389000057;53.991995914000029
133441;01210628152013982022;01;0;55;042;2021;06;11;2;3;2;6;0;0;0;1;0;0;0;0;616619.914635024964809;5984116.047941789031029;10.778865619000044;53.992178039000066
133442;01210715145013652021;01;0;58;135;2021;07;16;5;3;0;7;0;0;1;0;0;0;0;0;543316.727135648019612;6017473.511089576408267;9.665677422000044;54.303311957000062
133443;01210528152013752021;01;0;03;000;2021;05;13;6;3;0;7;0;0;1;0;0;0;0;0;611662.787794983945787;5971653.975549815222621;10.698734468000055;53.881313240000054
133444;01210813161013252021;01;0;62;060;2021;08;11;6;3;8;1;0;0;1;0;0;0;0;0;585404.343815711326897;5933746.963568905368447;10.288935944000059;53.545666637000068
133445;01210721152013572021;01;0;03;000;2021;07;16;4;3;0;5;0;0;1;1;0;0;0;0;611142.895542925223708;5970638.949704436585307;10.690461176000042;53.872305696000069
133446;01210704125013812021;01;0;54;017;2021;07;00;1;3;9;1;2;0;0;1;0;0;0;0;494678.146535094827414;6078222.250130046159029;8.917111853000051;54.851072327000054
133447;01210611134013382021;01;0;02;000;2021;06;09;6;2;0;7;0;0;1;0;0;0;0;0;572291.001681781373918;6022655.049544874578714;10.112125950000063;54.346593457000040
133448;01210804152013422021;01;0;55;016;2021;08;16;4;3;5;2;0;0;1;0;0;0;0;0;628127.136000093072653;6001501.768999623134732;10.961633205000055;54.145621285000061
133449;01210623145013992021;01;0;58;077;2021;06;16;4;3;5;3;0;0;0;1;0;0;0;0;544180.399120490998030;5993641.655073950067163;9.675447526000028;54.089061236000077
133450;01210603171013602021;01;0;62;076;2021;06;07;5;3;5;3;0;0;1;1;0;0;0;0;570604.971540291793644;5952925.229621034115553;10.069980749000024;53.720218316000057
133451;01210710134013472021;01;0;57;066;2021;07;21;7;3;9;7;1;0;0;0;0;0;0;1;585852.401060379110277;6014531.361199824139476;10.318363087000023;54.271499164000033
133452;01210526125013032021;01;0;54;042;2021;05;08;4;3;5;3;0;1;0;1;0;1;0;0;501222.361177071928978;6042226.939954331144691;9.018887539000048;54.527613452000082
133453;01210811125013072022;01;0;54;113;2021;08;07;4;3;5;3;0;0;1;0;0;0;0;0;475919.887000000104308;6017641.736999806016684;8.629921516000024;54.306092909000029
133454;01210718145013682021;01;0;04;000;2021;07;11;1;3;5;3;0;0;1;1;0;0;0;0;565514.538352041505277;5990532.295766979455948;10.000893889000054;54.058846500000072
133455;01210728145013522021;01;0;58;012;2021;07;16;4;3;3;6;0;1;1;0;0;0;0;0;554760.927583935670555;6039458.053843084722757;9.845583334000025;54.499773928000081