OBJECTID;UIDENTSTLAE;ULAND;UREGBEZ;UKREIS;UGEMEINDE;UJAHR;UMONAT;USTUNDE;UWOCHENTAG;UKATEGORIE;UART;UTYP1;ULICHTVERH;USTRZUSTAND;IstRad;IstPKW;IstFuss;IstKrad;IstGkfz;IstSonstige;LINREFX;LINREFY;XGCSWGS84;YGCSWGS84
133456;01210819145013812021;01;0;04;000;2021;08;21;5;3;7;7;2;0;0;1;0;0;0;0;563626.672000003978610;5996158.416999794542789;9.973239159000059;54.109642118000068
133457;01210801161013582021;01;0;53;090;2021;08;16;1;3;6;4;0;1;0;1;1;0;0;0;611943.486770370043814;5943742.472873788326979;10.692886213000065;53.630486446000077
133458;01210628181013712021;01;0;51;044;2021;06;13;2;3;4;6;0;0;1;0;0;0;0;0;506482.955953501164913;6006380.698902148753405;9.099391583000056;54.205410611000048
133459;01210620145013922021;01;0;58;043;2021;06;19;1;3;0;7;0;0;1;0;0;0;0;0;554371.454674332402647;6036543.599338896572590;9.839033654000048;54.473625897000034
133460;01210601161013302021;01;0;62;004;2021;06;08;3;3;5;2;0;0;1;0;0;1;0;0;589242.380019197240472;5962534.534054743126035;10.355120650000060;53.803710893000073
133461;01210618181013682021;01;0;61;046;2021;06;07;6;3;6;2;0;0;0;1;1;0;0;0;534117.880262083373964;5974811.430181505158544;9.519503935000046;53.920589054000061
133462;01210709125013972021;01;0;54;056;2021;07;14;6;3;5;3;0;0;1;1;0;0;0;0;505214.362747703678906;6039067.552651470527053;9.080514785000048;54.499194242000044
133463;01210520161013372021;01;0;62;004;2021;05;17;5;2;6;4;0;0;0;1;1;0;0;0;590949.140206236392260;5962464.894735852256417;10.381008548000068;53.802789569000026
133464;01210809105132942021;01;0;58;146;2021;08;07;2;3;9;1;0;1;0;0;0;1;0;0;548956.919624999165535;6017842.759249808266759;9.752406792000045;54.306120863000046
133465;01210727134013582021;01;0;02;000;2021;07;13;3;3;5;2;0;0;1;1;0;0;0;0;570915.159653728827834;6023372.817688968032598;10.091135128000076;54.353236307000032
133466;01210610152013882021;01;0;03;000;2021;06;07;5;3;0;7;0;0;0;1;0;0;0;1;610764.289456665515900;5969943.477206978946924;10.684454273000028;53.866138359000047
133467;01210814134013662021;01;0;02;000;2021;08;11;7;3;1;5;0;0;0;1;0;0;0;1;573659.863401668146253;6021017.881989205256104;10.132775486000071;54.331686585000057
133468;01210628152013802021;01;0;03;000;2021;06;11;2;3;6;7;0;0;0;0;1;0;0;1;610924.436306378804147;5969609.300503572449088;10.686767745000054;53.863101843000038
133469;01210716125013302021;01;0;01;000;2021;07;16;6;3;0;7;0;0;1;0;0;0;0;0;527403.397477197460830;6069838.343369290232658;9.426009549000071;54.775009066000052
133470;01210530145013622021;01;0;58;172;2021;05;09;1;3;5;7;0;0;0;1;0;0;0;0;542623.584000000730157;6014701.066999806091189;9.654630938000025;54.278454606000082
133471;01210706181013232021;01;0;51;122;2021;07;17;3;3;0;1;0;0;0;0;0;0;0;1;505607.983974186703563;6009188.602087531238794;9.086029656000051;54.230657182000073
133472;01210614161013182021;01;0;62;006;2021;06;12;2;3;5;3;0;0;1;1;0;0;0;0;582557.943076860159636;5954535.411989869549870;10.251507230000072;53.732933576000050
133473;01210806125013862021;01;0;54;168;2021;08;17;6;2;0;7;0;1;1;0;0;0;0;0;455354.766702068038285;6085052.720518536865711;8.303618691000054;54.910488220000047
133474;01210627145013792021;01;0;58;009;2021;06;15;1;3;9;6;0;0;1;0;0;1;0;0;547734.963912067934871;5991907.811646025627851;9.729513122000071;54.073161770000070
133475;01210608125013742021;01;0;54;113;2021;06;11;3;3;0;7;0;0;1;0;0;0;0;0;474105.691034374758601;6019903.991834597662091;8.601844276000065;54.326335550000067
133476;01210820134013972021;01;0;02;000;2021;08;15;6;3;0;2;0;1;1;1;0;0;0;0;570695.697896085679531;6023279.961453313007951;10.087737017000052;54.352432397000030
133477;01210714152013372021;01;0;55;042;2021;07;15;4;3;6;7;0;0;1;0;1;0;0;0;616728.536788233555853;5984892.028261076658964;10.780819158000043;53.999124593000033
133478;01210527134013812021;01;0;02;000;2021;05;16;5;3;5;7;0;0;0;1;0;0;0;0;573204.941045008599758;6020316.424111559987068;10.125608832000069;54.325448966000067
133479;01210811134013462021;01;0;57;033;2021;08;16;4;3;5;7;0;0;1;1;0;0;0;0;574599.266133392229676;6007332.948373647406697;10.143808633000049;54.208581223000067
133480;01210722171013752021;01;0;56;050;2021;07;14;5;3;5;2;0;0;0;1;0;0;0;1;547173.050000000745058;5936598.970999762415886;9.712442562000035;53.576126554000041
133481;01210702171013392021;01;0;60;072;2021;07;14;6;3;8;1;0;0;0;0;0;1;0;0;583815.373842926695943;5992134.152121758088470;10.280857864000041;54.070589138000059
133482;01210613125013812021;01;0;59;018;2021;06;17;1;3;0;1;0;0;0;0;0;1;0;0;534999.480006406083703;6037364.728568894788623;9.540210871000056;54.482710498000074
133483;01210803171013432021;01;0;60;042;2021;08;09;3;3;0;3;0;0;0;1;0;0;0;1;570560.601881278678775;5966472.810935748741031;10.072408428000074;53.841972041000076
133484;01210630152013022021;01;0;03;000;2021;06;02;4;3;0;7;2;0;0;0;0;0;0;1;610531.453000047244132;5969664.250999731943011;10.680814493000071;53.863679352000077
133485;01210623171013032021;01;0;56;018;2021;06;17;4;3;1;5;0;0;1;1;0;0;0;0;555800.933868336491287;5943303.527631133794785;9.843933478000054;53.635537152000040
133486;01210602145013162021;01;0;58;135;2021;06;14;4;3;5;3;0;0;1;1;0;0;0;0;543071.961000001057982;6017029.375999810174108;9.661852188000069;54.299341273000039
133487;01210711145013962021;01;0;58;135;2021;07;00;1;3;0;1;2;0;0;0;0;0;0;1;544933.408225887455046;6017858.753640649840236;9.690578040000048;54.306634408000036
133488;01210522171013702021;01;0;56;039;2021;05;19;7;3;0;1;0;1;1;0;0;0;0;0;552634.070039460435510;5946232.749635973945260;9.796539078000023;53.662191800000073
133489;01210809125013932021;01;0;54;056;2021;08;20;2;3;0;1;1;1;0;0;0;1;0;0;503360.030561413615942;6036127.409754522144794;9.051848686000028;54.472786311000050
133490;01210718181013152021;01;0;51;074;2021;07;13;1;3;5;3;0;0;1;1;0;0;0;0;504662.811999999918044;5993329.771999794989824;9.071284826000067;54.088132717000065
133491;01210729134013132021;01;0;02;000;2021;07;21;5;3;5;3;1;0;1;0;0;0;0;1;574355.149670676328242;6021161.235761975869536;10.143501315000037;54.332873874000029
133492;01210818161013512021;01;0;62;060;2021;08;07;4;3;5;3;0;1;0;1;0;0;0;0;583104.197216423228383;5930160.763356661424041;10.253279074000034;53.513808384000072
133493;01210730145013012021;01;0;04;000;2021;07;20;6;3;7;7;1;0;1;0;0;0;0;0;563853.148810476996005;5992243.140698028728366;9.975876678000077;54.074429533000057
133494;01210628171013032021;01;0;60;073;2021;06;20;2;2;8;1;0;0;0;1;0;0;0;0;563409.382059148512781;5971556.602981468662620;9.964789942000039;53.888581382000041
133495;01210621152013462021;01;0;03;000;2021;06;14;2;3;5;3;0;0;1;1;0;0;0;0;610963.709472869522870;5967490.090098960325122;10.686598789000072;53.844053958000075
133496;01210718152013662021;01;0;55;042;2021;07;13;1;3;5;3;0;0;1;0;0;1;0;0;616032.005856696516275;5984109.642893910408020;10.769900226000061;53.992252853000082
133497;01210531171013342021;01;0;56;050;2021;05;20;2;3;4;6;0;0;0;1;0;0;1;0;546150.946470020338893;5937746.943580500781536;9.697177020000026;53.586535320000053
133498;01210612171013192021;01;0;56;013;2021;06;15;7;3;2;6;0;0;0;1;0;1;0;0;559309.172873712144792;5943736.964494308456779;9.897067802000038;53.639046844000063
133499;01210803125013272021;01;0;01;000;2021;08;13;3;3;5;3;0;0;1;0;0;0;0;0;530090.462000000290573;6071248.612999839708209;9.467927088000067;54.787528520000080
133500;01210623181013892021;01;0;61;046;2021;06;12;4;3;5;3;0;0;1;1;0;0;0;0;533326.128860722295940;5976131.788975292816758;9.507592632000069;53.932507552000061
133501;01210604152013742021;01;0;55;002;2021;06;20;6;3;5;3;0;0;0;1;0;1;0;0;616156.539676189422607;5997288.840977856889367;10.776844680000067;54.110620557000061
133502;01210709181013182021;01;0;61;046;2021;07;21;6;3;4;1;1;1;0;1;0;0;0;0;533394.335428498685360;5975656.510300455614924;9.508579508000025;53.928231511000035
133503;01210524171013472021;01;0;60;005;2021;05;15;2;3;0;7;0;0;1;0;0;0;0;0;585638.351969534531236;5979466.350909873843193;10.305140753000046;53.956462095000063
133504;01210811125013132021;01;0;54;164;2021;08;17;4;3;0;7;0;0;1;0;1;0;0;0;471304.171999337151647;6060683.702275017276406;8.554802030000076;54.692668256000047
133505;01210721152013302021;01;0;55;042;2021;07;16;4;3;0;7;0;0;1;0;0;0;0;0;617514.808708977885544;5983842.383020371198654;10.792402959000071;53.989516813000080
133506;01210729152013842021;01;0;55;042;2021;07;18;5;3;0;7;0;1;1;0;0;0;0;0;616154.461129098199308;5985792.711792171001434;10.772409481000068;54.007345384000075
133507;01210818145013712021;01;0;58;034;2021;08;11;4;3;5;3;0;0;1;1;0;0;0;0;543372.060355601832271;6019089.626869978383183;9.666762434000077;54.317831039000055
133508;01210731161013742021;01;0;53;090;2021;07;13;7;3;0;7;0;0;1;0;0;0;0;0;611748.508017309941351;5943020.042825851589441;10.689679653000042;53.624037378000082
133509;01210628171013682022;01;0;60;063;2021;06;13;2;2;0;7;0;0;1;0;0;0;0;0;565548.455620862543583;5950530.324245376512408;9.992858203000026;53.699354981000056
133510;01210720161013652021;01;0;62;006;2021;07;10;3;3;0;7;0;0;1;0;0;0;0;0;583317.632975210435688;5954063.182747112587094;10.262893207000047;53.728569260000029
133511;01210602152013942021;01;0;03;000;2021;06;16;4;3;5;2;0;0;1;1;0;0;0;0;610705.268355777487159;5968284.566493881866336;10.682958819000021;53.851246884000034
133512;01210617145013792021;01;0;58;046;2021;06;15;5;2;5;3;0;0;0;1;0;0;0;1;555337.103959294036031;6005705.918142529204488;9.848210053000059;54.196401134000041
133513;01210707152013352021;01;0;03;000;2021;07;13;4;3;0;7;0;0;1;0;0;0;0;0;610928.271321712061763;5970333.720546113327146;10.687087956000028;53.869609373000060
133514;01210520125013912021;01;0;54;168;2021;05;15;5;3;0;7;0;0;0;0;0;1;0;0;456565.580000001005828;6085662.898999845609069;8.322411500000044;54.916077980000068
133515;01210807181013022021;01;0;51;044;2021;08;09;7;3;5;3;0;0;1;1;0;0;0;0;506174.110357461497188;6005239.703683894127607;9.094633179000027;54.195159610000076
133516;01210724171013882022;01;0;60;076;2021;07;16;7;2;0;1;0;0;1;0;0;0;0;0;576630.770855408161879;5969183.380983369424939;10.165321655000071;53.865470075000076
133517;01210608171013142021;01;0;60;101;2021;06;08;3;3;5;3;0;0;1;1;0;0;0;0;580282.301226180978119;5976081.507270377129316;10.222645153000030;53.926904922000062
133518;01210816161013182021;01;0;62;009;2021;08;07;2;3;5;3;0;0;1;0;0;0;0;0;579393.081380695104599;5935652.993583122268319;10.198719729000061;53.563738628000067
133519;01210717181013032021;01;0;51;065;2021;07;16;7;3;5;2;0;0;1;1;0;0;0;0;501441.497527205385268;6020928.381608074530959;9.022169982000037;54.336197016000028
133520;01210531171013982021;01;0;60;044;2021;05;17;2;3;5;3;0;0;1;1;0;0;0;0;561969.231729131191969;5964409.611567649990320;9.941438170000026;53.824526044000038
133521;01210704171013522021;01;0;60;005;2021;07;16;1;3;9;1;0;0;0;0;0;1;0;0;585612.531854149885476;5976981.037004794925451;10.304050497000048;53.934134161000031
133522;01210616134013382021;01;0;57;047;2021;06;17;4;2;8;1;0;0;0;0;0;1;0;0;578963.507194154895842;6005824.764842215925455;10.210312044000034;54.194375588000071
133523;01210806152013772021;01;0;55;033;2021;08;16;6;3;2;6;0;0;0;1;0;1;0;0;623681.360332305543125;6017586.296718558296561;10.900234161000071;54.291192482000042
133524;01210627125013872021;01;0;59;045;2021;06;17;1;3;0;7;0;0;1;0;0;0;0;0;565899.819800874218345;6056476.739833364263177;10.021372460000066;54.651372556000069
133525;01210604145013182021;01;0;58;135;2021;06;14;6;3;6;4;0;0;0;1;1;0;0;0;542831.357445758767426;6017774.170661102980375;9.658262075000039;54.306054873000051
133526;01210820171013602021;01;0;60;063;2021;08;08;6;3;5;3;0;1;1;1;0;0;0;0;568399.123518377542496;5949262.249956760555506;10.035749694000060;53.687593316000061
133527;01210712171013162021;01;0;56;039;2021;07;11;2;3;6;4;0;0;0;1;1;0;0;0;552542.387708412483335;5945765.125732719898224;9.795072648000030;53.657998220000081
133528;01210527125013872021;01;0;59;053;2021;05;14;5;3;5;3;0;0;0;1;0;0;0;0;533891.189000000245869;6029488.320999814197421;9.522203947000037;54.412001462000035
133529;01210811125013712021;01;0;59;075;2021;08;07;4;3;0;1;0;1;1;0;0;0;0;0;534842.969999998807907;6039318.752999821677804;9.538025824000044;54.500281663000067
133530;01210721152013872021;01;0;55;028;2021;07;17;4;3;5;3;0;0;1;1;0;0;0;0;601018.919478864409029;6002770.557756204158068;10.547219738000024;54.163065891000031
133531;01210703171013682021;01;0;56;015;2021;07;10;7;2;9;1;0;0;0;0;0;0;0;1;543473.188169217668474;5956616.361964652314782;9.659371353000040;53.756359089000057
133532;01210612171013992021;01;0;56;039;2021;06;11;7;3;2;6;0;0;0;1;0;0;0;0;552988.578457776457071;5947831.492711413651705;9.802176345000021;53.676524754000070
133533;01210818134013692021;01;0;02;000;2021;08;10;4;3;9;7;0;0;0;1;0;0;0;0;570518.770826771855354;6023714.659239782020450;10.085118255000054;54.356362992000072
133534;01210730171013892022;01;0;60;005;2021;07;21;6;3;2;6;1;0;0;1;0;0;0;0;585574.558862677775323;5978543.799389392137527;10.303910142000063;53.948182917000054
133535;01210629125013812021;01;0;54;113;2021;06;11;3;2;0;7;0;0;1;0;0;0;0;0;474384.646416996605694;6019780.315943624824286;8.606144052000047;54.325238125000055
133536;01210623125013222021;01;0;54;121;2021;06;05;4;3;4;6;0;0;0;0;0;0;0;1;500835.148391505703330;6054421.486420672386885;9.012939127000038;54.637207160000060
133537;01210603125013822021;01;0;59;148;2021;06;07;5;3;8;6;0;1;0;0;0;1;0;0;553158.237330751493573;6066329.925712734460831;9.825713856000050;54.741416656000069
133538;01210709181013022021;01;0;61;049;2021;07;18;6;3;8;1;0;1;1;0;0;0;0;0;547741.065413680858910;5977888.099241871386766;9.727405524000062;53.947163597000042
133539;01210611134013342021;01;0;02;000;2021;06;11;6;3;5;3;0;0;1;1;0;0;0;0;573079.711192071437836;6020270.237015204504132;10.123672378000037;54.325051888000075
133540;01210525145013812021;01;0;58;022;2021;05;08;3;3;3;6;0;0;1;1;0;0;0;0;567359.718432652764022;6003409.008270448073745;10.031949038000050;54.174322496000059
133541;01210809152013112021;01;0;55;032;2021;08;16;2;2;0;2;0;0;1;1;0;0;0;0;617241.695908415131271;5995990.230174148455262;10.792931897000074;54.098708532000046
133542;01210720152013922021;01;0;03;000;2021;07;08;3;3;5;2;0;0;1;1;0;0;0;0;608576.571686704643071;5968559.923838103190064;10.650710349000065;53.854170189000058
133543;01210728181013342021;01;0;61;046;2021;07;18;4;3;0;7;0;0;1;0;0;0;0;0;533950.223883921280503;5976507.988960376009345;9.517139648000068;53.935848161000081
133544;01210816105132692021;01;0;62;009;2021;08;00;2;3;8;7;2;1;0;1;0;0;0;0;577062.840365692041814;5935281.674877418205142;10.163453000000061;53.560749045000080
133545;01210619171013892021;01;0;56;044;2021;06;09;7;3;3;6;0;0;0;1;0;0;0;0;555559.180839230306447;5940338.145841812714934;9.839748442000030;53.608911441000032
133546;01210716181013012021;01;0;51;011;2021;07;07;6;3;1;5;0;0;0;1;0;0;0;0;508640.750133099965751;5973023.689206868410110;9.131522708000034;53.905572316000075
133547;01210601134013032021;01;0;02;000;2021;06;08;3;3;5;3;0;0;0;1;0;0;0;0;573108.046864535659552;6020061.658948389813304;10.124056868000025;54.323173610000026
133548;01210618134013412021;01;0;02;000;2021;06;10;6;3;5;3;0;0;1;1;0;0;0;0;574518.174147138372064;6014359.202350633218884;10.144311372000061;54.271729287000028
133549;01210707125013532021;01;0;01;000;2021;07;13;4;3;0;7;0;0;0;0;0;0;0;1;527139.856631701812148;6070831.538172295317054;9.422005605000038;54.783948733000045
133550;01210615152013982021;01;0;55;042;2021;06;12;3;3;5;3;0;0;1;1;0;0;0;0;616735.446713069453835;5984301.828713545575738;10.780698183000027;53.993820928000048
133551;01210806171013822021;01;0;60;075;2021;08;14;6;2;4;6;0;0;0;1;1;0;0;0;591218.738237759098411;5989256.495926588773727;10.393094322000024;54.043475344000058
133552;01210617171013282021;01;0;60;089;2021;06;14;5;3;5;3;0;0;0;1;0;0;0;0;580007.600000009872019;5989639.697999788448215;10.222024635000025;54.048779918000037
133553;01210724181013532021;01;0;51;044;2021;07;17;7;3;0;7;0;0;0;0;0;1;0;0;506063.873801761306822;6006419.546349441632628;9.092967338000051;54.205764884000075
133554;01210608171013462021;01;0;60;063;2021;06;06;3;3;5;3;0;0;1;1;0;0;0;0;564480.452299323864281;5948317.048458976671100;9.976223578000031;53.679597062000028
133555;01210812152013212021;01;0;03;000;2021;08;08;5;3;1;7;0;0;1;1;0;0;0;0;608602.326765133999288;5970265.730591312050819;10.651705387000050;53.869490436000035
133556;01210821152013562021;01;0;55;046;2021;08;13;7;3;0;1;0;0;1;0;0;0;0;0;635945.267822691239417;6037954.974821459501982;11.097834852000062;54.471015978000082
133557;01210714152013692021;01;0;55;032;2021;07;17;4;3;8;7;0;0;1;0;0;0;0;0;617096.766382638365030;5995718.139092471450567;10.790611431000059;54.096297227000036
133558;01210527145013652022;01;0;58;022;2021;05;10;5;3;5;3;0;0;0;1;0;0;0;0;567161.689495225436985;6003192.372183484956622;10.028867464000029;54.172401711000077
133559;01210813145013742021;01;0;04;000;2021;08;17;6;3;5;3;0;0;1;1;0;0;0;0;564469.347703330218792;5990957.970733586698771;9.985019200000067;54.062803622000047
133560;01210706161013962021;01;0;62;004;2021;07;09;3;3;5;3;0;0;0;1;0;1;0;0;590747.293000018224120;5962903.922999769449234;10.378073975000063;53.806769752000037
133561;01210613152013942021;01;0;03;000;2021;06;12;1;3;0;7;0;0;1;0;0;0;0;0;617871.088669618591666;5972416.507250064983964;10.793425440000021;53.886790249000057
133562;01210805152013602021;01;0;03;000;2021;08;10;5;3;5;2;0;0;1;0;0;0;1;0;617530.358739059418440;5972200.362965926527977;10.788161075000062;53.884925788000032
133563;01210626152013502021;01;0;55;033;2021;06;07;7;3;0;2;0;0;1;1;0;0;0;0;623233.756000078283250;6018757.449999675154686;10.893844209000065;54.301820556000052
133564;01210618145013582021;01;0;58;022;2021;06;21;6;3;4;6;1;0;1;0;0;0;0;0;568339.071198709309101;6003391.993228916078806;10.046946085000059;54.174040130000037
133565;01210708152013342021;01;0;55;012;2021;07;20;5;2;1;5;0;1;0;0;0;1;0;1;604604.015658327378333;5999734.582263622432947;10.601053257000046;54.135072331000060
133566;01210520161013482021;01;0;53;032;2021;05;14;5;3;5;3;0;1;0;1;0;0;0;0;590155.694071481004357;5922113.337105531245470;10.357279802000050;53.440330905000053
133567;01210806181013912021;01;0;61;046;2021;08;17;6;3;2;6;0;1;0;1;0;0;0;0;533664.644126836210489;5974789.112994248047471;9.512600477000035;53.920418128000051
133568;01210617181013082021;01;0;61;046;2021;06;12;5;3;5;3;0;0;1;1;0;0;0;0;535143.979967835359275;5975472.000720376148820;9.535203279000029;53.926457426000070
133569;01210725134013772021;01;0;02;000;2021;07;13;1;3;5;2;0;0;1;1;0;0;0;0;573510.673000006936491;6024394.317999811843038;10.131314673000077;54.362047551000046
133570;01210608171013922021;01;0;56;031;2021;06;15;3;3;5;3;0;0;1;0;0;0;0;1;545427.602342999540269;5956790.006060505285859;9.689037795000047;53.757753032000039
133571;01210816171013372021;01;0;60;005;2021;08;19;2;3;0;1;0;0;0;0;0;1;0;0;585413.374541168101132;5975991.512495744973421;10.300741245000040;53.925275478000060
133572;01210628152013632021;01;0;55;044;2021;06;17;2;3;0;7;0;0;1;0;0;0;0;0;615361.506356183439493;5987186.815275190398097;10.760844942000062;54.020047266000063
133573;01210619152013842021;01;0;03;000;2021;06;20;7;3;2;6;0;0;0;1;0;0;0;0;610683.039911785162985;5970624.588621247559786;10.683465015000024;53.872274953000044
133574;01210716152013462021;01;0;55;046;2021;07;14;6;3;0;7;0;0;1;0;0;0;0;0;642000.708827879279852;6035417.019344085827470;11.189987419000033;54.446566167000071
133575;01210529152013682021;01;0;55;044;2021;05;10;7;3;6;4;0;0;0;1;1;0;0;0;614719.108356863260269;5990688.319989927113056;10.752367405000030;54.051646762000075
133576;01210812161013462021;01;0;62;004;2021;08;13;5;3;0;7;0;0;1;0;0;0;0;0;590245.984529823064804;5962894.667066602036357;10.370460876000038;53.806773794000037
133577;01210706171013762021;01;0;60;063;2021;07;16;3;3;5;3;0;0;0;1;0;0;0;0;564915.463000004179776;5950366.211999768391252;9.983237489000032;53.697959167000079
133578;01210614152013972021;01;0;03;000;2021;06;17;2;3;5;7;0;0;1;1;0;0;0;0;610882.519430424086750;5967837.464322393760085;10.685490713000036;53.847192193000069
133579;01210803152013672021;01;0;03;000;2021;08;06;3;3;5;2;0;0;1;1;0;0;0;0;611241.594855165109038;5969110.780649185180664;10.691407596000033;53.858555174000060
133580;01210625152013272021;01;0;03;000;2021;06;16;6;3;5;2;0;0;1;1;0;0;0;0;609821.280611071735620;5970992.244268095120788;10.670495671000026;53.875761153000042
133581;01210604145013152021;01;0;58;054;2021;06;19;6;3;6;6;0;0;1;0;1;0;0;0;540261.148733470588923;6017379.554448354989290;9.618710767000039;54.302717545000064
133582;01210821145013672021;01;0;58;140;2021;08;19;7;3;3;6;0;0;1;1;0;0;0;0;547409.677681835368276;6018883.334026928991079;9.728794988000061;54.315618179000069
133583;01210714134013032021;01;0;02;000;2021;07;17;4;3;0;7;0;0;1;0;0;0;0;0;574928.024451347999275;6025391.689895886927843;10.153373692000059;54.370803112000033
133584;01210524152013192021;01;0;55;046;2021;05;17;2;2;0;7;0;0;1;0;0;0;0;0;642211.629382539540529;6033236.740474624559283;11.192191457000035;54.426926813000080
133585;01210809171013662021;01;0;60;005;2021;08;17;2;3;5;3;0;0;1;0;0;0;0;1;584522.598460237495601;5976753.525207135826349;10.287390343000027;53.932268867000062
133586;01210721171013612021;01;0;56;039;2021;07;16;4;3;0;7;0;0;1;0;0;0;0;0;553502.715562770143151;5944313.397996768355370;9.809352849000049;53.644853391000026
133587;01210703134013372021;01;0;02;000;2021;07;04;7;2;7;1;2;0;0;0;1;0;0;1;574746.118511172942817;6018379.296595405787230;10.148815910000053;54.307819287000029
133588;01210614145013792021;01;0;58;005;2021;06;08;2;3;5;2;0;0;1;1;0;0;0;0;573224.434378588572145;6028785.835098983719945;10.127991997000038;54.401549178000039
133589;01210817134013352021;01;0;02;000;2021;08;07;3;3;2;6;0;0;0;1;0;1;0;0;573385.358293994329870;6020626.346796356141567;10.128458595000041;54.328207925000072
133590;01210731125013912021;01;0;01;000;2021;07;21;7;3;0;7;1;1;0;1;0;0;0;1;528253.042081688530743;6070211.081443594768643;9.439253875000077;54.778311578000057
133591;01210629181013162021;01;0;61;046;2021;06;09;3;3;5;2;0;0;0;1;0;0;0;0;534340.925029918551445;5974858.073994653299451;9.522905261000062;53.920993535000036
133592;01210621171013982021;01;0;56;043;2021;06;11;2;3;5;3;0;1;0;1;0;0;0;0;554189.656929534859955;5945467.522011848166585;9.819944493000037;53.655155416000071
133593;01210603134013302021;01;0;02;000;2021;06;17;5;3;2;6;0;1;0;1;0;0;0;0;577174.736610396765172;6020553.315616989508271;10.186696091000044;54.326992774000075
133594;01210710152013582021;01;0;55;037;2021;07;13;7;2;4;6;0;0;1;0;0;0;0;0;625578.897093677893281;5998930.980830524116755;10.921574569000029;54.123157889000026
133595;01210609152013842021;01;0;55;032;2021;06;20;4;2;0;1;0;0;0;0;0;0;0;1;621542.944000074639916;5995016.765999684110284;10.858280689000026;54.088966155000037
133596;01210519171013292021;01;0;60;063;2021;05;12;4;3;2;1;0;0;1;1;0;0;0;0;565641.064023598097265;5950385.806165773421526;9.994230094000045;53.698044562000064
133597;01210809145013602021;01;0;58;043;2021;08;07;2;3;5;2;0;1;1;1;0;0;0;0;554061.131385865621269;6034038.258417848497629;9.833787666000035;54.451145368000027
133598;01210729134013942021;01;0;02;000;2021;07;17;5;3;0;6;0;0;0;1;0;0;0;0;573507.898971220478415;6022599.002809219062328;10.130828887000064;54.345915907000062
133599;01210610134013822021;01;0;57;048;2021;06;12;5;3;8;3;0;0;0;0;0;1;0;1;602534.396793666295707;6017438.604343239217997;10.575432566000075;54.294545949000053
133600;01210816161013642021;01;0;53;032;2021;08;09;2;3;1;5;0;0;0;1;0;0;0;0;591254.161178759299219;5921222.087336814031005;10.373553543000071;53.432132967000030
133601;01210619181013582021;01;0;61;046;2021;06;14;7;2;5;3;0;0;0;1;0;1;0;0;532461.726389601826668;5977608.444800980389118;9.494584348000046;53.945834167000044
133602;01210716152013022021;01;0;03;000;2021;07;16;6;2;0;1;0;0;0;0;0;1;0;0;616550.192106577567756;5972676.710691485553980;10.773437458000046;53.889426343000082
133603;01210531171013432021;01;0;56;050;2021;05;20;2;3;0;7;0;0;1;0;0;0;0;0;545105.387733671814203;5937445.423047142103314;9.681339992000062;53.583916266000074
133604;01210617134013542021;01;0;57;062;2021;06;07;5;3;4;6;0;0;1;0;0;0;0;0;582699.072227360680699;6010977.427472060546279;10.268972545000054;54.240085531000034
133605;01210705152013102021;01;0;55;032;2021;07;16;2;2;0;7;0;0;1;0;0;0;0;0;618612.123565859161317;5997077.524792915210128;10.814304210000046;54.108161992000078
133606;01210615152013902021;01;0;03;000;2021;06;16;3;3;0;7;0;0;0;1;0;1;0;0;608741.897254379466176;5968355.048384547233582;10.653150116000063;53.852294915000073
133607;01210806145013972021;01;0;58;035;2021;08;14;6;2;5;3;0;0;0;1;0;1;0;0;546744.757438084110618;6023961.770365126430988;9.719370874000049;54.361317874000065
133608;01210617152013622021;01;0;55;004;2021;06;10;5;2;0;7;0;0;1;0;0;0;0;0;612064.992272966541350;5975609.765850286930799;10.706298022000055;53.916765669000029
133609;01210727171013142021;01;0;56;009;2021;07;15;3;3;8;7;0;0;1;0;0;0;0;0;555240.583167464472353;5950113.182036178186536;9.836671198000033;53.696798106000074
133610;01210608152013002021;01;0;03;000;2021;06;10;3;3;0;6;0;0;1;0;0;0;0;1;610928.588739865459502;5969602.099895838648081;10.686828255000023;53.863036264000073
133611;01210813171013972021;01;0;60;044;2021;08;22;6;3;0;7;2;0;1;0;0;0;0;0;563049.547157223336399;5965899.725755006074905;9.958153439000057;53.837787666000054
133612;01210820152013032021;01;0;03;000;2021;08;11;6;3;3;6;0;0;1;0;0;0;0;1;610327.188986836001277;5969922.781297164037824;10.677802747000044;53.866045508000070
133613;01210713125013382021;01;0;54;168;2021;07;13;3;2;0;7;0;0;1;0;0;0;0;0;455229.018172714859247;6085041.868494849652052;8.301659102000031;54.910379451000040
133614;01210528161013482022;01;0;62;001;2021;05;18;6;2;3;6;0;1;1;0;0;0;0;0;579668.887671900913119;5947475.949688157066703;10.205907423000042;53.669943916000079
133615;01210630171013492021;01;0;56;039;2021;06;19;4;3;0;3;0;1;1;1;0;0;0;0;552498.785209567286074;5945075.776632398366928;9.794296451000037;53.651807024000050