OBJECTID;UIDENTSTLAE;ULAND;UREGBEZ;UKREIS;UGEMEINDE;UJAHR;UMONAT;USTUNDE;UWOCHENTAG;UKATEGORIE;UART;UTYP1;ULICHTVERH;USTRZUSTAND;IstRad;IstPKW;IstFuss;IstKrad;IstGkfz;IstSonstige;LINREFX;LINREFY;XGCSWGS84;YGCSWGS84
133777;01210801125013712021;01;0;54;168;2021;08;00;1;2;0;1;2;0;1;0;0;0;0;0;457180.917068791575730;6084018.219284752383828;8.332254853000052;54.901352110000062
133778;01210621134013312021;01;0;02;000;2021;06;20;2;3;0;7;1;1;0;0;0;1;0;0;573012.105393220670521;6018940.758324991911650;10.122307870000043;54.313115250000067
133779;01210719125013492021;01;0;01;000;2021;07;10;2;2;5;3;0;0;0;1;0;1;0;0;526850.084219750948250;6068536.128351004794240;9.417287640000040;54.763336573000061
133780;01210601125013342021;01;0;59;053;2021;06;12;3;3;5;3;0;0;1;0;0;0;0;0;532258.447463204152882;6029847.293855411931872;9.497086355000022;54.415333676000046
133781;01210616181013922021;01;0;61;066;2021;06;19;4;3;5;3;0;0;0;0;0;1;0;1;536098.224000002257526;5986735.739999789744616;9.551068920000034;54.027625065000052
133782;01210707171013592021;01;0;56;050;2021;07;12;4;3;6;7;0;0;0;1;1;0;0;0;546834.789046880789101;5936738.187694188207388;9.707355209000070;53.577408126000080
133783;01210518152013852021;01;0;03;000;2021;05;13;3;3;5;7;0;0;1;0;0;0;0;1;612025.273000050336123;5967987.062999721616507;10.702907507000077;53.848291021000080
133784;01210806181013042021;01;0;51;011;2021;08;16;6;3;5;3;0;1;1;1;1;0;0;0;507379.872917219996452;5972245.729753255844116;9.112311914000031;53.898599466000064
133785;01210617134013062021;01;0;02;000;2021;06;08;5;3;5;3;0;0;0;1;0;0;0;0;577342.114122117869556;6021518.696880493313074;10.189519546000042;54.335641854000073
133786;01210726125013622021;01;0;01;000;2021;07;12;2;3;5;7;0;0;1;1;0;0;0;0;528634.376853858120739;6070685.183518003672361;9.445229132000065;54.782550477000029
133787;01210606152013162021;01;0;03;000;2021;06;14;1;3;5;3;0;0;0;1;0;0;0;1;608530.772757272236049;5969278.564610633999109;10.650268458000028;53.860636320000026
133788;01210816152013382021;01;0;03;000;2021;08;11;2;3;0;7;0;1;1;0;0;0;0;0;611134.516610019840300;5969683.684513496235013;10.689987732000077;53.863725195000029
133789;01210717152013072021;01;0;03;000;2021;07;21;7;3;3;6;1;0;1;1;0;0;0;0;610903.014140725135803;5969750.673727596178651;10.686493240000061;53.864376549000042
133790;01210528152013622021;01;0;03;000;2021;05;06;6;3;0;7;0;0;1;1;0;0;0;0;612496.525355795398355;5966690.107247725129128;10.709592686000065;53.836537127000042
133791;01210812171013522021;01;0;60;063;2021;08;18;5;3;0;7;0;0;0;1;0;0;0;0;564916.772987139411271;5948450.626235309988260;9.982856287000061;53.680743517000053
133792;01210706152013362021;01;0;03;000;2021;07;17;3;3;3;6;0;0;0;1;0;0;0;0;610730.753037732094526;5970331.759421322494745;10.684084659000064;53.869633931000067
133793;01210616171013092021;01;0;60;012;2021;06;11;4;3;0;5;0;0;1;1;0;0;0;0;580461.699729411862791;5991616.652866940945387;10.229483269000070;54.066473700000074
133794;01210802171013842021;01;0;60;063;2021;08;18;2;3;2;6;0;0;0;1;0;1;0;0;564747.615391542203724;5951476.072811460122466;9.980927549000057;53.707954375000043
133795;01210628152013372021;01;0;55;044;2021;06;23;2;2;0;7;2;0;1;0;0;0;0;0;614778.717435246333480;5987661.696663936600089;10.752133363000041;54.024443366000071
133796;01210625125013482021;01;0;01;000;2021;06;11;6;3;5;3;0;0;1;0;0;1;0;0;525239.255632459186018;6070386.663157701492310;9.392414697000049;54.780050027000073
133797;01210604152013622021;01;0;55;042;2021;06;11;6;3;6;4;0;0;0;1;1;0;0;0;616620.226367450319231;5984116.867410238832235;10.778870685000072;53.992185330000041
133798;01210711125013152021;01;0;54;087;2021;07;11;1;3;4;6;0;0;1;1;0;0;0;0;465892.982374089770019;6059722.880109500139952;8.470966755000063;54.683696398000052
133799;01210524134013592021;01;0;57;025;2021;05;13;2;3;5;3;0;0;1;1;0;0;0;0;577335.022052573971450;6024221.314809456467628;10.190111991000038;54.359927183000082
133800;01210811171013862021;01;0;56;018;2021;08;20;4;3;4;6;0;0;0;1;0;1;0;0;555297.869677482172847;5943704.362679723650217;9.836397290000036;53.639193049000028
133801;01210722145013052021;01;0;58;067;2021;07;10;5;3;3;6;0;0;1;1;0;0;0;0;543058.881000000983477;6037833.978999821469188;9.664666296000064;54.486307623000073
133802;01210703134013882021;01;0;02;000;2021;07;17;7;3;0;3;0;0;0;1;0;0;0;1;574281.368000007234514;6015424.876999802887440;10.140940278000073;54.281339590000073
133803;01210614134013502021;01;0;02;000;2021;06;11;2;3;5;3;0;0;1;1;0;0;0;0;573714.026031460613012;6023931.306143553927541;10.134328919000041;54.357857739000053
133804;01210817171013372021;01;0;56;044;2021;08;16;3;2;7;7;0;1;1;0;0;0;0;0;554972.168432382866740;5938399.354110257700086;9.830535196000028;53.591548326000066
133805;01210802161013112021;01;0;62;001;2021;08;08;2;3;5;3;0;1;1;1;0;0;0;0;581113.043041744269431;5947975.896903429180384;10.227892039000039;53.674214539000047
133806;01210629171013812021;01;0;56;049;2021;06;15;3;3;5;3;0;0;1;1;0;0;0;0;544536.777247868478298;5948709.628961024805903;9.674364095000044;53.685205821000068
133807;01210623181013952021;01;0;61;046;2021;06;16;4;3;5;7;0;0;0;1;0;0;0;0;534574.941000000573695;5974843.259999783709645;9.526466755000058;53.920844824000028
133808;01210603125013732021;01;0;54;168;2021;06;11;5;3;1;5;0;0;0;1;0;0;0;0;455802.050798751413822;6086264.086192300543189;8.310408824000035;54.921413199000028
133809;01210618181013552021;01;0;61;079;2021;06;16;6;3;5;3;0;0;1;0;0;0;0;0;536555.644460774958134;5975800.714563395828009;9.556739559000050;53.929314057000056
133810;01210709134013532021;01;0;02;000;2021;07;19;6;3;0;3;0;1;1;0;0;0;0;0;575427.760443288832903;6016360.345559412613511;10.158780504000049;54.289577533000056
133811;01210610181013282021;01;0;61;046;2021;06;07;5;3;0;1;0;0;1;0;0;0;0;0;533832.408790342509747;5975791.813007840886712;9.515265835000037;53.929419132000078
133812;01210519171013292022;01;0;60;063;2021;05;13;4;3;3;6;0;0;1;1;0;0;0;0;566656.835726557299495;5950835.292580625042319;10.009709524000073;53.701955422000026
133813;01210808145013612021;01;0;58;070;2021;08;15;1;3;5;7;0;0;0;1;0;0;0;0;533788.621224099770188;6008115.783839661628008;9.518204452000020;54.219931729000052
133814;01210727181013912021;01;0;51;013;2021;07;19;3;3;0;7;0;0;1;0;0;0;0;0;490719.170564818195999;5997663.020461881533265;8.857982320000076;54.127016240000046
133815;01210609152013412021;01;0;55;007;2021;06;19;4;3;4;1;0;0;0;1;0;0;0;0;599767.884446665644646;5997333.409588212147355;10.526268729000037;54.114460357000041
133816;01210816152013552021;01;0;55;012;2021;08;11;2;2;0;7;0;0;1;0;0;0;0;0;603780.675569315440953;5999057.585399663075805;10.588223984000024;54.129156909000073
133817;01210628171013002021;01;0;60;044;2021;06;14;2;3;2;6;0;0;1;1;0;0;0;0;563786.713252380490303;5963717.445988269522786;9.968901584000037;53.818085784000061
133818;01210621171013002021;01;0;60;039;2021;06;06;2;3;3;6;0;1;1;1;0;0;0;0;564476.981785790994763;5961341.481803720816970;9.978887303000022;53.796648108000056
133819;01210715161013982021;01;0;53;032;2021;07;20;5;3;1;6;0;0;0;1;0;1;0;0;591153.506728108040988;5921315.613369697704911;10.372066046000043;53.432990819000054
133820;01210531152013512022;01;0;55;016;2021;05;15;2;3;0;1;0;0;1;0;0;0;0;0;625025.384706267155707;6002355.350495742633939;10.914528749000056;54.154052813000078
133821;01210705145013332021;01;0;58;135;2021;07;18;2;3;5;2;0;0;0;0;0;0;0;1;543764.719877846539021;6017352.879554137587547;9.672543835000056;54.302189675000079
133822;01210614171013172021;01;0;56;044;2021;06;20;2;3;5;7;0;0;0;1;0;1;0;0;555459.381000001914799;5939194.125999763607979;9.838036629000044;53.598640076000038
133823;01210806171013002021;01;0;56;048;2021;08;10;6;3;5;3;0;0;1;1;0;0;0;0;547321.052236142568290;5950384.083072528243065;9.716774922000070;53.700010517000067
133824;01210624171013032021;01;0;60;063;2021;06;19;5;2;0;7;0;0;1;0;0;0;0;0;564499.931352412328124;5946449.484141996130347;9.976130388000058;53.662810658000069
133825;01210727161013532021;01;0;53;032;2021;07;12;3;3;5;2;0;0;0;1;0;0;0;0;590976.193495628423989;5923815.223715586587787;10.370120560000032;53.455483403000073
133826;01210607145013582021;01;0;58;135;2021;06;11;2;3;5;3;0;0;1;1;0;0;0;0;540749.274585290811956;6018767.705764802172780;9.626400929000056;54.315154040000039
133827;01210819181013512021;01;0;51;074;2021;08;17;5;3;5;3;0;0;1;1;0;0;0;0;505074.778000001795590;5993562.952999794855714;9.077586844000052;54.090224599000067
133828;01210712171013812021;01;0;60;063;2021;07;13;2;3;5;2;0;0;0;1;0;0;0;1;565413.117591886781156;5946850.629029627889395;9.990032630000030;53.666302341000062
133829;01210718145013992021;01;0;58;094;2021;07;13;1;3;8;1;0;0;1;0;0;0;0;0;560552.511699898168445;6010182.313684899359941;9.929043487000058;54.236038581000059
133830;01210729134013502021;01;0;02;000;2021;07;14;5;3;5;3;0;1;0;1;0;0;0;0;573334.962512627243996;6020362.235667828470469;10.127618892000044;54.325841950000040
133831;01210815152013552021;01;0;55;044;2021;08;12;1;3;0;7;0;0;0;0;0;0;0;1;614428.787367183715105;5990819.006421200931072;10.747984243000076;54.052885319000040
133832;01210620152013572021;01;0;55;046;2021;06;15;1;3;0;7;0;0;1;0;0;0;0;0;640238.787836384028196;6030922.367074176669121;11.160710424000058;54.406689499000038
133833;01210716134013702021;01;0;02;000;2021;07;17;6;3;5;3;0;0;1;1;0;0;0;0;577055.096441373229027;6020446.332446387037635;10.184829218000061;54.326049553000075
133834;01210601134013012021;01;0;57;062;2021;06;08;3;3;5;2;0;0;1;1;0;0;0;0;582543.678239735774696;6010416.190763602033257;10.266434309000033;54.235067691000040
133835;01210618134013062021;01;0;57;091;2021;06;10;6;3;0;7;0;0;1;0;0;0;0;0;580752.599817105568945;6015910.100561710074544;10.240442771000062;54.284718342000076
133836;01210708152013712021;01;0;55;044;2021;07;18;5;2;8;1;0;1;1;0;0;0;0;0;615943.600913343019783;5986069.289199180901051;10.769299067000077;54.009877433000042
133837;01210616134013762021;01;0;57;091;2021;06;12;4;2;0;1;0;0;1;0;0;0;0;0;580633.014782164245844;6015774.914943460375071;10.238569854000048;54.283522523000045
133838;01210805181013942021;01;0;61;046;2021;08;15;5;3;2;6;0;1;0;1;0;0;0;0;534574.071079018525779;5977005.239337878301740;9.526698115000045;53.940275979000035
133839;01210617161013902021;01;0;53;104;2021;06;18;5;1;9;1;0;1;0;1;0;0;0;0;604791.269235410727561;5932388.154908962547779;10.580960431000051;53.529947019000076
133840;01210725171013902021;01;0;56;039;2021;07;18;1;2;8;7;0;0;0;0;0;0;0;1;551733.555755480192602;5945411.421631531789899;9.782775754000056;53.654899905000036
133841;01210608152013912022;01;0;55;016;2021;06;14;3;3;0;7;0;0;1;0;0;0;0;0;626180.114791315048933;6001331.587817462161183;10.931771894000065;54.144574432000070
133842;01210812125013902022;01;0;54;168;2021;08;23;5;2;5;3;2;0;1;1;0;0;0;0;459522.528410238213837;6083228.327711330726743;8.368879739000022;54.894449282000039
133843;01210820152013592021;01;0;55;004;2021;08;13;6;3;0;7;0;0;0;0;0;1;0;0;613121.692692412994802;5975810.919694870710373;10.722453728000062;53.918343203000063
133844;01210713171013472021;01;0;56;001;2021;07;16;3;2;1;5;0;0;1;1;0;0;0;0;549506.810194247402251;5946209.019619975239038;9.749213417000021;53.662283951000063
133845;01210529125013552021;01;0;59;018;2021;05;12;7;3;5;3;0;0;0;1;0;0;0;0;535732.959601041860878;6038511.337414126843214;9.551670128000069;54.492963690000067
133846;01210812134013622021;01;0;57;091;2021;08;07;5;3;0;7;0;0;1;0;0;0;0;0;580867.935032990761101;6015746.643997730687261;10.242169785000044;54.283231390000026
133847;01210724145013342021;01;0;58;117;2021;07;11;7;2;0;7;0;0;1;0;0;0;0;0;555880.597293560393155;6002506.064690496772528;9.855945602000077;54.167586271000062
133848;01210704145013942021;01;0;58;034;2021;07;08;1;3;8;1;0;0;0;1;0;0;0;0;543110.089334487915039;6018235.753743315115571;9.662612132000049;54.310179602000062
133849;01210613134013912021;01;0;57;029;2021;06;18;1;2;2;6;0;0;1;0;0;0;0;0;597013.912386184558272;6026825.631182786077261;10.493698019000021;54.379960249000078
133850;01210804171013602021;01;0;56;041;2021;08;11;4;3;5;2;0;0;0;1;0;0;0;0;562936.518000003881752;5955511.172999776899815;9.954314465000039;53.744439639000063
133851;01210625161013942021;01;0;62;060;2021;06;10;6;3;0;7;0;0;1;1;0;0;0;0;582096.581944399513304;5934874.386738190427423;10.239323781000053;53.556325743000059
133852;01210604181013422021;01;0;51;071;2021;06;15;6;3;5;3;0;0;1;1;0;0;0;0;501478.513327477499843;6020263.405251272022724;9.022735981000039;54.330220491000034
133853;01210711161013442021;01;0;53;100;2021;07;09;1;3;1;5;0;0;0;1;0;0;0;0;618401.524909192696214;5950199.820238189771771;10.792958974000044;53.687078872000029
133854;01210523125013752021;01;0;54;078;2021;05;09;1;3;8;7;0;0;1;0;0;0;0;0;458954.562558627687395;6094080.763488039374352;8.358473847000027;54.991922341000077
133855;01210810152013282021;01;0;03;000;2021;08;19;3;3;0;7;0;0;1;0;1;0;0;0;610940.148731900379062;5969988.471997883170843;10.687143656000046;53.866505046000043
133856;01210724125013462021;01;0;54;056;2021;07;10;7;3;5;3;0;0;1;1;0;0;0;0;503553.170522399246693;6036602.543650494888425;9.054834741000036;54.477055120000045
133857;01210703161013212021;01;0;53;047;2021;07;16;7;3;0;7;0;0;1;0;0;0;0;0;599152.886373095214367;5923065.436003388836980;10.492982932000075;53.447270754000044
133858;01210817181013812021;01;0;51;044;2021;08;14;3;3;1;5;0;1;0;1;0;0;0;0;506468.480135532096028;6004343.921206338331103;9.099125837000031;54.187105032000034
133859;01210802125013992021;01;0;59;103;2021;08;17;2;2;6;6;0;0;1;0;1;0;0;0;537143.402312573976815;6065795.453458512201905;9.576902115000053;54.738052215000039
133860;01210624152013892021;01;0;03;000;2021;06;11;5;3;5;3;0;0;1;1;0;0;0;0;613184.631726130843163;5970141.051443997770548;10.721316548000061;53.867391279000060
133861;01210602171013772021;01;0;56;043;2021;06;16;4;3;5;3;0;0;1;1;0;0;0;0;558913.846942192874849;5943630.152481898665428;9.891068952000069;53.638131535000070
133862;01210618152013042021;01;0;03;000;2021;06;17;6;3;2;6;0;0;0;1;0;0;0;0;611673.904388388618827;5969871.365365417674184;10.698254378000058;53.865295600000081
133863;01210707125013952021;01;0;54;149;2021;07;19;4;3;0;7;0;0;1;0;0;0;0;0;456241.090705839917064;6088008.478967195376754;8.316992799000047;54.937126784000043
133864;01210610152013982021;01;0;55;046;2021;06;12;5;3;0;7;0;0;1;0;0;0;0;0;640976.544896746985614;6031154.787514382973313;11.172178655000039;54.408573017000037
133865;01210519134013012021;01;0;02;000;2021;05;17;4;3;1;5;0;0;1;1;0;0;0;0;570928.014078442938626;6018726.000325240194798;10.090227695000067;54.311479202000044
133866;01210809125013032021;01;0;54;056;2021;08;13;2;2;5;2;0;0;0;1;0;1;0;0;503447.421805716119707;6036935.169881949201226;9.053206642000021;54.480045226000072
133867;01210725171013252021;01;0;60;044;2021;07;11;1;3;6;4;0;0;1;0;1;0;0;0;562359.847565514035523;5966492.925963012501597;9.947794170000066;53.843201948000058
133868;01210609171013402021;01;0;56;015;2021;06;08;4;3;5;3;0;0;1;0;0;0;0;0;543068.180500988848507;5954468.950839253142476;9.652929614000072;53.737092400000051
133869;01210816134013382021;01;0;02;000;2021;08;12;2;3;6;4;0;1;0;1;1;0;0;0;573429.825133138336241;6019598.212326787412167;10.128889206000053;54.318963037000060
133870;01210715152013722021;01;0;55;021;2021;07;16;5;3;4;7;0;0;1;1;0;0;0;0;628360.746016627177596;6026742.806019624695182;10.976022215000057;54.372283248000031
133871;01210531152013142021;01;0;55;044;2021;05;11;2;3;4;1;0;0;1;0;1;0;0;0;615451.539796487428248;5987200.283381709828973;10.762223585000072;54.020148129000063
133872;01210705171013132021;01;0;60;063;2021;07;05;2;3;5;3;0;0;1;1;0;0;0;0;568860.431667651981115;5948786.039831211790442;10.042628163000074;53.683253062000063
133873;01210616134013662021;01;0;02;000;2021;06;07;4;3;5;3;0;0;1;1;0;0;0;0;576566.856304209679365;6016650.001642057672143;10.176350316000025;54.292010885000082
133874;01210806145013772021;01;0;58;175;2021;08;10;6;3;8;7;0;0;0;1;0;0;0;0;545366.092981503345072;6029437.180372491478920;9.698991594000063;54.410648136000077
133875;01210627145013972021;01;0;58;092;2021;06;05;1;3;0;1;1;0;1;0;0;0;0;0;570920.848519989289343;6022133.224701544269919;10.090927577000059;54.342096825000056
133876;01210607134013582021;01;0;02;000;2021;06;13;2;3;5;3;0;0;1;1;0;0;0;0;570466.878000005148351;6024198.265999812632799;10.084434358000067;54.360715745000050
133877;01210821125013692021;01;0;54;168;2021;08;11;7;3;1;5;0;0;1;1;0;0;0;0;455796.559570679441094;6084772.334766149520874;8.310552327000039;54.908007988000065
133878;01210628152013882021;01;0;55;035;2021;06;21;2;3;2;6;0;0;0;0;0;1;0;1;614305.228663786314428;5981287.542711874470115;10.742515628000035;53.967284594000034
133879;01210619152013722021;01;0;55;016;2021;06;11;7;3;0;1;0;0;1;0;0;0;0;0;628742.198938054032624;6001825.643305666744709;10.971181941000054;54.148376709000047
133880;01210712125013172021;01;0;54;056;2021;07;12;2;3;3;6;0;0;0;1;0;1;0;0;503033.768329936079681;6036882.404925586655736;9.046821879000049;54.479573658000049
133881;01210527171013622021;01;0;56;050;2021;05;08;5;3;0;3;0;1;1;1;0;0;0;0;546747.343407464213669;5938099.121086178347468;9.706238486000075;53.589647809000041
133882;01210812125013262021;01;0;54;164;2021;08;15;5;3;2;6;0;0;1;0;0;0;0;1;472196.240078598260880;6060667.443234620615840;8.568643020000025;54.692572186000064
133883;01210723125013232021;01;0;54;113;2021;07;20;6;3;0;7;0;0;1;0;0;0;0;0;476252.590646078810096;6017725.748711368069053;8.635027922000063;54.306863523000061
133884;01210704125013232021;01;0;01;000;2021;07;23;1;3;0;7;2;0;1;0;0;0;0;0;528090.365279459394515;6072361.735563354566693;9.436933124000063;54.797647508000068
133885;01210613125013312021;01;0;54;138;2021;06;16;1;3;5;3;0;0;0;1;0;1;0;0;496092.918002090416849;6018150.173601074144244;8.939946153000051;54.311215153000035
133886;01210803171013682021;01;0;56;018;2021;08;16;3;3;5;3;0;0;0;1;0;0;0;1;555662.426000001840293;5943395.171999765560031;9.841855332000023;53.636375553000050
133887;01210622171013492021;01;0;56;049;2021;06;14;3;3;2;6;0;0;0;1;0;0;0;0;545386.089809173718095;5949433.937000656500459;9.687329166000040;53.691642626000032
133888;01210604171013432021;01;0;56;043;2021;06;12;6;3;0;1;0;1;0;0;0;1;0;0;554934.337000002153218;5946428.015999766066670;9.831380822000028;53.663710158000072
133889;01210710145013242021;01;0;04;000;2021;07;13;7;2;3;6;0;0;1;1;0;0;0;0;563853.688714486546814;5989521.134880984202027;9.975311611000052;54.049968107000041
133890;01210525125013912021;01;0;54;088;2021;05;09;3;3;0;7;0;0;1;0;0;0;0;0;488824.702347354032099;6070895.266079369932413;8.826227381000024;54.785130837000054
133891;01210811145013402021;01;0;58;022;2021;08;07;4;3;8;6;0;0;1;0;0;0;0;1;565960.783436874859035;6003679.488564172759652;10.010580373000039;54.176934795000079
133892;01210720152013952021;01;0;55;012;2021;07;12;3;3;4;7;0;0;1;1;0;0;0;0;605530.288711203262210;6000307.843270054087043;10.615424906000044;54.140033251000034
133893;01210729181013412021;01;0;61;079;2021;07;05;5;2;7;7;1;0;0;0;0;1;0;0;537354.918142928741872;5974828.423601215705276;9.568792968000025;53.920518469000058
133894;01210528171013112021;01;0;60;063;2021;05;07;6;3;5;3;0;0;1;1;0;0;0;0;564521.865236057899892;5950283.300697134807706;9.977259584000024;53.697262815000045
133895;01210813125013232021;01;0;54;088;2021;08;17;6;2;9;7;0;0;1;0;0;0;0;0;488058.738208195194602;6071019.815412342548370;8.814311802000077;54.786232483000049
133896;01210723171013192021;01;0;60;044;2021;07;17;6;3;5;3;0;0;1;1;0;0;0;0;561957.551860637962818;5963819.231078127399087;9.941141843000025;53.819221703000039
133897;01210704145013922021;01;0;58;037;2021;07;14;1;2;0;1;0;0;1;0;0;0;0;0;572447.902898510918021;6031923.425652127712965;10.116798493000033;54.429853386000048
133898;01210611161013212021;01;0;53;117;2021;06;11;6;3;0;7;0;0;1;0;0;0;0;0;624259.481390507891774;5942277.207735257223248;10.878447748000042;53.614544989000080
133899;01210803181013882021;01;0;51;038;2021;08;20;3;3;5;3;0;0;1;1;0;0;0;0;499453.853760735131800;6016887.324041789397597;8.991607760000022;54.299880000000030
133900;01210624152013442021;01;0;55;032;2021;06;14;5;3;3;6;0;0;1;0;0;0;0;0;617177.771682228893042;5995847.057054309174418;10.791899402000070;54.097436911000045
133901;01210604125013202022;01;0;54;149;2021;06;16;6;3;0;7;0;0;1;0;0;0;0;0;456307.723107902333140;6087264.882535489276052;8.318145791000063;54.930450751000080
133902;01210710181013772021;01;0;51;013;2021;07;12;7;3;6;4;0;0;1;0;1;0;0;0;490242.867772839032114;5998233.461272772401571;8.850675402000036;54.132134367000049
133903;01210525152013402021;01;0;03;000;2021;05;18;3;3;6;7;0;1;0;1;1;0;0;0;611202.856931164860725;5970793.199271723628044;10.691428669000061;53.873678659000063
133904;01210811145013862021;01;0;04;000;2021;08;07;4;3;3;6;0;0;1;0;0;0;0;0;565500.664065238088369;5994616.468978941440582;10.001565172000028;54.095550393000053
133905;01210719152013182021;01;0;55;035;2021;07;19;2;3;1;5;0;0;0;1;0;0;0;1;612041.765463379211724;5983727.009308705106378;10.708924500000023;53.989695958000027
133906;01210729134013672021;01;0;57;073;2021;07;10;5;3;0;3;0;0;0;1;0;0;0;1;589308.247127132490277;6028065.922387678176165;10.375468030000036;54.392513182000073
133907;01210819125013012021;01;0;01;000;2021;08;11;5;3;5;3;0;1;0;1;0;0;0;0;530808.815614254213870;6072719.335696443915367;9.479253853000046;54.800701454000034
133908;01210730171013382021;01;0;60;063;2021;07;23;6;2;0;2;2;1;1;1;0;0;0;0;564958.028421301394701;5951397.525013748556376;9.984098321000033;53.707222324000043
133909;01210620152013872021;01;0;03;000;2021;06;21;1;3;1;7;0;0;1;0;0;0;0;1;610468.098856416530907;5969209.581480290740728;10.679687882000053;53.859607968000034
133910;01210602125013262021;01;0;54;113;2021;06;17;4;3;0;7;0;0;1;0;0;0;0;0;474352.170674622058868;6019809.483769547194242;8.605642218000071;54.325498632000063
133911;01210618152013552021;01;0;03;000;2021;06;22;6;3;5;3;1;0;1;0;0;0;0;1;609010.242000043392181;5969766.355999739840627;10.657728969000061;53.864918364000062
133912;01210709152013442021;01;0;55;044;2021;07;13;6;3;3;6;0;0;0;1;0;0;0;1;614747.247043209150434;5987925.355067782104015;10.751752770000053;54.026818985000034
133913;01210610171013402021;01;0;60;092;2021;06;17;5;3;3;2;0;0;0;1;0;0;0;1;579757.946490706875920;5979236.392938287928700;10.215485486000034;53.955335688000048
133914;01210518171013912021;01;0;56;029;2021;05;19;3;2;8;1;0;0;0;0;0;1;0;0;546280.563650235533714;5952676.458335956558585;9.701358477000042;53.720706906000032
133915;01210809125013852021;01;0;54;056;2021;08;13;2;3;0;7;0;0;1;0;0;0;0;0;503591.662880861200392;6036367.553228728473186;9.055425924000076;54.474942943000030
133916;01210724161013672021;01;0;53;116;2021;07;10;7;3;5;3;0;0;1;0;0;0;0;0;597964.678921488113701;5930137.036653192713857;10.477304242000059;53.511036361000038
133917;01210610171013262021;01;0;56;050;2021;06;11;5;2;5;3;0;0;1;1;0;0;0;0;546741.755992506630719;5935902.809315701946616;9.705825173000051;53.569908147000035
133918;01210816134013522021;01;0;57;091;2021;08;07;2;3;0;7;0;1;1;0;0;0;0;0;579234.998714245855808;6016049.768132111057639;10.217173740000021;54.286210804000063
133919;01210715181013572021;01;0;61;046;2021;07;10;5;3;5;2;0;0;1;1;0;0;0;0;532593.506011671386659;5976245.947364743798971;9.496446646000038;53.933580207000034
133920;01210531134013552021;01;0;57;057;2021;05;11;2;3;0;2;0;0;1;1;0;0;0;0;593167.727424540556967;6002255.061612173914909;10.426853374000075;54.159918832000074
133921;01210706181013632021;01;0;61;065;2021;07;18;3;2;6;6;0;0;0;0;1;0;0;1;541462.247096299193799;5977405.142110724002123;9.631679781000059;53.943364188000032
133922;01210614171013802021;01;0;56;014;2021;06;15;2;3;0;3;0;0;1;1;0;0;0;0;551274.429011419415474;5952888.734008457511663;9.777065859000061;53.722147914000061
133923;01210806152013602021;01;0;55;004;2021;08;19;6;3;1;5;0;1;0;1;0;0;0;0;610546.810310048051178;5975548.930984655395150;10.683171318000063;53.916545261000067
133924;01210624161013202021;01;0;62;027;2021;06;19;5;3;4;6;0;0;1;1;0;0;0;0;587130.077958495356143;5951107.452736070379615;10.319832311000027;53.701386367000055
133925;01210608161013452021;01;0;62;023;2021;06;17;3;3;0;7;0;0;1;0;0;0;0;0;584769.618808560073376;5946525.162234945222735;10.282834403000038;53.660597785000050
133926;01210820171013542021;01;0;60;027;2021;08;14;6;3;9;6;0;0;0;1;0;1;0;0;563023.105119467712939;5980730.687153346836567;9.960805456000060;53.971073765000028
133927;01210712152013722021;01;0;03;000;2021;07;16;2;2;1;5;0;0;0;1;0;1;0;0;618809.388589229434729;5975584.412933003157377;10.808923313000037;53.915035335000027
133928;01210527161013792021;01;0;62;006;2021;05;04;5;3;5;3;1;1;1;1;0;0;0;0;583715.884779194369912;5954245.656321626156569;10.268977495000058;53.730145231000051
133929;01210701152013482021;01;0;55;035;2021;07;11;5;3;5;7;0;1;0;1;0;0;0;0;612288.371027688495815;5982873.531910754740238;10.712369383000066;53.981974857000068
133930;01210811134013402021;01;0;02;000;2021;08;02;4;3;0;7;2;0;1;0;0;0;0;0;572795.876957810483873;6019193.459660163149238;10.119046427000058;54.315416826000046
133931;01210723125013332021;01;0;59;183;2021;07;09;6;3;5;3;0;0;0;1;0;0;1;0;521453.948000000789762;6070170.715999839827418;9.333546760000047;54.778285458000028
133932;01210703125013062021;01;0;54;168;2021;07;10;7;3;2;6;0;0;0;1;0;0;0;0;457186.270199996419251;6084034.411807002499700;8.332335919000059;54.901498074000074
133933;01210612152013612021;01;0;03;000;2021;06;02;7;2;1;5;2;0;0;1;0;0;0;1;609719.438704968430102;5969805.879427392035723;10.668522900000028;53.865124042000048
133934;01210802161013112022;01;0;62;053;2021;08;11;2;3;5;3;0;0;0;1;0;0;0;0;576841.351317029446363;5932998.288926215842366;10.159548690000065;53.540261295000050
133935;01210623152013312021;01;0;55;044;2021;06;18;4;3;0;7;0;0;0;0;0;1;0;0;612666.389621354639530;5990937.681367417797446;10.721119908000048;54.054339620000064
133936;01210603171013982021;01;0;56;015;2021;06;14;5;3;5;2;0;1;1;1;0;0;0;0;544918.875680494122207;5955037.413034932687879;9.681067304000067;53.742045425000072