OBJECTID;UIDENTSTLAE;ULAND;UREGBEZ;UKREIS;UGEMEINDE;UJAHR;UMONAT;USTUNDE;UWOCHENTAG;UKATEGORIE;UART;UTYP1;ULICHTVERH;USTRZUSTAND;IstRad;IstPKW;IstFuss;IstKrad;IstGkfz;IstSonstige;LINREFX;LINREFY;XGCSWGS84;YGCSWGS84
133937;01210711171013072021;01;0;56;041;2021;07;19;1;2;5;3;0;0;0;1;0;0;0;1;561667.278370942920446;5955499.398842928931117;9.935069323000050;53.744485498000074
133938;01210525125013222021;01;0;59;144;2021;05;00;3;2;9;1;2;1;0;1;0;0;0;0;515783.357469315640628;6065992.965760195627809;9.245159573000024;54.740951607000056
133939;01210808171013822021;01;0;60;005;2021;08;10;1;3;5;3;0;0;0;1;0;0;0;1;585821.703717314638197;5977013.192768935114145;10.307244723000053;53.934388475000048
133940;01210721125013452022;01;0;54;168;2021;07;11;4;2;5;3;0;0;1;1;0;0;0;0;455808.705238513648510;6084306.995879011228681;8.310813180000025;54.903827569000043
133941;01210729152013372021;01;0;03;000;2021;07;12;5;3;6;3;0;0;1;0;1;0;0;0;610006.022000045515597;5972733.817999733611941;10.673929559000044;53.891368764000049
133942;01210817181013042021;01;0;51;011;2021;08;16;3;3;5;2;0;1;1;1;0;0;0;0;509384.834000001661479;5972137.887999780476093;9.142821374000050;53.897597762000032
133943;01210730181013642021;01;0;61;046;2021;07;15;6;3;5;2;0;0;1;1;0;0;0;0;534031.344688314944506;5974857.382595429196954;9.518191454000032;53.921007752000037
133944;01210621152013692021;01;0;03;000;2021;06;17;2;3;0;6;0;0;0;1;0;0;0;0;610294.906000046059489;5969961.727999731898308;10.677326036000068;53.866402275000041
133945;01210720125013892021;01;0;54;164;2021;07;14;3;3;0;7;0;0;1;0;0;0;0;0;471691.114667851477861;6060444.735272562131286;8.560828198000024;54.690542652000033
133946;01210530181013182021;01;0;51;077;2021;05;12;1;3;0;7;0;1;0;0;0;1;0;0;497536.477049202658236;5973838.346595577895641;8.962495581000042;53.912960672000054
133947;01210708161013802021;01;0;62;090;2021;07;23;5;3;8;1;2;0;0;1;0;0;0;0;579921.685702898539603;5948559.521988069638610;10.210012000000063;53.679642746000070
133948;01210521134013342021;01;0;02;000;2021;05;15;6;3;0;7;0;1;1;0;0;0;0;0;576125.145743571221828;6028261.332951618358493;10.172531650000053;54.396410742000057
133949;01210807125013572021;01;0;54;168;2021;08;05;7;3;9;1;1;0;1;0;0;0;0;0;455755.362280239351094;6085237.102192016318440;8.309838372000058;54.912180696000064
133950;01210726152013482021;01;0;55;010;2021;07;16;2;3;1;5;0;0;1;1;0;0;0;0;636069.380575961433351;6010236.675536351278424;11.087092024000071;54.222033763000070
133951;01210607171013402022;01;0;56;041;2021;06;18;2;3;1;5;0;0;1;1;0;0;0;0;559314.524170981720090;5953975.552799372002482;9.899106774000074;53.731063367000047
133952;01210816152013432021;01;0;03;000;2021;08;14;2;3;5;3;0;1;0;1;0;0;0;1;609884.505183408968151;5970436.101521596312523;10.671257661000027;53.870751225000049
133953;01210701152013502021;01;0;55;016;2021;07;20;5;3;0;7;0;0;1;0;0;0;0;0;628475.804203611798584;6001679.748672977089882;10.967043666000052;54.147132909000049
133954;01210717161013372021;01;0;62;027;2021;07;17;7;2;8;1;0;0;0;0;0;0;0;1;586913.414590252563357;5951091.385136725381017;10.316546777000042;53.701278090000073
133955;01210529152013822021;01;0;55;015;2021;05;14;7;2;0;7;0;0;1;0;0;0;0;0;622504.703408895991743;6023549.383727554231882;10.884614132000024;54.345039775000032
133956;01210813161013512021;01;0;53;037;2021;08;23;6;3;9;1;2;0;0;1;0;0;0;0;612193.422475058585405;5935143.083231706172228;10.693571036000037;53.553170904000069
133957;01210818125013942021;01;0;54;168;2021;08;22;4;3;0;7;2;0;1;0;0;0;0;0;456163.991555014625192;6085772.453953860327601;8.316130416000021;54.917027345000065
133958;01210731161013762021;01;0;62;053;2021;07;14;7;3;6;7;0;0;0;1;1;0;0;0;576370.704085037112236;5933528.442472906783223;10.152577555000050;53.545094315000028
133959;01210621152013922021;01;0;55;044;2021;06;15;2;3;0;7;0;1;1;0;0;0;0;0;611754.917781750671566;5989375.505040064454079;10.706627582000067;54.040503646000047
133960;01210601171013442021;01;0;60;063;2021;06;15;3;3;5;2;0;0;1;1;0;0;0;0;565091.383617082610726;5948233.489821853116155;9.985453951000068;53.678770376000045
133961;01210617161013052021;01;0;62;018;2021;06;22;5;2;9;7;1;0;0;0;0;1;0;0;580283.418823298066854;5930916.078449167311192;10.210943599000075;53.521034435000047
133962;01210707171013222021;01;0;56;039;2021;07;11;4;3;6;4;0;0;0;1;1;0;0;0;552570.132305998355150;5944009.168948302045465;9.795195432000071;53.642213634000029
133963;01210518152013702021;01;0;55;032;2021;05;08;3;3;0;5;0;0;0;1;0;0;0;0;619146.063213998451829;5996564.542515950277448;10.822264734000044;54.103430402000072
133964;01210807181013522021;01;0;51;062;2021;08;22;7;3;8;1;2;1;0;0;0;0;0;1;499073.399825166910887;5986135.868020486086607;8.985856159000036;54.023495390000051
133965;01210726181013502021;01;0;51;044;2021;07;19;2;3;5;3;0;1;0;1;0;0;0;0;507120.328575327992439;6004086.321779001504183;9.109108934000062;54.184781192000059
133966;01210609125013632021;01;0;59;045;2021;06;14;4;3;5;3;0;0;0;1;0;0;0;0;559409.780110008083284;6058380.444971507415175;9.921186375000048;54.669285068000079
133967;01210816171013352021;01;0;60;023;2021;08;18;2;3;5;3;0;0;0;1;0;1;0;0;558721.860782867297530;5977873.575763355940580;9.894690944000047;53.945903617000056
133968;01210715152013702021;01;0;55;040;2021;07;09;5;3;1;5;0;0;0;1;0;0;0;0;607382.282981881871819;5972653.401486640796065;10.633994814000062;53.891196181000055
133969;01210530171013732021;01;0;56;015;2021;05;19;1;3;0;7;0;0;0;0;0;0;0;1;544620.950547302141786;5955137.921038726344705;9.676564973000040;53.742974341000036
133970;01210619125013292021;01;0;59;106;2021;06;13;7;2;8;1;0;0;0;1;0;0;0;0;544896.787286392413080;6072267.251155411824584;9.698317344000031;54.795575827000050
133971;01210706152013682021;01;0;03;000;2021;07;19;3;3;2;6;0;0;0;1;0;0;0;0;610159.275275480933487;5970703.537375949323177;10.675530789000049;53.873095691000060
133972;01210614171013032021;01;0;60;063;2021;06;19;2;3;5;3;0;0;1;1;0;0;0;0;566585.733794216066599;5950885.726108480244875;10.008643502000041;53.702417738000065
133973;01210805161013082021;01;0;62;027;2021;08;01;5;3;8;1;2;0;0;1;0;0;0;0;587137.220489057712257;5951106.553298892453313;10.319940220000035;53.701377093000076
133974;01210627134013592021;01;0;57;043;2021;06;19;1;3;5;3;0;0;1;1;0;0;0;0;579431.413239710964262;6028733.778168333694339;10.223570793000022;54.400150675000077
133975;01210605161013572021;01;0;62;004;2021;06;11;7;3;2;6;0;0;0;1;0;0;0;0;590738.555347356945276;5962747.950047297403216;10.377895365000029;53.805369765000080
133976;01210819171013352021;01;0;56;039;2021;08;16;5;3;2;2;0;0;0;1;0;0;0;0;552065.472039188258350;5944670.679230617359281;9.787673331000065;53.648209480000048
133977;01210713152013382021;01;0;55;037;2021;07;15;3;2;0;1;0;0;1;0;0;0;0;0;624486.449532073922455;5998355.550903415307403;10.904631376000054;54.118254549000028
133978;01210526125013332021;01;0;54;056;2021;05;12;4;2;8;7;0;1;1;0;0;0;0;0;504326.277094813995063;6037189.366731196641922;9.066774385000031;54.482323010000073
133979;01210701145013852021;01;0;58;005;2021;07;17;5;2;2;6;0;0;0;1;0;1;0;0;573698.367222503758967;6027077.455606115981936;10.134867384000074;54.386130029000071
133980;01210811161013032021;01;0;62;027;2021;08;16;4;3;4;6;0;0;0;1;0;0;0;1;586722.824386418797076;5951204.544958628714085;10.313692262000075;53.702326632000052
133981;01210721152013502021;01;0;03;000;2021;07;12;4;3;6;7;0;0;0;1;1;0;0;0;607611.628000040538609;5967293.593999737873673;10.635603051000032;53.842993729000057
133982;01210702145013752021;01;0;58;092;2021;07;09;6;3;5;3;0;0;0;1;0;0;0;0;571172.807772128842771;6022211.273849476128817;10.094821152000065;54.342763064000053
133983;01210613134013662021;01;0;02;000;2021;06;20;1;3;5;2;0;0;1;1;0;0;0;0;574430.125525826588273;6018712.348498964682221;10.144043312000065;54.310858124000049
133984;01210819171013202021;01;0;60;075;2021;08;13;5;3;8;6;0;0;0;1;0;0;0;1;590068.638638261705637;5992012.935226170346141;10.376354191000075;54.068444754000041
133985;01210804152013972021;01;0;55;007;2021;08;15;4;2;0;7;0;0;0;0;0;1;0;0;603099.539893524721265;5997677.303959380835295;10.577333382000063;54.116893058000073
133986;01210623152013552021;01;0;55;046;2021;06;19;4;3;8;7;0;0;1;0;0;0;0;0;638788.210580334998667;6030654.342138547450304;11.138252902000033;54.404679981000072
133987;01210603125013762021;01;0;54;113;2021;06;11;5;2;0;7;0;0;1;0;0;0;0;0;474814.817357270047069;6018144.811815276741982;8.612896099000068;54.310560873000043
133988;01210711125013562022;01;0;54;168;2021;07;16;1;3;5;2;0;0;1;1;0;0;0;0;455328.446439526043832;6085194.012077998369932;8.303186248000031;54.911755497000058
133989;01210523152013682021;01;0;55;044;2021;05;18;1;3;0;7;0;0;1;0;0;0;0;0;615082.963295297697186;5988018.370630364865065;10.756910453000046;54.027579847000027
133990;01210809161013652021;01;0;62;004;2021;08;07;2;3;5;3;0;0;0;1;0;1;0;0;590509.733000018633902;5962962.905999770388007;10.374484910000035;53.807341139000073
133991;01210721125013192021;01;0;54;164;2021;07;18;4;3;8;7;0;0;1;0;0;0;0;0;471279.979888927191496;6060632.502481134608388;8.554431758000021;54.692206764000048
133992;01210728125013432021;01;0;59;045;2021;07;12;4;3;5;3;0;0;0;1;0;0;0;1;560071.624000002630055;6056619.987999830394983;9.931085351000036;54.653387615000042
133993;01210815152013402021;01;0;55;016;2021;08;12;1;3;5;3;0;0;1;1;0;0;0;0;629794.328000099398196;6003027.217999605461955;10.987797745000023;54.158904870000072
133994;01210620171013302021;01;0;60;008;2021;06;16;1;2;9;1;0;0;0;1;0;0;0;0;585162.204000013880432;5970500.214999776333570;10.295389813000043;53.875973327000054
133995;01210717125013042021;01;0;01;000;2021;07;00;7;3;0;1;2;0;0;0;0;0;0;1;528559.991764439269900;6070783.920253010466695;9.444082296000033;54.783442011000034
133996;01210531152013702021;01;0;55;010;2021;05;11;2;2;0;7;0;0;1;0;0;0;0;0;636007.697384559549391;6010634.954626668244600;11.086327015000052;54.225627330000066
133997;01210616171013212021;01;0;56;015;2021;06;21;4;3;6;6;1;0;0;1;1;0;0;0;544534.078777776099741;5953929.616933042183518;9.675073833000056;53.732121908000067
133998;01210708134013922021;01;0;02;000;2021;07;14;5;3;2;6;0;0;0;1;0;0;1;0;574565.891179007478058;6014558.614101985469460;10.145093638000048;54.273514189000082
133999;01210521161013812021;01;0;53;050;2021;05;21;6;2;9;7;1;1;0;1;0;0;0;1;594397.427702719345689;5923630.120024466887116;10.421572416000060;53.453218214000060
134000;01210806171013862021;01;0;60;063;2021;08;14;6;2;5;3;0;0;1;1;0;0;0;0;565018.256173286587000;5946746.689567916095257;9.984035580000068;53.665417480000031
134001;01210724152013572021;01;0;55;016;2021;07;11;7;3;0;6;0;0;1;0;1;0;0;0;631395.123365318402648;6003721.435810249298811;11.012599958000067;54.164733377000061
134002;01210608125013462021;01;0;01;000;2021;06;20;3;3;0;7;0;0;0;0;0;1;0;0;529053.217533411458135;6068702.251739956438541;9.451542876000076;54.764706832000059
134003;01210812152013352021;01;0;55;041;2021;08;17;5;2;8;6;0;0;0;1;0;1;0;0;610442.013570830225945;5999636.450665226206183;10.690331035000042;54.132969553000066
134004;01210821171013012021;01;0;56;041;2021;08;15;7;3;0;7;0;0;1;0;0;0;0;0;559578.272211758419871;5954234.361577566713095;9.903154054000026;53.733359275000055
134005;01210701152013982022;01;0;55;004;2021;07;17;5;2;6;2;0;0;0;1;1;0;0;0;610821.526845125481486;5976755.268702883273363;10.687789330000044;53.927324475000034
134006;01210713145013352021;01;0;58;034;2021;07;11;3;3;5;3;0;0;1;1;0;0;0;0;543426.892233079299331;6018814.006970519199967;9.667565208000042;54.315349429000037
134007;01210526161013812021;01;0;53;075;2021;05;06;4;2;2;6;0;0;1;1;0;0;0;0;607608.566488750278950;5959077.195009782910347;10.632685168000023;53.769173708000039
134008;01210813161013102021;01;0;53;090;2021;08;11;6;3;5;2;0;0;1;1;0;0;0;0;611247.161063870415092;5942759.998334839940071;10.682009779000055;53.621807723000074
134009;01210702125013682021;01;0;59;088;2021;07;22;6;3;5;3;1;0;0;1;0;0;0;0;521700.069163460284472;6015329.295063298195601;9.333333286000027;54.285416915000042
134010;01210706171013232021;01;0;56;039;2021;07;19;3;2;6;4;0;0;0;1;1;0;0;0;551604.492789597250521;5944778.522491795942187;9.780718018000073;53.649224406000030
134011;01210614134013442021;01;0;02;000;2021;06;15;2;3;1;5;0;0;0;1;0;1;0;0;573159.279490993358195;6019724.909561375156045;10.124761860000035;54.320140341000069
134012;01210805152013622021;01;0;55;046;2021;08;15;5;3;5;3;0;0;0;1;0;1;0;0;642888.037158571183681;6033347.844020256772637;11.202663298000061;54.427735006000034
134013;01210626161013602021;01;0;62;001;2021;06;05;7;3;9;1;0;0;0;1;0;0;0;0;580841.995858316309750;5944165.578492369502783;10.222798482000030;53.640015546000029
134014;01210604161013382021;01;0;53;090;2021;06;10;6;3;2;6;0;0;0;1;0;0;0;0;611847.964551286771894;5943637.457553343847394;10.691404610000063;53.629563345000065
134015;01210619134013832021;01;0;57;048;2021;06;11;7;3;2;6;0;0;0;1;0;0;0;0;604224.015349552035332;6017037.543745055794716;10.601242469000056;54.290601028000026
134016;01210711125013712021;01;0;54;056;2021;07;14;1;3;2;6;0;0;0;1;0;0;0;0;503145.373990247957408;6036498.720383370295167;9.048540269000057;54.476124730000038
134017;01210523152013742021;01;0;55;042;2021;05;18;1;3;1;5;0;0;0;1;0;0;0;0;618645.889733250252903;5984030.429302046075463;10.809718670000052;53.990947666000068
134018;01210811161013322021;01;0;53;035;2021;08;19;4;3;2;6;0;0;0;1;0;1;0;0;612594.681483620777726;5933589.225372159853578;10.699065802000064;53.539124143000038
134019;01210722125013192021;01;0;54;089;2021;07;15;5;3;6;3;0;0;0;0;1;1;0;0;457042.830460664816201;6059325.095983291044831;8.333760020000057;54.679444836000073
134020;01210703145013712021;01;0;58;005;2021;07;22;7;3;0;7;1;0;1;0;0;0;0;0;573825.811705390922725;6026893.066029727458954;10.136783656000034;54.384454726000058
134021;01210817161013102021;01;0;62;001;2021;08;08;3;3;5;3;0;1;1;1;0;0;0;0;582100.209733235649765;5947269.431463517248631;10.242645117000052;53.667711909000047
134022;01210730134013522021;01;0;02;000;2021;07;19;6;3;7;7;0;0;0;0;0;1;0;0;574678.462518508546054;6015950.299312921240926;10.147169366000071;54.286003021000056
134023;01210629145013822021;01;0;58;043;2021;06;12;3;3;1;5;0;0;1;1;0;0;0;0;554123.482570421881974;6036425.115371074527502;9.835185832000036;54.472587669000063
134024;01210623171013552021;01;0;60;005;2021;06;12;4;3;0;7;0;0;0;1;0;0;1;0;585917.038581694476306;5976871.907530574128032;10.308656727000027;53.933103121000045
134025;01210704171013812021;01;0;60;044;2021;07;18;1;3;5;3;0;0;1;1;0;0;0;0;564248.191370436921716;5965093.868917666375637;9.976197711000054;53.830398710000054
134026;01210615145013482021;01;0;58;022;2021;06;15;3;3;5;2;0;0;0;1;0;0;0;1;567019.248277653940022;6003540.908788701519370;10.026763332000030;54.175552353000057
134027;01210804125013832021;01;0;59;079;2021;08;13;4;3;5;3;0;0;1;1;0;0;0;0;524140.136336059309542;6040841.052016938105226;9.372887898000045;54.514584914000068
134028;01210625171013742021;01;0;56;039;2021;06;16;6;3;0;7;0;0;0;1;0;0;0;0;552008.945696269161999;5945158.534085169434547;9.786899897000069;53.652599745000032
134029;01210604171013372021;01;0;56;015;2021;06;07;6;3;0;7;0;0;0;0;0;0;0;1;543380.898941285908222;5956583.917768601328135;9.657967118000045;53.756075182000075
134030;01210821134013792021;01;0;02;000;2021;08;15;7;2;4;6;0;0;1;1;0;0;0;0;574304.507847484201193;6017253.667198600247502;10.141750087000048;54.297769182000081
134031;01210712125013472021;01;0;01;000;2021;07;16;2;3;0;7;0;0;0;1;1;0;0;0;531321.738568129949272;6073174.501508589833975;9.487281637000024;54.804759983000054
134032;01210524152013902021;01;0;55;044;2021;05;15;2;3;5;3;0;0;1;0;0;1;0;0;611564.250000049360096;5986415.261999733746052;10.702630305000071;54.013950387000079
134033;01210811152013582021;01;0;03;000;2021;08;18;4;3;5;2;0;0;1;1;0;0;0;0;607310.198207499459386;5966909.956907076761127;10.630889647000060;53.839609287000030
134034;01210722145013262021;01;0;58;076;2021;07;16;5;3;5;3;0;0;0;1;0;0;0;0;566145.595118096098304;6005442.065663462504745;10.013798810000026;54.192749934000062
134035;01210703134013552021;01;0;57;055;2021;07;19;7;3;8;1;0;1;0;0;0;1;0;0;600119.839029693976045;6021694.378420827910304;10.539775170000041;54.333259450000071
134036;01210614145013802021;01;0;58;019;2021;06;16;2;2;5;3;0;0;1;1;0;0;0;0;569089.004407132044435;6008864.440108815208077;10.059690310000065;54.223115588000041
134037;01210817152013702021;01;0;55;046;2021;08;16;3;2;0;7;0;0;1;0;0;0;0;0;642601.546269828453660;6031574.794660231098533;11.197398299000042;54.411892245000047
134038;01210731134013992021;01;0;02;000;2021;07;12;7;3;0;7;0;0;1;0;0;0;0;0;576552.461621143855155;6019177.296818464994431;10.176776805000031;54.314722218000043
134039;01210622125013132021;01;0;54;168;2021;06;04;3;2;8;1;0;0;1;0;0;0;0;0;454644.496692005544901;6078309.041894249618053;8.293601491000061;54.849826113000063
134040;01210603152013332021;01;0;55;044;2021;06;16;5;3;5;3;0;0;1;1;0;0;0;0;614039.297000055201352;5990350.497999724000692;10.741861431000075;54.048762687000078
134041;01210710125013062021;01;0;54;089;2021;07;13;7;3;0;2;0;0;1;0;0;0;0;0;457153.226000000722706;6059226.607999829575419;8.335486515000071;54.678569195000080
134042;01210610125013572021;01;0;54;085;2021;06;18;5;3;4;6;0;0;1;0;0;0;0;0;458510.987247675657272;6056025.654754271730781;8.356997107000041;54.649917929000082
134043;01210520161013132021;01;0;62;001;2021;05;11;5;3;5;3;0;0;1;1;0;0;0;0;581418.742162054404616;5946980.660422697663307;10.232257536000077;53.665223483000034
134044;01210807152013002021;01;0;55;022;2021;08;17;7;3;3;6;0;1;1;0;0;0;0;0;635097.223123852163553;6015975.172333793714643;11.074777438000069;54.273832196000058
134045;01210728171013102021;01;0;60;101;2021;07;16;4;3;2;6;0;0;0;1;0;0;0;0;580564.131668631918728;5976051.866427741944790;10.226928345000033;53.926594807000072
134046;01210815171013632021;01;0;56;040;2021;08;21;1;3;4;6;1;0;1;1;0;0;0;0;549892.022182455286384;5948362.216019770130515;9.755388580000044;53.681599472000073
134047;01210628171013682021;01;0;56;039;2021;06;09;2;3;5;2;0;0;0;1;0;0;0;0;550824.832384833134711;5944541.593594502657652;9.768885069000021;53.647171301000071
134048;01210716181013452021;01;0;61;046;2021;07;19;6;2;5;3;0;0;1;1;0;0;0;0;533847.980502581223845;5975972.685367574915290;9.515523015000042;53.931043733000081
134049;01210601125013742021;01;0;59;075;2021;06;10;3;3;5;3;0;0;0;1;0;0;0;0;534815.744726811535656;6039341.421023771166801;9.537608120000073;54.500487245000045
134050;01210618125013722021;01;0;54;087;2021;06;14;6;3;0;7;0;0;1;0;0;0;0;0;465773.040282030589879;6059750.699208179488778;8.469103162000067;54.683938259000058
134051;01210707152013772021;01;0;03;000;2021;07;16;4;3;0;5;0;0;0;0;0;0;0;1;610863.129033881239593;5969897.192524170503020;10.685939940000026;53.865701426000044
134052;01210614152013872021;01;0;55;004;2021;06;16;2;3;5;3;0;0;1;1;0;0;0;0;611736.246781437657773;5975172.325485453009605;10.701135209000029;53.912906669000051
134053;01210806152013792021;01;0;55;039;2021;08;10;6;3;3;6;0;0;1;1;0;0;0;0;616284.026953607797623;5992600.899817237630486;10.776992830000040;54.068477861000076
134054;01210617161013072021;01;0;62;001;2021;06;12;5;3;0;2;0;0;0;1;0;1;0;0;581213.301341676153243;5947070.652786439284682;10.229172552000023;53.666064136000045
134055;01210726125013242021;01;0;59;107;2021;07;14;2;3;9;7;0;0;0;1;0;0;0;0;524186.784910550341010;6053008.883363012224436;9.374609752000026;54.623933431000069
134056;01210608145013742021;01;0;58;124;2021;06;18;3;3;5;3;0;0;1;1;0;0;0;0;546644.065063754096627;6015614.226458255201578;9.716516459000047;54.286310005000075
134057;01210812125013182021;01;0;54;086;2021;08;13;5;3;5;3;0;0;0;1;0;0;0;0;485093.998806969262660;6081283.317221183329821;8.767681084000060;54.878387137000061
134058;01210822171013602021;01;0;56;050;2021;08;17;1;3;5;2;0;1;0;1;0;0;0;0;547191.625407763756812;5936497.160646108910441;9.712707689000069;53.575209825000059
134059;01210713125013502021;01;0;54;089;2021;07;10;3;2;0;7;0;0;1;0;0;0;0;0;457408.136197095736861;6059271.012606814503670;8.339433163000024;54.678989841000032
134060;01210527181013402021;01;0;61;046;2021;05;09;5;3;6;4;0;0;0;1;1;0;0;0;534074.476812161505222;5974833.697663951665163;9.518845553000062;53.920792044000052
134061;01210812125013032021;01;0;54;056;2021;08;11;5;3;0;7;0;0;1;0;0;0;0;0;504327.472732226364315;6037163.769106566905975;9.066792465000049;54.482092950000037
134062;01210722171013202021;01;0;56;015;2021;07;17;5;3;5;2;0;0;0;1;0;0;0;0;544189.865000000223517;5955023.382999772205949;9.670012759000031;53.741981624000061
134063;01210702125013202021;01;0;54;056;2021;07;14;6;3;2;2;0;0;0;1;0;0;0;0;504893.394369393587112;6038351.952938215807080;9.075546869000050;54.492766228000050
134064;01210703125013242021;01;0;01;000;2021;07;12;7;3;3;6;0;0;1;0;0;0;0;1;528234.950842917896807;6070696.311388960108161;9.439019839000025;54.782673107000051
134065;01210614125013112021;01;0;54;149;2021;06;19;2;2;0;1;0;0;1;0;0;0;0;0;456204.969191680662334;6087747.528223490342498;8.316468814000075;54.934778744000027
134066;01210803171013622022;01;0;60;063;2021;08;15;3;3;2;2;0;0;0;1;0;0;0;0;565639.485840389505029;5950366.302642924711108;9.994202063000046;53.697869482000044
134067;01210625181013942021;01;0;51;097;2021;06;14;6;3;0;7;0;0;1;0;0;0;0;0;509651.826727847568691;5981045.681433700025082;9.147166011000024;53.977655943000059
134068;01210604134013862021;01;0;02;000;2021;06;15;6;3;2;6;0;0;0;1;0;0;0;0;573558.321832489222288;6025683.880462467670441;10.132366587000035;54.373628181000072
134069;01210711125013972021;01;0;54;016;2021;07;14;1;3;9;7;0;0;1;0;0;0;0;0;491068.289401734247804;6073862.322487859055400;8.861022932000026;54.811839813000063
134070;01210524152013702021;01;0;55;044;2021;05;14;2;3;0;6;0;0;1;0;0;0;0;0;614571.246172761544585;5989595.008723909035325;10.749697169000058;54.041857712000080
134071;01210810152013682021;01;0;55;042;2021;08;11;3;3;0;7;0;0;1;0;0;0;0;0;616608.794794416055083;5984917.792309213429689;10.779003209000052;53.999383090000038
134072;01210721145013712021;01;0;58;124;2021;07;22;4;3;8;1;2;0;0;1;0;0;0;0;546262.640791785903275;6015386.399172406643629;9.710622520000072;54.284297232000029
134073;01210729152013182021;01;0;55;016;2021;07;13;5;3;5;3;0;0;1;1;0;0;0;0;627877.026296043768525;6002119.591126604005694;10.958068429000036;54.151233142000081
134074;01210819152013642021;01;0;03;000;2021;08;08;5;3;5;3;0;0;0;1;0;0;0;1;610540.517268781550229;5968878.745963511988521;10.680669355000077;53.856620242000076
134075;01210802125013592021;01;0;01;000;2021;08;14;2;3;0;4;0;1;1;0;1;0;0;0;527283.846285099163651;6070635.744721099734306;9.424226059000034;54.782181428000058
134076;01210623171013142021;01;0;56;015;2021;06;17;4;3;2;6;0;0;0;1;0;0;0;0;546593.467253122478724;5955309.699488462880254;9.706496696000045;53.744345675000034
134077;01210602171013562021;01;0;60;005;2021;06;13;4;3;6;7;0;0;0;1;1;0;0;0;586175.873917213641107;5976498.325586179271340;10.312492722000059;53.929703228000051
134078;01210618171013142021;01;0;60;039;2021;06;14;6;3;5;3;0;0;1;0;0;0;0;0;566195.806608616374433;5960358.951296627521515;10.004767024000046;53.787602444000072
134079;01210709161013272021;01;0;53;012;2021;07;06;6;3;2;6;0;0;0;1;0;0;0;0;584817.982780360616744;5925261.792171258479357;10.277793168000073;53.469510364000030
134080;01210610145013842021;01;0;58;021;2021;06;12;5;3;0;7;0;0;1;0;0;0;0;0;549512.129317655228078;6008470.689670665189624;9.759389303000034;54.221843095000054
134081;01210520171013622021;01;0;56;049;2021;05;08;5;3;5;3;0;0;1;1;0;0;0;0;544252.385183796286583;5948985.139291323721409;9.670097544000043;53.687706211000034
134082;01210807171013852021;01;0;60;039;2021;08;17;7;3;5;3;0;1;0;1;0;0;0;0;564411.918000002391636;5962187.313999779522419;9.978076549000036;53.804257581000059
134083;01210727152013652021;01;0;55;046;2021;07;16;3;3;4;6;0;0;1;0;0;0;0;0;642340.047279364429414;6032563.329049641266465;11.193846233000045;54.420843191000074
134084;01210609145013942021;01;0;58;043;2021;06;14;4;3;7;5;0;0;1;0;0;0;0;0;554891.686775487847626;6036918.718502875417471;9.847130305000064;54.476940815000034
134085;01210816171013422022;01;0;56;047;2021;08;07;2;3;5;3;0;0;1;1;0;0;0;0;556254.349555692635477;5948197.994734901934862;9.851676373000032;53.679477351000060
134086;01210717125013302021;01;0;59;113;2021;07;05;7;2;0;7;1;0;1;0;0;0;0;0;537667.322567142546177;6078105.660806283354759;9.586638555000036;54.848635945000069
134087;01210530125013052021;01;0;59;137;2021;05;11;1;3;0;7;0;0;1;0;0;0;0;0;541913.393723857589066;6075066.704324340447783;9.652322706000064;54.820990188000053
134088;01210705145013962021;01;0;58;058;2021;07;19;2;3;6;2;0;0;0;1;1;0;0;0;563936.627824314869940;6029349.862038532271981;9.985063782000054;54.407868948000043
134089;01210602125013232021;01;0;54;046;2021;06;16;4;3;0;7;0;0;1;0;0;0;0;0;453788.015999998897314;6067603.174999834969640;8.281970688000058;54.753544777000059
134090;01210618152013462021;01;0;55;046;2021;06;20;6;3;0;7;0;0;1;0;0;0;0;0;642181.002320123836398;6032770.481763495132327;11.191496198000038;54.422748046000038
134091;01210708171013742021;01;0;56;049;2021;07;08;5;3;0;7;0;0;1;0;0;0;0;0;544921.453562678769231;5948733.126455349847674;9.680191716000024;53.685384079000073
134092;01210611125013242021;01;0;59;045;2021;06;10;6;3;5;3;0;0;1;0;0;0;0;1;560301.286510783247650;6056627.221649225801229;9.934645992000071;54.653425206000065
134093;01210520161013262021;01;0;53;038;2021;05;16;5;3;4;1;0;1;0;1;0;1;0;0;602859.663329912349582;5959266.849558446556330;10.560726017000036;53.771837119000054
134094;01210807161013782021;01;0;62;004;2021;08;20;7;3;5;3;0;0;1;1;0;0;0;0;592460.578697726130486;5962287.809628926217556;10.403898154000046;53.800931956000056
134095;01210728125013162021;01;0;01;000;2021;07;16;4;3;6;7;0;0;0;1;1;0;0;0;527374.574342267587781;6072403.379969803616405;9.425803595000048;54.798061317000077
134096;01210609171013082021;01;0;56;015;2021;06;13;4;3;5;7;0;0;1;1;0;0;0;0;542862.192546739242971;5955278.640588663518429;9.649919255000043;53.744386644000031