OBJECTID;UIDENTSTLAE;ULAND;UREGBEZ;UKREIS;UGEMEINDE;UJAHR;UMONAT;USTUNDE;UWOCHENTAG;UKATEGORIE;UART;UTYP1;ULICHTVERH;USTRZUSTAND;IstRad;IstPKW;IstFuss;IstKrad;IstGkfz;IstSonstige;LINREFX;LINREFY;XGCSWGS84;YGCSWGS84
134097;01210816125013722021;01;0;54;056;2021;08;12;2;3;5;3;0;0;1;1;0;0;0;0;504271.539630676619709;6038180.185815062373877;9.065943862000040;54.491228144000047
134098;01210621161013532021;01;0;62;082;2021;06;16;2;3;5;3;0;0;0;1;0;0;0;0;590492.038059507496655;5941156.797886217013001;10.367844925000043;53.611399328000061
134099;01210716171013462021;01;0;60;063;2021;07;15;6;3;5;3;0;0;0;1;0;0;0;0;565151.573324664495885;5949445.836702246218920;9.986619700000062;53.689658310000027
134100;01210530125013662021;01;0;59;045;2021;05;19;1;2;0;7;0;0;1;0;0;0;0;0;565452.172795870341361;6057594.244518341496587;10.014685834000034;54.661472213000081
134101;01210706181013952021;01;0;61;044;2021;07;20;3;3;4;6;0;0;1;0;0;0;0;1;542585.906000001356006;5964054.881999779492617;9.646942453000065;53.823287252000057
134102;01210616171013162021;01;0;56;027;2021;06;14;4;3;3;7;0;0;1;0;0;0;0;0;539869.755305210128427;5939861.802893741056323;9.602567148000048;53.606058967000081
134103;01210806152013872021;01;0;55;032;2021;08;11;6;3;0;7;0;0;1;0;0;0;0;0;618692.559426712803543;5996715.928650707006454;10.815391945000044;54.104895137000028
134104;01210627134013272021;01;0;57;091;2021;06;14;1;3;0;7;0;0;1;0;0;0;0;0;579887.726668758317828;6016125.119929011911154;10.227218258000050;54.286786275000054
134105;01210726171013802021;01;0;56;018;2021;07;20;2;3;0;1;0;1;0;0;0;1;0;0;556305.582992630079389;5941071.033040264621377;9.851161034000029;53.615418588000068
134106;01210607152013512021;01;0;55;032;2021;06;14;2;3;0;7;0;0;1;0;0;0;0;0;618810.100572969764471;5997303.165939476341009;10.817419481000059;54.110143301000051
134107;01210822161013522021;01;0;53;100;2021;08;11;1;3;5;3;0;0;1;1;0;0;0;0;618680.613009419292212;5950437.010895458981395;10.797273701000051;53.689146464000032
134108;01210715145013092021;01;0;58;135;2021;07;16;5;2;6;4;0;0;0;0;1;0;0;1;542104.912597197107971;6018598.350698973983526;9.647214566000059;54.313522079000052
134109;01210528125013082021;01;0;54;149;2021;05;16;6;3;2;6;0;0;1;0;0;0;0;0;457120.248741888441145;6088204.192165939137340;8.330684800000029;54.938961756000026
134110;01210630171013212021;01;0;56;039;2021;06;11;4;3;5;2;0;0;1;1;0;0;0;0;552595.426370802335441;5946873.993613904342055;9.796062936000055;53.667958903000056
134111;01210813152013532021;01;0;55;012;2021;08;18;6;3;0;7;0;0;1;0;0;0;0;0;605338.178437137044966;6000077.082929965108633;10.612404879000053;54.137999479000030
134112;01210721171013082021;01;0;60;101;2021;07;18;4;3;9;1;0;0;0;1;0;0;0;0;580744.687304534949362;5974297.163395883515477;10.229214079000030;53.910798983000063
134113;01210704125013592021;01;0;59;050;2021;07;13;1;3;1;5;0;0;1;1;0;0;0;0;529848.764931123703718;6028553.516020603477955;9.459825636000062;54.403853570000081
134114;01210611171013152022;01;0;56;048;2021;06;07;6;3;1;5;0;0;1;1;0;0;0;0;547063.586393134668469;5949644.438582921400666;9.712763089000020;53.693386099000065
134115;01210804152013062021;01;0;55;032;2021;08;09;4;3;5;3;0;0;1;1;0;0;0;0;619073.738802815787494;5996567.314020307734609;10.821160286000065;54.103472038000064
134116;01210623152013272021;01;0;55;046;2021;06;18;4;3;4;6;0;0;0;1;0;0;0;0;638478.004000133834779;6030689.203999469056726;11.133493610000073;54.405077567000035
134117;01210605134013302021;01;0;57;016;2021;06;10;7;2;0;7;0;0;1;0;0;0;0;0;583225.851439146324992;6021166.730935007333755;10.279888915000072;54.331553606000057
134118;01210711152013242021;01;0;55;002;2021;07;22;1;3;3;6;2;0;1;1;0;0;0;0;616157.566000058315694;5997346.497999718412757;10.776882526000065;54.111138283000059
134119;01210524125013642021;01;0;54;096;2021;05;15;2;3;5;3;0;0;1;0;0;1;0;0;511110.438595581799746;6033290.475478418171406;9.171338448000029;54.447179791000053
134120;01210811152013282021;01;0;03;000;2021;08;14;4;3;1;5;0;0;1;1;0;0;0;0;608482.771420925855637;5971564.066588906571269;10.650347262000025;53.881180175000054
134121;01210719125013252021;01;0;54;168;2021;07;17;2;3;6;6;0;0;0;1;1;0;0;0;459332.113618315197527;6083496.979465521872044;8.365873089000047;54.896847937000075
134122;01210728145013312021;01;0;58;034;2021;07;21;4;3;0;7;1;0;1;0;0;0;0;0;544119.143756397068501;6019070.525123083963990;9.678243705000057;54.317595363000066
134123;01210819145013692021;01;0;58;022;2021;08;16;5;3;6;6;0;0;1;0;1;0;0;0;567492.459021495655179;6003313.530357325449586;10.033960854000043;54.173447075000070
134124;01210731171013792021;01;0;56;043;2021;07;15;7;3;4;6;0;1;0;1;0;0;0;0;558881.467985413968563;5942578.403171528130770;9.890380237000045;53.628682705000074
134125;01210620134013052021;01;0;57;062;2021;06;20;1;3;0;7;0;0;1;0;0;0;0;0;582501.387241290882230;6010194.861535526812077;10.265724768000041;54.233085780000067
134126;01210602134013032021;01;0;02;000;2021;06;18;4;3;1;5;0;0;1;1;0;0;0;0;573269.208960576914251;6021517.006962042301893;10.126891750000027;54.336227800000074
134127;01210618181013542021;01;0;61;046;2021;06;09;6;3;0;7;0;0;1;0;0;0;0;0;534120.360741867683828;5975418.166704373434186;9.519609418000073;53.926042034000034
134128;01210709125013182021;01;0;54;168;2021;07;23;6;3;1;7;2;0;1;1;0;0;0;0;459268.916329837404191;6083203.075211102142930;8.364929288000042;54.894201760000044
134129;01210519181013342021;01;0;51;034;2021;05;16;4;2;5;3;0;0;0;1;0;0;0;1;492400.417999999597669;5983927.440999787300825;8.884053536000067;54.003591192000044
134130;01210808134013432021;01;0;57;067;2021;08;11;1;3;8;1;0;1;0;0;0;1;0;0;591561.452837957069278;6004328.458473738282919;10.402891950000026;54.178837142000077
134131;01210727125013702021;01;0;54;168;2021;07;10;3;3;6;7;0;0;0;0;1;0;0;1;455443.528395688161254;6085859.452611027285457;8.304878172000031;54.917745348000039
134132;01210610134013662021;01;0;57;046;2021;06;11;5;3;0;7;0;0;1;0;0;0;0;0;591218.374000017531216;6010971.535999789834023;10.399653702000023;54.238585785000055
134133;01210814171013472021;01;0;56;015;2021;08;17;7;3;0;7;0;1;1;0;0;0;0;0;543662.242000000551343;5956430.953600000590086;9.662212369000031;53.754676891000031
134134;01210716145013892021;01;0;58;157;2021;07;16;6;3;0;7;0;0;1;0;0;0;0;0;576563.662109480239451;6033601.217446632683277;10.180662704000042;54.444325869000068
134135;01210529161013162021;01;0;62;005;2021;05;00;7;2;0;1;2;0;0;0;0;0;0;1;578053.745869645848870;5958425.065923798829317;10.184226723000052;53.768580956000051
134136;01210706181013002021;01;0;61;044;2021;07;09;3;3;0;7;0;0;1;0;0;0;0;0;541074.459070635028183;5962395.549708422273397;9.623761390000027;53.808495356000037
134137;01210615145013482022;01;0;58;173;2021;06;20;3;3;8;1;1;0;0;1;0;0;0;0;551242.406596782617271;6037975.686400393024087;9.791001282000025;54.486820613000077
134138;01210806152013922021;01;0;03;000;2021;08;12;6;3;5;3;0;0;0;1;0;0;0;0;611695.710519060492516;5971596.968726094812155;10.699214309000070;53.880793996000079
134139;01210624171013372021;01;0;60;063;2021;06;17;5;3;0;1;0;0;1;0;0;0;0;0;565212.109519817866385;5945233.260576114058495;9.986651326000072;53.651792004000072
134140;01210606134013852021;01;0;57;073;2021;06;10;1;3;0;6;0;0;1;1;0;0;0;0;589289.851853053085506;6028325.005385970696807;10.375262669000051;54.394844201000069
134141;01210822134013652021;01;0;57;025;2021;08;16;1;2;6;7;0;0;0;1;1;0;0;0;577744.858280672691762;6026000.948887277394533;10.196882402000028;54.375855575000060
134142;01210713134013982021;01;0;02;000;2021;07;19;3;3;0;7;0;0;1;0;0;0;0;0;573021.675987362861633;6020119.356360809877515;10.122743294000031;54.323704425000074
134143;01210527145013642021;01;0;58;135;2021;05;12;5;3;0;3;0;1;1;1;0;0;0;0;542505.517000001855195;6016138.255999807268381;9.653022001000068;54.291380317000062
134144;01210809171013352021;01;0;60;063;2021;08;09;2;3;2;6;0;0;0;1;0;0;0;0;565965.900957660749555;5951671.948239712044597;9.999423256000057;53.709562185000038
134145;01210722152013922021;01;0;55;044;2021;07;17;5;3;5;3;0;0;1;1;0;0;0;0;615042.178655466064811;5986712.347423318773508;10.755793795000045;54.015856072000076
134146;01210702152013932021;01;0;55;042;2021;07;12;6;3;5;3;0;0;1;1;0;0;0;0;616729.049892713315785;5984705.600099567323923;10.780755484000053;53.997449686000039
134147;01210612171013982021;01;0;56;049;2021;06;15;7;3;5;2;0;0;0;1;0;1;0;0;545057.440396266058087;5948413.868440486490726;9.682204264000063;53.682502956000064
134148;01210803125013822021;01;0;54;019;2021;08;15;3;3;2;6;0;0;0;1;0;0;0;0;497682.296082925051451;6052325.215041041374207;8.964107926000054;54.618363391000059
134149;01210623152013992021;01;0;03;000;2021;06;12;4;3;0;1;0;0;0;0;0;0;0;1;610438.703553926199675;5969925.318753223866224;10.679498718000048;53.866044591000048
134150;01210601152013212021;01;0;55;042;2021;06;11;3;3;0;7;0;0;1;0;0;0;0;0;616591.877264243550599;5984953.859524548053741;10.778759067000067;53.999710921000030
134151;01210615171013182021;01;0;60;091;2021;06;07;3;3;0;7;0;0;0;0;0;0;0;1;586882.427000014111400;5972988.894999774172902;10.322253938000074;53.898050657000056
134152;01210806152013512021;01;0;55;033;2021;08;11;6;3;5;3;0;0;0;1;0;0;0;1;622835.324195806868374;6018420.740600751712918;10.887586426000041;54.298891985000068
134153;01210625152013602021;01;0;55;004;2021;06;13;6;2;0;3;0;0;1;1;0;0;0;0;611414.078479724936187;5976242.870859973132610;10.696622685000023;53.922593921000043
134154;01210609134013112021;01;0;02;000;2021;06;11;4;3;2;6;0;0;0;1;0;1;0;0;573317.290312129072845;6020154.286100754514337;10.127296117000071;54.323975919000077
134155;01210821152013522021;01;0;55;046;2021;08;11;7;3;0;7;0;0;1;0;0;0;0;0;631174.858619259670377;6040232.517380110919476;11.025283228000035;54.492726738000044
134156;01210712125013562021;01;0;54;103;2021;07;13;2;3;3;6;0;0;1;0;0;0;0;0;473931.370013594627380;6039903.219257846474648;8.597406708000051;54.506061163000027
134157;01210528171013602021;01;0;56;043;2021;05;13;6;3;3;6;0;0;1;1;0;0;0;0;556988.206291778944433;5944327.940067470073700;9.862075296000057;53.644616080000048
134158;01210812171013712021;01;0;56;044;2021;08;11;5;3;5;2;0;0;1;1;0;0;0;0;554826.684348044916987;5939279.641462516039610;9.828492209000046;53.599475220000045
134159;01210723152013002021;01;0;03;000;2021;07;23;6;2;0;1;2;0;1;0;0;0;0;0;610749.656514598987997;5970879.679578810930252;10.684569878000048;53.874552534000031
134160;01210704125013462021;01;0;54;164;2021;07;19;1;3;0;3;0;0;1;1;0;0;0;0;471919.571809774264693;6059797.501394094899297;8.564434556000037;54.684738993000053
134161;01210612171013232021;01;0;56;050;2021;06;10;7;3;6;7;0;0;1;0;1;0;0;0;546601.969941853545606;5936976.221301887184381;9.703874725000048;53.579568279000057
134162;01210803161013562021;01;0;62;001;2021;08;17;3;3;0;7;0;0;1;0;0;0;0;0;581850.229521245695651;5947841.923467813059688;10.239013406000026;53.672895696000069
134163;01210623125013742021;01;0;01;000;2021;06;12;4;3;0;7;0;0;1;0;0;0;0;0;527472.700046555139124;6073248.848089849576354;9.427410029000043;54.805653723000034
134164;01210604181013902021;01;0;51;013;2021;06;12;6;3;0;7;0;0;1;0;0;0;0;0;490907.286461140960455;5999414.211008202284575;8.860808153000050;54.142758756000035
134165;01210712125013042021;01;0;54;168;2021;07;15;2;2;5;2;0;0;1;1;0;0;0;0;455737.309167999774218;6085166.926196878775954;8.309567582000057;54.911548502000073
134166;01210524125013832021;01;0;01;000;2021;05;14;2;2;6;2;0;0;0;1;1;0;0;0;528204.225190171971917;6070212.624734699726105;9.438495087000035;54.778328191000071
134167;01210811181013652021;01;0;61;046;2021;08;06;4;3;0;7;1;0;1;0;0;0;0;0;532687.974305535666645;5976810.605607803910971;9.497945897000022;53.938649216000044
134168;01210720152013052021;01;0;55;016;2021;07;12;3;3;0;1;0;0;0;0;0;0;0;1;628006.319586041383445;6002054.424871068447828;10.960019243000033;54.150615591000076
134169;01210728125013172022;01;0;54;164;2021;07;18;4;3;0;7;0;1;1;0;0;0;0;0;471405.274426221847534;6060991.696012692525983;8.556340325000065;54.695441826000035
134170;01210819134013262021;01;0;02;000;2021;08;17;5;3;6;4;0;0;0;1;1;0;0;0;575818.854633783921599;6018702.442862018942833;10.165381696000054;54.310564831000079
134171;01210731152013542021;01;0;55;046;2021;07;04;7;2;8;1;2;0;0;0;0;0;0;1;643942.957297589629889;6034869.744217105209827;11.219650823000052;54.441104980000034
134172;01210620181013622021;01;0;61;046;2021;06;06;1;3;0;1;0;0;0;0;0;1;0;0;534092.872644906863570;5975256.760652305558324;9.519172827000034;53.924593182000081
134173;01210720125013512021;01;0;54;046;2021;07;15;3;3;6;6;0;0;0;1;1;0;0;0;454289.355000002309680;6067804.581999836489558;8.289728008000054;54.755400500000064
134174;01210602152013792021;01;0;55;032;2021;06;09;4;3;0;7;0;0;1;0;0;0;0;0;618713.450958340428770;5996975.657696580514312;10.815813270000035;54.107223527000031
134175;01210617125013002021;01;0;59;023;2021;06;17;5;2;8;7;0;0;1;0;0;0;0;0;525390.940413224510849;6038665.785592893138528;9.392021157000045;54.494974792000050
134176;01210707152013902021;01;0;03;000;2021;07;15;4;3;6;4;0;0;1;0;1;0;0;0;609920.243412272073328;5971061.923677541315556;10.672025271000052;53.876366217000054
134177;01210519145013852021;01;0;58;046;2021;05;20;4;3;8;7;1;0;0;0;0;1;0;0;555179.874068072997034;6006407.199799271300435;9.845929029000047;54.202720240000076
134178;01210807171013352021;01;0;56;024;2021;08;11;7;3;5;3;0;0;0;1;0;1;0;0;544114.047530725598335;5944863.012018267065287;9.667417158000035;53.650669034000032
134179;01210726171013832021;01;0;56;043;2021;07;12;2;3;0;7;0;0;1;1;0;0;0;0;556279.841377760283649;5944936.200478481128812;9.851471110000034;53.650159464000069
134180;01210609125013502021;01;0;54;088;2021;06;16;4;3;5;2;0;0;1;1;0;0;0;0;489534.731739650480449;6071591.140292657539248;8.837242966000076;54.791399759000058
134181;01210816181013622021;01;0;51;044;2021;08;17;2;2;6;7;0;1;0;1;1;0;0;0;505947.979000000283122;6005221.854999801144004;9.091166821000058;54.195001865000052
134182;01210701171013062021;01;0;60;005;2021;07;16;5;3;6;7;0;0;0;1;1;0;0;0;585843.371657250449061;5977210.352312214672565;10.307630074000031;53.936156494000045
134183;01210716161013272021;01;0;62;001;2021;07;10;6;3;0;2;0;0;1;1;0;0;0;0;582100.027697732672095;5947265.462682290002704;10.242641313000036;53.667676273000041
134184;01210601125013032021;01;0;01;000;2021;06;09;3;3;5;3;0;0;1;0;0;0;0;1;528902.264957978390157;6071069.164671601727605;9.449432580000064;54.785985756000059
134185;01210630161013922021;01;0;62;018;2021;06;07;4;3;0;7;0;0;1;0;0;0;0;0;580979.279000010341406;5933226.535999758169055;10.222034579000024;53.541690797000058
134186;01210704171013612021;01;0;62;076;2021;07;16;1;3;4;6;0;0;0;1;0;1;0;0;573688.988862605765462;5952961.354215823113918;10.116716426000039;53.720116559000076
134187;01210615145013232021;01;0;04;000;2021;06;19;3;3;5;3;0;0;1;1;0;0;0;0;565719.288350788876414;5990478.581305695697665;10.004009772000074;54.058337732000041
134188;01210805152013812021;01;0;55;022;2021;08;16;5;3;4;6;0;0;0;1;0;0;0;0;629446.235588963143528;6017574.153311453759670;10.988742425000055;54.289655906000064
134189;01210627125013622021;01;0;54;168;2021;06;10;1;3;0;7;0;0;1;0;0;0;0;0;455178.469470103271306;6084564.133260447531939;8.300945094000042;54.906082042000037
134190;01210605152013872021;01;0;55;046;2021;06;15;7;3;0;7;0;0;1;0;0;0;0;0;636439.461821287870407;6032725.700515082105994;11.103046241000072;54.423918367000056
134191;01210819181013712021;01;0;61;046;2021;08;07;5;3;2;6;0;0;0;1;0;1;0;0;533751.059699393808842;5976959.307239789515734;9.514155926000058;53.939917474000026
134192;01210713134013962021;01;0;02;000;2021;07;11;3;3;6;4;0;0;0;1;1;0;0;0;576754.428234440274537;6020400.337304417043924;10.180195282000057;54.325681565000082
134193;01210527134013602021;01;0;02;000;2021;05;12;5;3;5;2;0;0;1;1;0;0;0;0;570275.011307016946375;6022987.732545560225844;10.081196595000051;54.349864642000057
134194;01210810171013552021;01;0;56;005;2021;08;13;3;3;1;5;0;1;1;0;0;0;0;1;559599.879091745242476;5947423.510786276310682;9.902171373000044;53.672145998000076
134195;01210721181013162021;01;0;51;011;2021;07;16;4;3;0;7;0;0;1;0;0;0;0;0;504265.363089125603437;5972022.080251922830939;9.064910120000036;53.896624271000064
134196;01210703171013562021;01;0;56;036;2021;07;10;7;3;5;3;0;0;1;1;0;0;0;0;545483.193127275444567;5946454.148563615977764;9.688362785000038;53.664852578000080
134197;01210612125013782021;01;0;59;113;2021;06;00;7;3;0;1;2;0;1;0;0;0;0;0;535765.413451991975307;6076710.772848334163427;9.556846820000032;54.836240630000077
134198;01210818161013272021;01;0;53;090;2021;08;07;4;3;5;2;0;0;1;1;0;0;0;0;611247.709565946832299;5942759.757275972515345;10.682017982000048;53.621805441000049
134199;01210730171013312021;01;0;56;018;2021;07;11;6;3;0;7;0;0;1;0;0;0;0;0;555309.340048968791962;5943529.753397773951292;9.836539712000047;53.637622535000048
134200;01210630125013352021;01;0;54;168;2021;06;12;4;3;0;7;0;0;1;0;0;0;0;0;455779.371316760778427;6085507.490142928436399;8.310171302000072;54.914612501000079
134201;01210622171013882021;01;0;56;049;2021;06;16;3;3;5;3;0;0;0;1;0;0;0;1;544575.216221885755658;5948687.172569638118148;9.674942856000030;53.685000710000054
134202;01210603152013032021;01;0;55;012;2021;06;07;5;3;5;2;0;0;0;1;0;1;0;0;605447.097932710312307;5999406.447518369182944;10.613837092000040;54.131952057000035
134203;01210710145013642021;01;0;04;000;2021;07;19;7;3;5;3;0;0;0;1;0;0;0;0;564486.676624903455377;5992527.676110832020640;9.985617972000057;54.076907583000036
134204;01210610152013482022;01;0;55;046;2021;06;15;5;3;8;6;0;0;1;1;0;0;0;0;635901.503788019530475;6035049.978369140997529;11.095826133000060;54.444937312000036
134205;01210518181013262021;01;0;51;119;2021;05;08;3;3;9;1;0;0;0;1;0;0;0;0;505219.230634833686054;5981927.742782767862082;9.079595316000052;53.985647613000026
134206;01210809134013352021;01;0;02;000;2021;08;18;2;3;5;3;0;0;1;1;0;0;0;0;574633.555696165189147;6018627.889070982113481;10.147148375000029;54.310069512000041
134207;01210719161013052021;01;0;62;009;2021;07;09;2;3;2;6;0;0;0;1;0;0;0;0;576577.802150864154100;5936173.988620141521096;10.156350521000036;53.568839031000039
134208;01210728152013162021;01;0;55;016;2021;07;16;4;3;0;7;0;0;1;0;0;0;0;0;628805.966822736896574;6001848.434277072548866;10.972167390000038;54.148565444000042
134209;01210814171013142021;01;0;60;005;2021;08;12;7;3;5;3;0;0;0;1;0;0;0;0;586706.921985068358481;5977104.274940760806203;10.320750374000056;53.935059423000041
134210;01210717125013172021;01;0;54;149;2021;07;21;7;3;6;4;0;0;0;1;1;0;0;0;456693.564375458285213;6088020.355237042531371;8.324052855000048;54.937272971000027
134211;01210530125013502021;01;0;59;137;2021;05;11;1;3;0;7;0;0;1;0;0;0;0;0;541950.043546199798584;6075047.335314203053713;9.652890260000049;54.820813070000042
134212;01210617181013542021;01;0;61;046;2021;06;07;5;3;5;3;0;0;1;1;0;0;0;0;533690.381281122565269;5975194.219367107376456;9.513036991000035;53.924057419000064
134213;01210709134013422021;01;0;57;074;2021;07;14;6;3;1;5;0;0;1;1;0;0;0;0;578063.823157997801900;6020627.022759716957808;10.200383331000069;54.327519857000027
134214;01210614152013842022;01;0;55;046;2021;06;16;2;3;0;7;0;0;1;0;0;0;0;0;645521.183572371490300;6034936.319366119801998;11.243999750000057;54.441253496000058
134215;01210806134013372021;01;0;57;025;2021;08;07;6;2;5;3;0;0;1;1;0;0;0;0;578474.203970201313496;6026478.123495347797871;10.208233842000027;54.380031339000027
134216;01210617134013232021;01;0;02;000;2021;06;14;5;3;4;6;0;0;1;0;0;0;0;1;573533.633554368279874;6020546.351891575381160;10.130718438000031;54.327467775000059
134217;01210711152013322021;01;0;55;042;2021;07;09;1;3;5;7;0;0;1;1;0;0;0;0;619929.135902388952672;5984203.038006784394383;10.829349199000035;53.992202036000037
134218;01210523134013642021;01;0;02;000;2021;05;14;1;3;3;6;0;0;1;1;0;0;0;0;577178.266062350012362;6020621.147224949672818;10.186767898000028;54.327601741000080
134219;01210809171013342021;01;0;56;050;2021;08;06;2;2;5;2;0;0;1;0;0;0;0;1;548295.385780612006783;5936809.631980758160353;9.729424013000028;53.577917804000037
134220;01210719125013092021;01;0;54;022;2021;07;08;2;3;0;7;0;0;0;1;0;0;0;0;480228.186175789684057;6064775.850994534790516;8.692972178000048;54.729872723000028
134221;01210729125013232021;01;0;54;085;2021;07;14;5;3;0;1;0;1;1;0;0;0;0;0;458278.689233957789838;6056483.346917815506458;8.353331873000059;54.654011757000035
134222;01210817181013332021;01;0;61;046;2021;08;17;3;2;0;1;0;1;0;0;0;1;0;0;533211.563751443289220;5977656.152468848973513;9.506013515000063;53.946215371000051
134223;01210730134013562021;01;0;02;000;2021;07;19;6;3;0;6;0;0;1;1;0;0;0;0;573249.554000005125999;6023047.008999811485410;10.126965563000056;54.349978704000080
134224;01210628171013632021;01;0;62;076;2021;06;16;2;3;6;6;0;0;0;1;1;0;0;0;569201.953090849332511;5954047.756978038698435;10.048973777000072;53.730494223000051
134225;01210621152013342021;01;0;55;040;2021;06;22;2;3;1;5;2;1;1;1;0;0;0;0;607612.209513543173671;5973219.662554752081633;10.637690891000034;53.896236039000030
134226;01210719145013962021;01;0;58;104;2021;07;12;2;3;1;5;0;0;1;1;0;0;0;0;567192.902765413746238;6019331.057071745395660;10.032962450000070;54.317421345000071
134227;01210531125013472021;01;0;54;056;2021;05;17;2;3;2;6;0;0;0;1;0;0;0;0;505064.674434388987720;6038189.690107669681311;9.078188397000076;54.491306263000070
134228;01210708125013422021;01;0;59;075;2021;07;18;5;3;0;7;0;1;1;0;0;0;0;0;535068.828228400088847;6040461.014222107827663;9.541648984000062;54.510531319000052
134229;01210521152013552021;01;0;55;037;2021;05;13;6;2;0;7;0;0;1;0;0;0;0;0;624689.432237450033426;5999910.408664925023913;10.908376983000039;54.132172267000044
134230;01210806181013862021;01;0;61;046;2021;08;12;6;3;0;7;0;0;1;0;0;0;0;0;533752.000872009433806;5975456.726305024698377;9.514004277000026;53.926412732000074
134231;01210617152013622022;01;0;55;012;2021;06;10;5;3;5;2;0;0;1;1;0;0;0;0;607081.758491310290992;5998630.400732325389981;10.638568681000038;54.124642116000075
134232;01210724171013372022;01;0;60;005;2021;07;21;7;3;0;7;1;0;0;0;0;0;0;1;585493.038815760053694;5976817.068741628900170;10.302185019000035;53.932680536000078
134233;01210608152013792021;01;0;03;000;2021;06;11;3;3;2;6;0;0;0;1;0;0;0;0;609655.923339480534196;5968754.558683771640062;10.667181839000023;53.855692062000060
134234;01210815125013922021;01;0;54;168;2021;08;19;1;2;5;3;0;0;1;0;0;0;0;0;454375.276719204150140;6078879.747538136318326;8.289318681000054;54.854929984000080
134235;01210619152013742021;01;0;03;000;2021;06;16;7;3;0;7;0;0;0;0;0;0;0;1;610974.901000048033893;5970084.426999729126692;10.687706615000025;53.867359698000030
134236;01210717152013572021;01;0;03;000;2021;07;15;7;3;6;4;0;0;1;0;1;0;0;0;610544.918192168697715;5969891.894338184967637;10.681101170000034;53.865721689000054
134237;01210528181013482021;01;0;51;044;2021;05;10;6;3;5;2;0;0;0;1;0;1;0;0;506420.284000001847744;6004521.008999798446894;9.098391038000045;54.188697236000053
134238;01210813152013422021;01;0;55;044;2021;08;16;6;3;1;5;0;0;0;1;0;0;0;1;614647.777021894231439;5989051.909413812682033;10.750660238000023;54.036961688000076
134239;01210619125013102021;01;0;01;000;2021;06;10;7;3;0;7;0;0;1;0;0;0;0;0;531300.084299840033054;6074962.709901584312320;9.487138073000040;54.820830846000035
134240;01210705171013352021;01;0;60;004;2021;07;16;2;3;5;2;0;0;1;1;0;0;0;0;557900.493129448965192;5975006.645880391821265;9.881634889000054;53.920231198000067
134241;01210614171013892021;01;0;56;044;2021;06;13;2;3;5;3;0;0;1;0;0;0;0;1;555566.202361095696688;5940451.147890599444509;9.839874709000071;53.609926307000080
134242;01210802181013472021;01;0;51;068;2021;08;19;2;3;0;7;0;0;1;0;0;0;0;0;512077.546000000089407;6011538.187999803572893;9.185370617000046;54.251662406000037
134243;01210625134013782021;01;0;02;000;2021;06;10;6;3;5;3;0;0;0;1;0;0;0;0;575819.092000008560717;6015134.115999806672335;10.164480244000060;54.278501182000070
134244;01210603171013022021;01;0;60;004;2021;06;16;5;3;1;5;0;1;1;1;0;0;0;0;557388.830000003799796;5974323.411999784410000;9.873716734000027;53.914147915000058
134245;01210820134013752021;01;0;57;074;2021;08;13;6;3;5;3;0;1;0;1;0;0;0;1;578309.339234501123428;6020709.352315826341510;10.204179310000029;54.328222013000072
134246;01210712125013692021;01;0;54;149;2021;07;11;2;3;0;7;0;0;1;0;0;0;0;0;456842.036833998747170;6087423.985482566058636;8.326459665000073;54.931926916000066
134247;01210522161013692021;01;0;62;023;2021;05;11;7;3;6;4;0;1;0;1;1;0;0;0;583380.117465688847005;5945657.315848814323545;10.261579571000027;53.653022485000065
134248;01210811125013832021;01;0;54;056;2021;08;12;4;3;5;3;0;0;0;1;0;0;0;1;503971.304000001400709;6038226.897999819368124;9.061309467000058;54.491650394000033
134249;01210722171013172021;01;0;60;063;2021;07;08;5;3;5;2;0;0;0;1;0;1;0;0;565169.370854937471449;5946278.743559919297695;9.986224097000047;53.661193193000031
134250;01210702152013862021;01;0;55;044;2021;07;15;6;3;0;7;0;0;1;0;0;0;0;0;612612.982348470017314;5987215.663961339741945;10.718924039000058;54.020913393000058
134251;01210614134013562021;01;0;02;000;2021;06;23;2;3;0;7;2;0;0;0;0;0;0;1;574835.996328295208514;6021317.889458851888776;10.150933880000025;54.334211209000046
134252;01210818145013312021;01;0;58;169;2021;08;13;4;3;5;3;0;0;0;1;0;1;0;0;558963.363950508646667;5991949.001218127086759;9.901098789000059;54.072369115000072
134253;01210730181013232021;01;0;61;053;2021;07;23;6;3;9;1;2;0;0;1;0;0;0;0;539121.437280678190291;5974838.660640012472868;9.595691007000028;53.920480075000057
134254;01210624134013832021;01;0;02;000;2021;06;15;5;3;7;7;0;0;1;0;0;0;0;0;578419.948506802320480;6016279.401476979255676;10.204716588000053;54.288399865000031
134255;01210603125013942021;01;0;01;000;2021;06;14;5;3;4;6;0;0;0;1;0;0;0;0;529386.319775558076799;6071454.726034890860319;9.456998478000060;54.789422473000059
134256;01210618152013702021;01;0;03;000;2021;06;14;6;3;3;6;0;0;1;0;0;0;0;0;611256.133075486868620;5969753.471726642921567;10.691861530000040;53.864326127000027
134257;01210707125013352022;01;0;59;120;2021;07;18;4;2;8;1;0;1;1;0;0;0;0;0;524540.080509683117270;6072620.125540053471923;9.381733368000027;54.800155783000037