OBJECTID;UIDENTSTLAE;ULAND;UREGBEZ;UKREIS;UGEMEINDE;UJAHR;UMONAT;USTUNDE;UWOCHENTAG;UKATEGORIE;UART;UTYP1;ULICHTVERH;USTRZUSTAND;IstRad;IstPKW;IstFuss;IstKrad;IstGkfz;IstSonstige;LINREFX;LINREFY;XGCSWGS84;YGCSWGS84
134258;01210609161013502021;01;0;53;100;2021;06;13;4;3;5;2;0;0;1;1;0;0;0;0;617808.930721742101014;5951325.755546195432544;10.784417917000042;53.697328250000055
134259;01210519171013912021;01;0;56;041;2021;05;08;4;3;5;3;0;0;0;1;0;0;0;1;558462.969912582077086;5952641.143816368654370;9.885948240000062;53.719166832000042
134260;01210809134013282021;01;0;02;000;2021;08;16;2;3;2;6;0;1;0;1;0;0;0;0;573872.256262552924454;6020254.584800425916910;10.135852026000066;54.324797156000045
134261;01210729125013822021;01;0;54;161;2021;07;12;5;3;5;3;0;1;0;1;0;0;0;1;501892.708000000566244;6028190.337999811396003;9.029155713000023;54.401461375000054
134262;01210610181013512021;01;0;61;029;2021;06;17;5;3;0;7;0;0;1;0;0;0;0;0;528831.754999999888241;5959569.931999778375030;9.437585102000071;53.783921547000034
134263;01210815161013362021;01;0;62;045;2021;08;17;1;2;5;2;0;0;0;1;0;1;0;0;589605.731398366391659;5944725.208131093531847;10.355479307000053;53.643617272000029
134264;01210619161013872021;01;0;62;090;2021;06;19;7;3;8;1;0;0;0;1;0;0;0;0;577739.780378313735127;5949121.433407470583916;10.177126608000037;53.685021494000068
134265;01210717152013832021;01;0;55;021;2021;07;16;7;3;0;7;0;0;1;0;0;0;0;0;628782.789716177619994;6026911.848596639931202;10.982588149000037;54.373695101000067
134266;01210531152013972021;01;0;55;010;2021;05;12;2;2;4;6;0;0;1;0;0;0;1;0;636008.285868769511580;6010635.026141265407205;11.086336068000037;54.225627816000042
134267;01210617125013562021;01;0;59;075;2021;06;11;5;2;0;1;0;0;1;0;0;0;0;0;535069.908623621799052;6040438.831133216619492;9.541663033000077;54.510331891000078
134268;01210619125013902021;01;0;54;056;2021;06;09;7;3;0;7;0;0;1;0;0;0;0;0;503642.548340550623834;6037052.953046580776572;9.056219626000029;54.481102403000079
134269;01210707125013042022;01;0;54;168;2021;07;09;4;3;0;7;0;0;1;1;0;0;0;0;455836.778598284348845;6083815.632097080349922;8.311326320000035;54.899414696000065
134270;01210614171013072021;01;0;60;063;2021;06;11;2;3;5;2;0;0;1;1;0;0;0;0;565955.560127025470138;5951674.121877728030086;9.999267075000034;53.709583026000075
134271;01210806171013312021;01;0;56;044;2021;08;07;6;3;6;6;0;0;1;0;1;0;0;0;555248.823805658146739;5940315.984803766012192;9.835054174000049;53.608745087000045
134272;01210617134013572021;01;0;02;000;2021;06;13;5;3;0;7;0;0;1;0;0;0;0;0;571720.371769711375237;6018019.518806865438819;10.102234815000031;54.305020244000048
134273;01210724171013862021;01;0;56;005;2021;07;15;7;3;5;2;0;0;1;0;0;0;0;0;559641.839298456907272;5945577.969418080523610;9.902452005000043;53.655554764000044
134274;01210607152013092021;01;0;55;046;2021;06;16;2;3;0;7;0;0;1;0;0;0;0;0;641732.775807293131948;6035342.602987298741937;11.185822984000026;54.445972648000065
134275;01210813171013022021;01;0;56;039;2021;08;10;6;3;5;3;0;0;1;1;0;0;0;0;554234.607674853876233;5944638.007677132263780;9.820479808000073;53.647695480000039
134276;01210820134013602021;01;0;02;000;2021;08;12;6;3;5;3;0;1;1;1;0;0;0;0;577324.809000008739531;6015622.872999805957079;10.187726933000022;54.282667445000072
134277;01210628161013742021;01;0;53;020;2021;06;09;2;3;6;7;0;0;0;0;0;0;0;1;606368.665000040084124;5927659.450999721884727;10.603143550000027;53.487142039000048
134278;01210712181013372021;01;0;51;011;2021;07;13;2;3;5;3;0;0;0;1;0;0;0;0;508401.365985481068492;5971892.173956427723169;9.127847949000056;53.895406142000070
134279;01210528152013682021;01;0;55;004;2021;05;14;6;3;5;3;0;0;1;1;0;0;0;0;610455.759474652819335;5975253.327592531219125;10.681678910000073;53.913908929000058
134280;01210812152013732021;01;0;03;000;2021;08;16;5;3;1;6;0;0;1;1;0;0;0;0;612897.273549837060273;5970115.841209340840578;10.716939280000076;53.867227369000034
134281;01210723181013452021;01;0;51;044;2021;07;11;6;3;5;2;0;0;1;1;0;0;0;0;507371.656040222384036;6004381.189748670905828;9.112967387000026;54.187427804000038
134282;01210702134013682021;01;0;02;000;2021;07;21;6;3;8;7;1;0;0;0;0;0;0;1;570475.132610213942826;6016445.634156873449683;10.082730011000024;54.291050855000037
134283;01210612161013572021;01;0;62;004;2021;06;16;7;2;8;7;0;0;1;0;0;0;0;0;590961.737689917907119;5963711.343307321891189;10.381568042000026;53.813987445000066
134284;01210804134013102021;01;0;57;025;2021;08;11;4;3;0;4;0;0;1;0;1;0;0;0;577695.072607350535691;6026240.868108084425330;10.196178812000028;54.378018938000082
134285;01210628134013192021;01;0;57;074;2021;06;15;2;3;0;3;0;0;0;1;0;1;0;0;578960.786354280076921;6021482.948041245341301;10.214399084000036;54.335072709000030
134286;01210624152013552021;01;0;03;000;2021;06;10;5;3;6;6;0;0;0;0;1;0;0;1;610908.239937012083828;5970332.350816724821925;10.686782952000044;53.869601348000060
134287;01210604161013222021;01;0;62;004;2021;06;13;6;3;6;7;0;0;0;1;1;0;0;0;590786.801765993237495;5964043.869804961606860;10.379009984000049;53.817005960000074
134288;01210710134013172021;01;0;57;062;2021;07;03;7;3;0;1;0;0;0;0;0;1;0;0;583553.833345737308264;6009175.995946887880564;10.281583160000025;54.223760327000036
134289;01210724171013372021;01;0;56;039;2021;07;11;7;3;0;7;0;0;1;0;0;0;0;0;552574.393224722705781;5946772.468009717762470;9.795727429000067;53.667048552000040
134290;01210608171013372021;01;0;56;039;2021;06;08;3;3;2;6;0;0;0;1;0;0;0;0;551530.573753097094595;5947094.451486503705382;9.779984013000046;53.670046330000048
134291;01210812125013922022;01;0;54;168;2021;08;00;5;3;5;3;2;0;0;1;0;0;0;0;455450.645000000484288;6085167.490999845787883;8.305096324000033;54.911528094000062
134292;01210821152013462021;01;0;03;000;2021;08;17;7;3;5;2;0;0;0;1;0;1;0;0;622093.404442798346281;5981074.042453160509467;10.861089402000061;53.963586782000050
134293;01210619152013232021;01;0;55;021;2021;06;13;7;3;5;3;0;0;0;1;0;0;0;0;626987.941691639833152;6027242.230531733483076;10.955115764000027;54.377113086000065
134294;01210714125013192022;01;0;59;083;2021;07;02;4;3;0;7;1;0;0;0;0;1;0;0;549261.957000002264977;6054920.279999827966094;9.763272082000071;54.639285577000066
134295;01210529145013162021;01;0;58;043;2021;05;14;7;3;0;7;0;0;1;0;0;0;0;0;553989.726999999955297;6036417.299999821931124;9.833120649000023;54.472531680000031
134296;01210812152013812021;01;0;55;027;2021;08;19;5;3;0;7;0;0;1;0;0;0;0;0;622402.535474132746458;6008098.444101495668292;10.876724032000027;54.206273729000031
134297;01210706134013512021;01;0;57;091;2021;07;23;3;3;0;1;2;0;1;0;0;0;0;0;578287.813323258422315;6019519.787496989592910;10.203536288000066;54.317536543000074
134298;01210611181013082021;01;0;61;046;2021;06;23;6;3;5;3;0;0;0;1;0;0;0;0;532793.962914157658815;5975415.762913145124912;9.499410682000075;53.926106116000028
134299;01210802171013362021;01;0;56;028;2021;08;17;2;3;8;1;0;1;1;0;0;0;0;0;549470.359895606525242;5941932.700065305456519;9.747981482000057;53.623853174000033
134300;01210627161013412021;01;0;62;088;2021;06;13;1;3;5;3;0;0;1;0;0;0;0;0;585458.094506917521358;5938324.729199355468154;10.290999239000030;53.586795023000036
134301;01210626134013482021;01;0;02;000;2021;06;18;7;3;0;7;0;0;1;0;0;0;0;0;573730.730450646951795;6021421.133295055478811;10.133964780000042;54.335299828000075
134302;01210604145013102022;01;0;58;092;2021;06;20;6;3;0;7;0;0;1;1;0;0;0;0;570698.877857724204659;6021177.949006224051118;10.087287294000021;54.333543731000077
134303;01210711125013582021;01;0;01;000;2021;07;03;1;3;0;7;2;0;1;0;0;0;0;0;527061.728445159271359;6072739.200516495853662;9.420968875000028;54.801096136000069
134304;01210525152013842021;01;0;55;032;2021;05;18;3;2;5;3;0;0;0;1;0;1;0;0;619380.098694103769958;5996929.207482891157269;10.825986114000045;54.106652019000080
134305;01210810145013622021;01;0;58;135;2021;08;12;3;3;6;4;0;0;0;1;1;0;0;0;541680.583058139309287;6019296.565230486914515;9.640789944000062;54.319831661000080
134306;01210722145013612021;01;0;58;022;2021;07;15;5;3;5;3;0;0;0;1;0;0;0;1;565534.125880115665495;6003874.645369805395603;10.004087180000056;54.178743187000066
134307;01210703171013922021;01;0;56;015;2021;07;06;7;3;2;2;0;0;0;1;0;0;0;0;542814.046453366987407;5955980.460634959861636;9.649286514000039;53.750698362000037
134308;01210818125013382021;01;0;54;088;2021;08;18;4;3;5;3;0;1;1;1;0;0;0;0;488526.995330576784909;6070741.154478346928954;8.821604244000071;54.783739165000043
134309;01210801152013842021;01;0;55;007;2021;08;01;1;3;9;7;2;1;0;1;0;0;0;0;598315.283913842402399;5993270.127681147307158;10.502734691000057;54.078232771000046
134310;01210623161013672021;01;0;62;018;2021;06;08;4;3;5;2;0;0;0;1;0;1;0;0;581703.988764750771224;5933747.633610103279352;10.233104301000026;53.546261416000050
134311;01210602171013832021;01;0;60;044;2021;06;08;4;3;5;3;0;0;1;1;0;0;0;0;562877.956237116828561;5964737.197889488190413;9.955308416000037;53.827360916000032
134312;01210618152013082021;01;0;55;035;2021;06;08;6;3;8;7;0;0;1;0;0;0;0;0;613866.391046720556915;5977528.319053871557117;10.734426901000063;53.933609032000049
134313;01210619134013472021;01;0;57;062;2021;06;16;7;3;5;3;0;0;1;1;0;0;0;0;582874.662313450127840;6009635.685824630782008;10.271295519000034;54.228001121000034
134314;01210707145013622021;01;0;58;135;2021;07;15;4;3;0;7;0;0;1;0;0;0;0;0;543186.098912104032934;6016354.844037009403110;9.663508456000045;54.293269707000036
134315;01210610181013952021;01;0;51;044;2021;06;15;5;3;3;6;0;0;1;0;0;0;0;0;506805.953968904912472;6003919.194334674626589;9.104287818000046;54.183283380000034
134316;01210520152013542021;01;0;55;042;2021;05;16;5;3;0;7;0;0;1;0;0;0;0;0;616281.243755090981722;5985594.673071445897222;10.774267346000045;54.005537753000056
134317;01210807171013862021;01;0;60;005;2021;08;11;7;3;0;1;0;1;0;1;0;1;0;0;586076.340045091696084;5977060.420221548527479;10.311135556000067;53.934770576000062
134318;01210729161013062021;01;0;62;090;2021;07;16;5;2;6;4;0;0;0;1;1;0;0;0;575945.889793402515352;5948263.272849518805742;10.149759734000042;53.677573390000077
134319;01210610161013682022;01;0;62;061;2021;06;15;5;3;0;7;0;0;1;0;0;0;0;0;598567.020660608075559;5965253.426244132220745;10.497532804000059;53.826457449000031
134320;01210815152013482021;01;0;03;000;2021;08;10;1;3;1;5;0;1;1;0;0;1;0;0;610765.829665463417768;5970682.887572297826409;10.684744685000055;53.872781060000079
134321;01210620171013702021;01;0;60;063;2021;06;00;1;3;7;7;2;0;1;0;0;0;0;0;565041.321986244991422;5951719.801907636225224;9.985427672000071;53.710108265000031
134322;01210716161013612021;01;0;62;006;2021;07;07;6;3;5;3;0;0;1;0;0;0;0;0;584681.328277075663209;5953075.210782771930099;10.283287489000031;53.719471685000030
134323;01210531134013252021;01;0;02;000;2021;05;07;2;2;5;2;0;0;0;1;0;1;0;0;572916.185303185135126;6019282.645986018702388;10.120917246000033;54.316201064000040
134324;01210705125013292021;01;0;54;088;2021;07;20;2;3;0;7;0;0;1;0;0;0;0;0;488752.270839052274823;6070540.757007272914052;8.825114845000030;54.781943352000042
134325;01210616134013172021;01;0;02;000;2021;06;10;4;3;5;2;0;0;1;1;0;0;0;0;576226.754603319801390;6028099.283567015081644;10.174054755000043;54.394939454000053
134326;01210806152013132021;01;0;55;046;2021;08;16;6;3;6;7;0;0;0;1;1;0;0;0;632969.748820026405156;6035163.238336943089962;11.050696913000024;54.446730044000049
134327;01210626161013272021;01;0;62;061;2021;06;12;7;3;5;7;0;0;0;1;0;0;0;0;598904.436293261125684;5964855.745473705232143;10.502529355000036;53.822820163000074
134328;01210608125013592021;01;0;59;045;2021;06;17;3;3;0;7;0;0;1;0;0;0;0;0;565457.231000004336238;6056434.520999824628234;10.014504584000065;54.651050833000056
134329;01210821181013892021;01;0;51;074;2021;08;12;7;3;0;7;0;0;1;0;0;0;0;0;505148.074607744812965;5993490.760043134912848;9.078706226000065;54.089575017000072
134330;01210714152013152021;01;0;55;018;2021;07;18;4;3;0;7;0;0;1;0;0;0;0;0;635211.695929296314716;6014966.460381990298629;11.076078661000054;54.264742090000027
134331;01210528171013712021;01;0;56;008;2021;05;16;6;3;5;3;0;0;1;1;0;0;0;0;548493.248285227455199;5960235.647355813533068;9.736074481000060;53.788444522000077
134332;01210812125013832021;01;0;54;164;2021;08;18;5;3;4;6;0;0;1;1;0;0;0;0;472036.747235707007349;6060311.845014924183488;8.566202758000031;54.689367727000047
134333;01210723152013772021;01;0;03;000;2021;07;14;6;3;5;3;0;0;0;1;0;0;0;0;609708.526256812736392;5967310.724715987220407;10.667465468000046;53.842709065000065
134334;01210704125013572021;01;0;59;098;2021;07;22;1;3;0;1;1;0;0;0;0;1;0;0;538599.779153264127672;6047989.962841989472508;9.597169725000072;54.577934519000053
134335;01210613161013232021;01;0;62;001;2021;06;17;1;2;9;7;0;0;0;0;0;1;0;0;579748.573219925165176;5947535.882666816934943;10.207128684000054;53.670470349000027
134336;01210802171013952021;01;0;56;050;2021;08;21;2;3;0;7;1;0;1;0;0;0;0;0;547321.629867035895586;5935931.340952705591917;9.714585154000076;53.570112604000030
134337;01210624145013572021;01;0;58;005;2021;06;14;5;3;8;7;0;0;0;1;0;0;0;0;573103.100261658430099;6028210.333015436306596;10.125981649000039;54.396395398000038
134338;01210603171013682021;01;0;60;005;2021;06;13;5;3;5;3;0;0;0;1;0;0;0;1;585907.788906415924430;5976881.582877263426781;10.308518600000070;53.933191596000029
134339;01210711125013392022;01;0;54;138;2021;07;16;1;3;0;7;0;0;1;0;0;0;0;0;495729.306436655111611;6019576.303274609148502;8.934336856000073;54.324029488000065
134340;01210525171013102021;01;0;60;063;2021;05;20;3;3;9;6;0;0;0;1;0;0;0;0;564495.532486181706190;5951356.837712666019797;9.977084273000060;53.706914007000080
134341;01210811152013312021;01;0;03;000;2021;08;13;4;3;6;2;0;0;1;0;1;0;0;0;610809.928717430680990;5969924.090154137462378;10.685141002000023;53.865954440000053
134342;01210719171013882021;01;0;62;076;2021;07;06;2;3;5;7;0;0;0;1;0;0;0;0;571212.666048082523048;5954010.872089199721813;10.079438110000069;53.729892119000056
134343;01210728145013252021;01;0;58;135;2021;07;17;4;3;0;1;0;1;1;0;0;0;0;0;543060.824610440060496;6017574.439645277336240;9.661759634000020;54.304240624000045
134344;01210818161013762021;01;0;53;027;2021;08;13;4;3;0;6;0;0;0;0;0;0;0;1;600077.089000030420721;5932312.881999736651778;10.509842437000032;53.530189660000076
134345;01210801125013542021;01;0;59;123;2021;08;21;1;3;0;7;1;0;1;0;0;0;0;0;505907.114204130135477;6064268.714101444929838;9.091719359000024;54.725669173000028
134346;01210601152013932021;01;0;55;040;2021;06;10;3;3;1;7;0;0;0;1;0;0;0;0;607835.205495114438236;5972441.969587456434965;10.640809231000048;53.889202614000055
134347;01210616181013422021;01;0;51;011;2021;06;13;4;2;4;6;0;0;0;0;0;0;1;0;511685.463218802586198;5973283.131004024296999;9.177876630000071;53.907844478000072
134348;01210708134013822021;01;0;57;043;2021;07;13;5;3;0;7;0;0;1;0;0;0;0;0;579172.525826818309724;6029064.552066819742322;10.219672049000053;54.403163102000065
134349;01210519181013202021;01;0;51;044;2021;05;23;4;3;9;1;2;0;0;1;0;0;0;0;508118.955940378829837;6005410.701097564771771;9.124447191000058;54.196669365000048
134350;01210808125013972021;01;0;01;000;2021;08;17;1;2;0;7;0;1;0;0;0;0;0;1;528076.590673225931823;6071159.042916992679238;9.436602399000037;54.786840318000031
134351;01210724152013442021;01;0;55;042;2021;07;16;7;3;3;6;0;0;1;0;0;0;0;0;617492.756397467106581;5984311.609069269150496;10.792247845000077;53.993737134000071
134352;01210903171013232021;01;0;56;039;2021;09;11;6;3;5;3;0;0;0;1;0;0;0;0;551537.424774412997067;5947091.117182943969965;9.780087148000064;53.670015687000046
134353;01210908171013832021;01;0;56;043;2021;09;13;4;3;5;2;0;0;0;1;0;0;0;0;555471.603000002913177;5943955.563999766483903;9.839069558000062;53.641432334000058
134354;01211111125013752021;01;0;54;056;2021;11;08;5;3;0;7;1;1;1;0;0;0;0;0;503593.059494894929230;6037216.454753698781133;9.055457796000042;54.482572177000065
134355;01211014125013232021;01;0;59;087;2021;10;15;5;3;8;1;0;1;0;1;0;0;0;0;530469.999133618548512;6021752.545704629272223;9.468698880000034;54.342696059000048
134356;01210929152013542021;01;0;55;046;2021;09;11;4;3;0;7;0;0;1;0;0;0;0;0;635947.047351816669106;6037985.957614596933126;11.097876535000069;54.471293764000052
134357;01210922152013912021;01;0;03;000;2021;09;16;4;3;0;7;0;0;1;1;0;0;0;0;611171.154315839521587;5970776.567867215722799;10.690940666000074;53.873536031000071
134358;01211102152013172021;01;0;03;000;2021;11;17;3;3;1;7;2;0;1;1;0;0;0;0;610905.171714646741748;5970332.141014238819480;10.686736235000069;53.869600118000051
134359;01211001125013862022;01;0;59;075;2021;10;07;6;3;2;6;0;1;0;1;0;0;0;0;533846.991425400599837;6042197.864010671153665;9.522977608000076;54.526223030000040
134360;01210918171013142021;01;0;60;063;2021;09;12;7;3;2;6;0;1;0;1;0;0;0;0;565804.993010223843157;5949495.626662487164140;9.996523658000058;53.690023873000030
134361;01210823152013162021;01;0;55;040;2021;08;18;2;3;5;2;0;0;0;1;0;0;0;1;608135.378942058421671;5972017.450549019500613;10.645224751000057;53.885326076000069
134362;01211123171013762021;01;0;56;049;2021;11;13;3;3;0;3;0;1;0;1;0;0;0;1;544498.554285977967083;5948262.448667081072927;9.673721226000055;53.681189923000034
134363;01211206125013732021;01;0;01;000;2021;12;07;2;3;5;3;1;1;1;1;0;0;0;0;528668.846624965779483;6071088.937750166282058;9.445804983000073;54.786176835000049
134364;01211022171013162021;01;0;60;063;2021;10;07;6;3;2;6;0;1;0;1;0;0;0;1;565844.650603501126170;5953155.415721911936998;9.997902070000066;53.722909387000072
134365;01211214171013252021;01;0;56;021;2021;12;08;3;3;2;6;1;1;0;1;0;0;0;1;560363.820288460701704;5949495.136578824371099;9.914136745000064;53.690676563000068
134366;01210908125013072021;01;0;01;000;2021;09;16;4;3;3;2;0;0;1;0;0;0;0;0;528389.275293930433691;6070734.385138239711523;9.441423048000047;54.783006550000039
134367;01211109171013072021;01;0;56;039;2021;11;10;3;2;0;7;0;0;1;0;0;0;0;0;551493.893780689686537;5942494.387630680575967;9.778666771000076;53.628706344000079
134368;01211011134013982021;01;0;57;062;2021;10;16;2;2;8;1;0;0;1;0;0;0;0;0;583523.007009452208877;6010577.138939637690783;10.281500433000076;54.236355076000052
134369;01210929134013542021;01;0;57;062;2021;09;14;4;3;4;6;0;0;0;1;0;0;0;0;582501.454229965806007;6010122.621276356279850;10.265705932000060;54.232436664000033
134370;01210901134013962021;01;0;02;000;2021;09;08;4;3;0;7;0;0;1;1;0;0;0;0;573721.831411732360721;6020385.289868393912911;10.133571907000032;54.325993377000032
134371;01211202134013692021;01;0;57;025;2021;12;12;5;3;5;3;0;0;0;1;0;0;0;0;578673.951281621120870;6026405.234919941052794;10.211289222000062;54.379345600000079
134372;01211028161013882021;01;0;62;006;2021;10;07;5;3;5;3;1;0;1;1;0;0;0;0;583062.972068630158901;5954455.112066544592381;10.259139439000023;53.732131807000030
134373;01210914125013392021;01;0;54;152;2021;09;17;3;2;5;3;0;0;0;1;0;1;0;0;513048.793988550081849;6038618.683620518073440;9.201465532000043;54.495019143000036
134374;01211120125013132021;01;0;54;135;2021;11;20;7;3;8;7;2;1;0;1;0;0;0;0;487322.643000001087785;6024324.804999809712172;8.804880514000047;54.366566354000042
134375;01211021125013182021;01;0;01;000;2021;10;10;5;2;0;6;0;1;0;1;0;0;0;0;527941.841721629723907;6068108.097504984587431;9.434213364000072;54.759430516000066
134376;01210927145013502021;01;0;04;000;2021;09;07;2;3;5;3;0;1;1;1;0;0;0;0;563942.916065212339163;5991932.706704283133149;9.977182864000042;54.071628683000029
134377;01211213145013582021;01;0;58;135;2021;12;12;2;3;6;4;0;0;0;1;1;0;0;0;541655.515834364108741;6019263.993432074785233;9.640400045000035;54.319540988000028
134378;01211103171013522021;01;0;56;015;2021;11;19;4;3;6;2;2;0;0;1;1;0;0;0;542895.680000000633299;5955698.908999774605036;9.650485329000048;53.748161145000040
134379;01211005125013862021;01;0;54;168;2021;10;15;3;2;0;7;0;0;1;0;0;0;0;0;458723.293219246901572;6082883.622687224298716;8.356468402000075;54.891286397000044
134380;01210829125013512021;01;0;54;168;2021;08;11;1;3;0;7;0;0;1;0;0;0;0;0;454758.196946575306356;6078987.780549842864275;8.295265875000041;54.855935518000081
134381;01211129171013152021;01;0;56;015;2021;11;07;2;3;6;4;2;1;0;1;1;0;0;0;545956.547631162218750;5954953.801268994808197;9.696786958000075;53.741203523000081
134382;01211028125013122022;01;0;59;079;2021;10;20;5;3;1;5;2;1;1;1;0;0;0;0;525261.016754809767008;6040277.044949678704143;9.390153176000069;54.509461594000072
134383;01210906161013522021;01;0;62;060;2021;09;17;2;3;5;3;0;0;0;1;0;0;0;0;582642.623669202439487;5933736.257910057902336;10.247263825000061;53.546012310000037
134384;01210912152013032021;01;0;03;000;2021;09;19;1;3;6;4;2;0;1;0;1;0;0;0;610320.685199182480574;5972283.089685229584575;10.678553137000051;53.887252479000040
134385;01211116152013772021;01;0;55;012;2021;11;10;3;2;0;7;0;1;1;0;0;0;0;0;605807.243474391289055;5999837.888035602867603;10.619497810000041;54.135754172000077
134386;01211019152013632021;01;0;55;032;2021;10;13;3;3;5;2;0;0;1;1;0;0;0;0;618825.213776597753167;5995666.499450840055943;10.817007518000025;54.095437246000074
134387;01210924161013602021;01;0;62;001;2021;09;14;6;3;2;2;0;0;0;1;0;0;0;0;581668.013713866472244;5947819.744031039997935;10.236249973000042;53.672724885000036
134388;01211101152013952021;01;0;03;000;2021;11;12;2;3;2;6;0;0;0;1;0;0;0;0;610427.336000046692789;5970603.844999732449651;10.679570189000060;53.872143059000052
134389;01211001125013252021;01;0;59;045;2021;10;12;6;3;0;7;0;0;1;0;0;0;0;0;559265.670513982884586;6056883.437466895207763;9.918648600000040;54.655850273000055
134390;01210827152013212021;01;0;55;002;2021;08;13;6;2;4;6;0;0;0;1;0;1;0;0;618884.673633100464940;6002531.367422807961702;10.820618531000036;54.157091954000066
134391;01211124152013702021;01;0;03;000;2021;11;13;4;3;0;7;0;0;1;1;0;0;0;0;611195.954645814374089;5969799.648088505491614;10.690963576000058;53.864753879000034
134392;01211208145013602021;01;0;04;000;2021;12;22;4;3;5;3;2;0;0;1;0;0;0;0;564396.444656109437346;5988796.460428748279810;9.983446625000056;54.043388299000071
134393;01211026125013712021;01;0;54;168;2021;10;10;3;3;6;7;0;1;0;1;1;0;0;0;457543.295815053395927;6083730.253267433494329;8.337948024000070;54.898795376000066
134394;01210902171013502021;01;0;60;019;2021;09;19;5;3;2;6;0;0;0;1;0;1;0;0;560395.857345919124782;5956109.993858586996794;9.915912679000030;53.750121845000081
134395;01210908161013602021;01;0;62;018;2021;09;22;4;2;1;5;2;0;1;1;0;0;0;0;579797.618977881968021;5933658.880662309005857;10.204317143000026;53.545756976000064
134396;01211111152013132021;01;0;55;035;2021;11;17;5;3;0;7;2;1;1;0;0;0;0;0;613918.336243367753923;5979244.922839440405369;10.735858015000076;53.949019367000062
134397;01211015134013892021;01;0;02;000;2021;10;12;6;3;2;7;0;1;0;1;0;1;0;0;573484.826928797177970;6019486.854469740763307;10.129707190000033;54.317954496000027
134398;01210904134013942021;01;0;57;025;2021;09;17;7;3;0;7;0;0;1;0;0;0;0;0;579152.178859532810748;6026749.452801307663321;10.218741956000031;54.382364424000059
134399;01211201171013542021;01;0;60;063;2021;12;09;4;3;5;3;0;1;0;1;0;0;0;0;565037.697257447987795;5948714.528405448421836;9.984742141000027;53.683100188000026
134400;01211030161013342021;01;0;62;023;2021;10;14;7;2;5;3;0;0;1;1;0;0;0;0;584117.127493022941053;5946848.948191847652197;10.273050512000054;53.663612751000073
134401;01210916152013302021;01;0;03;000;2021;09;13;5;3;5;3;0;1;1;1;0;0;0;0;614469.225000055506825;5968932.333999712020159;10.740391969000029;53.856250491000026
134402;01210823171013962021;01;0;60;005;2021;08;10;2;3;6;6;0;0;0;1;1;0;0;0;585719.785536948591471;5978448.609858492389321;10.306095617000040;53.947303542000043
134403;01211122145013272021;01;0;58;148;2021;11;14;2;2;6;1;0;1;1;0;1;0;0;0;541281.188730563037097;6012854.272769019007683;9.633760606000067;54.261967687000038
134404;01211203161013872021;01;0;53;129;2021;12;11;6;2;6;4;0;1;0;1;1;0;0;0;583073.863697503693402;5927656.227528693154454;10.252158246000022;53.491306120000047
134405;01211023171013792021;01;0;56;018;2021;10;18;7;3;5;2;2;0;0;1;0;0;0;0;557501.621834353543818;5942455.121871145442128;9.869494693000036;53.627728089000072
134406;01211215152013512021;01;0;03;000;2021;12;14;4;3;5;3;0;0;0;1;0;0;0;0;606956.212473476305604;5969097.470913626253605;10.626274024000054;53.859336044000031
134407;01210908152013482021;01;0;03;000;2021;09;16;4;3;4;6;0;0;1;0;0;0;1;0;613017.738574793562293;5972472.939624039456248;10.719639286000074;53.888377448000028
134408;01211106152013702021;01;0;55;041;2021;11;06;7;2;8;7;2;1;0;1;0;0;0;0;607088.014489323832095;5997926.182009719312191;10.638414733000047;54.118314072000032
134409;01211010152013032022;01;0;55;044;2021;10;17;1;3;0;7;0;0;1;0;0;0;0;0;614953.402000055648386;5987129.292999718338251;10.754597230000059;54.019621550000068
134410;01210901134013412021;01;0;02;000;2021;09;16;4;3;6;7;0;0;1;0;1;0;0;0;573766.512944280169904;6019719.255932053551078;10.134094146000052;54.320002160000058
134411;01211028125013332021;01;0;59;008;2021;10;14;5;3;5;3;0;0;1;1;0;0;0;0;537313.823216645047069;6050715.756285808980465;9.577622580000025;54.602526589000036
134412;01210913171013392021;01;0;56;039;2021;09;15;2;3;5;3;0;0;0;1;0;0;0;1;554168.267575209960341;5944612.914815213531256;9.819471932000056;53.647476830000073
134413;01211117181013272021;01;0;61;046;2021;11;17;4;3;6;6;2;1;0;0;1;1;0;0;534033.966679079458117;5975097.198868639767170;9.518258072000037;53.923162968000042
134414;01211020161013562021;01;0;62;060;2021;10;08;4;3;0;1;0;1;1;0;0;0;0;0;582140.611766730435193;5934576.387518215924501;10.239909976000035;53.553640890000054
134415;01210928152013772021;01;0;55;032;2021;09;14;3;3;5;3;0;0;1;0;0;0;0;0;619299.961000067181885;5995559.222999695688486;10.824220731000025;54.094363753000039
134416;01210926145013272021;01;0;04;000;2021;09;17;1;3;5;3;0;0;1;0;0;0;0;1;566353.789267884567380;5991842.204308012500405;10.014000026000076;54.070510518000049
134417;01211212134013552021;01;0;02;000;2021;12;01;1;3;8;7;2;0;1;0;0;0;0;0;573795.644617167301476;6021546.840987056493759;10.134994044000052;54.336420008000061