OBJECTID;UIDENTSTLAE;ULAND;UREGBEZ;UKREIS;UGEMEINDE;UJAHR;UMONAT;USTUNDE;UWOCHENTAG;UKATEGORIE;UART;UTYP1;ULICHTVERH;USTRZUSTAND;IstRad;IstPKW;IstFuss;IstKrad;IstGkfz;IstSonstige;LINREFX;LINREFY;XGCSWGS84;YGCSWGS84
134418;01211106125013402021;01;0;54;168;2021;11;11;7;2;0;7;0;1;1;0;0;0;0;0;456902.765261761844158;6084132.911417875438929;8.327900362000037;54.902358817000049
134419;01211007181013912021;01;0;61;029;2021;10;09;5;3;5;2;0;0;1;1;0;0;0;0;528239.196276391856372;5960492.682695224881172;9.428676545000030;53.792247696000061
134420;01210830171013662021;01;0;56;045;2021;08;12;2;3;9;7;0;0;0;1;0;0;0;0;536287.529000000096858;5951422.915999768301845;9.549780900000030;53.710230807000073
134421;01211128171013752021;01;0;56;050;2021;11;17;1;3;6;4;2;0;1;0;1;0;0;0;547918.812047583051026;5938448.186771498993039;9.723988617000032;53.592679386000043
134422;01211210134013492021;01;0;02;000;2021;12;10;6;3;1;5;0;0;0;1;0;0;1;1;571677.218273307196796;6023757.825068177655339;10.102950802000066;54.356589321000058
134423;01210831134013472021;01;0;02;000;2021;08;11;3;3;6;7;0;0;0;1;1;0;0;0;574696.380781896412373;6018570.854361705482006;10.148099542000068;54.309547834000057
134424;01211027125013482021;01;0;54;056;2021;10;10;4;3;0;7;0;1;0;0;0;1;0;0;502671.812484006397426;6037948.639953451231122;9.041245251000021;54.489158148000058
134425;01210915145013972021;01;0;04;000;2021;09;18;4;3;5;2;1;0;1;0;0;0;0;1;563770.638244742527604;5995015.246170377358794;9.975199844000031;54.099351237000064
134426;01211118152013032022;01;0;03;000;2021;11;17;5;3;5;2;1;1;0;1;0;1;0;0;609600.391899709589779;5970179.722169956192374;10.666846931000066;53.868507910000062
134427;01211021145013692021;01;0;58;043;2021;10;07;5;2;5;2;2;1;1;1;0;0;0;0;553969.694787591695786;6033973.773934118449688;9.832365845000027;54.450575613000069
134428;01210926145013382022;01;0;58;172;2021;09;10;1;3;3;6;0;0;1;0;0;0;0;0;542081.110612384043634;6014494.653726432472467;9.646270964000053;54.276644521000037
134429;01211213125013212021;01;0;54;056;2021;12;13;2;3;5;2;0;0;1;1;0;0;0;0;503753.320469353348017;6037733.558805465698242;9.057937944000059;54.487218327000051
134430;01211106125013052021;01;0;59;075;2021;11;19;7;3;6;7;2;1;0;1;1;0;0;0;534558.733859492465854;6038525.086950242519379;9.533544115000041;54.493168608000076
134431;01211005152013422021;01;0;55;011;2021;10;19;3;3;4;6;2;1;0;1;0;0;0;0;623628.119670301675797;6013566.040805814787745;10.897756227000059;54.255093136000028
134432;01210831125013012021;01;0;54;085;2021;08;22;3;2;9;1;2;0;1;0;0;0;0;0;457759.761269008740783;6057800.817530574277043;8.345098827000072;54.665807798000060
134433;01211128171013872021;01;0;56;050;2021;11;14;1;3;5;7;0;0;0;1;0;0;0;0;546153.020904756151140;5937668.669979639351368;9.697196776000055;53.585831624000036
134434;01211208171013532021;01;0;56;015;2021;12;16;4;3;5;2;1;0;1;0;0;0;0;1;544455.363416213542223;5955950.559981791302562;9.674171362000038;53.750292222000041
134435;01210904145013112021;01;0;58;135;2021;09;04;7;3;0;7;2;0;1;0;0;0;0;0;542387.298663305118680;6018068.401824824512005;9.651479719000065;54.308736135000061
134436;01210910161013942021;01;0;53;100;2021;09;11;6;3;0;3;0;1;0;1;0;0;0;0;618777.097745895385742;5951671.926258184015751;10.799207209000031;53.700218948000042
134437;01211114181013112021;01;0;61;088;2021;11;03;1;3;5;3;2;0;1;1;0;0;0;0;552274.449000001884997;5978112.572999788448215;9.796509704000073;53.948742910000078
134438;01211017152013102021;01;0;55;038;2021;10;16;1;3;0;1;0;1;0;0;0;1;0;0;617112.312318795360625;6010397.654744422063231;10.796553834000065;54.228163685000027
134439;01210924171013772021;01;0;56;049;2021;09;09;6;3;0;7;0;0;1;0;0;0;0;0;544052.781657181680202;5948590.938526196405292;9.667019253000035;53.684180090000041
134440;01211101152013672021;01;0;03;000;2021;11;12;2;3;6;2;0;0;0;1;1;0;0;0;610736.642139059491456;5970044.060310890898108;10.684070329000065;53.867047919000072
134441;01211001145013652021;01;0;58;135;2021;10;13;6;3;0;7;0;0;1;0;0;0;0;0;542176.687000000849366;6019256.704999808222055;9.648410788000035;54.319432697000082
134442;01210827161013602021;01;0;53;090;2021;08;09;6;2;0;7;0;1;1;0;0;0;0;0;610900.248247897252440;5941843.801110647618771;10.676440826000032;53.613649595000027
134443;01211126152013062021;01;0;03;000;2021;11;19;6;3;6;4;2;0;0;0;1;0;0;1;609819.785599224269390;5969798.554262131452560;10.670045557000037;53.865037011000027
134444;01211206181013982021;01;0;51;044;2021;12;17;2;3;0;7;2;0;1;0;0;0;0;0;505508.836690234951675;6005075.320513894781470;9.084433252000053;54.193689775000053
134445;01211026161013412021;01;0;62;006;2021;10;07;3;3;5;3;1;1;1;1;0;0;0;0;583494.853932630270720;5954196.181212348863482;10.265614624000023;53.729736067000033
134446;01210902145013342021;01;0;58;034;2021;09;11;5;2;5;3;0;0;0;1;0;1;0;0;545662.334000001661479;6019312.717999812215567;9.702002288000074;54.319636208000077
134447;01211216125013332021;01;0;54;149;2021;12;22;5;2;0;7;2;1;1;0;0;0;0;0;456521.509217983111739;6088093.651940217241645;8.321356455000057;54.937916647000065
134448;01210910125013212021;01;0;59;113;2021;09;12;6;3;0;7;0;0;1;0;0;0;0;0;535070.602806068025529;6077229.658362468704581;9.546092520000059;54.840952595000033
134449;01211112171013382021;01;0;56;032;2021;11;06;6;3;4;6;2;1;1;1;0;0;0;0;551910.315474689006805;5950412.022006615996361;9.786286575000076;53.699825576000080
134450;01211015145013042021;01;0;58;043;2021;10;11;6;3;6;4;0;0;0;1;1;0;0;0;554344.534836403094232;6035814.894587161019444;9.838484372000039;54.467080458000055
134451;01210922125013012021;01;0;54;149;2021;09;14;4;3;0;7;0;0;1;0;0;0;0;0;457003.171163243241608;6088256.498682783916593;8.328849633000061;54.939421703000050
134452;01210903134013982021;01;0;57;057;2021;09;11;6;3;1;5;0;0;1;1;0;0;0;0;594444.052760002203286;6002193.019303042441607;10.446373876000052;54.159128252000073
134453;01211130125013232021;01;0;59;120;2021;11;17;3;3;5;3;2;1;1;1;0;0;0;0;525569.426513369195163;6072640.037306126207113;9.397746702000063;54.800283302000082
134454;01211031145013172021;01;0;58;037;2021;10;02;1;2;8;1;2;1;0;1;0;0;0;0;570787.452983188442886;6031468.075284318998456;10.091098822000049;54.425995644000068
134455;01210916171013512021;01;0;56;001;2021;09;11;5;3;0;3;0;0;1;1;0;0;0;0;546820.734477951191366;5946681.552757889032364;9.708638339000061;53.666778363000049
134456;01210824125013982021;01;0;54;085;2021;08;09;3;3;0;1;0;0;1;0;0;0;0;0;457387.334767517633736;6055928.733803376555443;8.339597962000028;54.648953281000047
134457;01211122125013522021;01;0;01;000;2021;11;06;2;3;5;3;2;1;1;1;0;0;0;0;528855.692388788796961;6070586.958836387842894;9.448660428000039;54.781655109000042
134458;01211206134013972021;01;0;57;091;2021;12;07;2;3;5;2;2;1;1;1;0;0;0;0;578259.687012583948672;6017058.812222750857472;10.202459218000058;54.295427823000068
134459;01211024125013132021;01;0;59;144;2021;10;15;1;3;8;7;0;0;0;1;0;0;0;0;513045.327000000514090;6067380.347999831661582;9.202692904000060;54.753498167000032
134460;01210916125013802021;01;0;59;075;2021;09;10;5;3;4;1;0;1;1;1;0;0;0;0;537530.509837630204856;6042629.063547305762768;9.579944338000075;54.529838613000038
134461;01211213161013122021;01;0;53;100;2021;12;12;2;2;0;7;0;1;1;0;0;0;0;0;615398.007896581664681;5952225.645501786842942;10.748254384000063;53.705951279000033
134462;01210907171013002021;01;0;60;005;2021;09;11;3;3;5;3;0;0;0;1;0;0;0;1;586067.029000013135374;5977073.166999779641628;10.310997359000055;53.934886662000054
134463;01211110125013742021;01;0;01;000;2021;11;06;4;3;0;7;0;1;1;0;0;0;0;0;527505.491085053421557;6072936.992556154727936;9.427890555000033;54.802849448000075
134464;01211008161013232021;01;0;62;018;2021;10;17;6;3;5;2;0;0;0;1;0;0;0;0;581515.804995331913233;5931191.689211180433631;10.229599186000030;53.523321548000069
134465;01210830125013202021;01;0;54;076;2021;08;16;2;3;2;6;0;0;0;1;0;0;0;0;498908.184111214242876;6070033.546217447146773;8.983025781000038;54.777510017000054
134466;01211028152013952021;01;0;03;000;2021;10;12;5;2;5;2;0;0;1;1;0;0;0;0;610908.773716066032648;5972015.154935995116830;10.687399793000054;53.884719887000074
134467;01210913181013752021;01;0;61;061;2021;09;15;2;2;5;2;0;0;1;0;0;0;1;0;537805.637267662212253;5971110.617502784356475;9.575196361000053;53.887071584000068
134468;01211119161013722022;01;0;53;032;2021;11;14;6;3;0;4;0;0;0;1;1;0;0;0;591129.806307682767510;5921331.764669822528958;10.371714087000043;53.433140054000035
134469;01211021161013762021;01;0;53;090;2021;10;07;5;2;1;5;2;1;0;1;0;1;0;0;611552.803795642219484;5942092.580246511846781;10.686389694000070;53.615746229000081
134470;01210928152013882021;01;0;03;000;2021;09;14;3;3;5;3;0;0;1;0;0;0;1;0;609094.657306255772710;5965760.750758664682508;10.657589425000026;53.828912749000040
134471;01210927152013102022;01;0;55;044;2021;09;22;2;3;0;7;2;1;1;0;0;0;0;0;614955.434947296977043;5987684.134893290698528;10.754838104000044;54.024605612000073
134472;01211209134013672021;01;0;57;042;2021;12;16;5;3;4;6;2;1;0;0;0;0;0;1;580741.744923099875450;6006587.980094473809004;10.237765947000071;54.200956615000052
134473;01211105145013852021;01;0;58;135;2021;11;16;6;3;0;7;1;1;1;0;0;0;0;0;543655.520572441630065;6016270.026720946654677;9.670707689000039;54.292467578000071
134474;01211005171013802021;01;0;60;063;2021;10;07;3;3;5;2;1;0;1;1;0;0;0;0;565086.740494813770056;5948248.314815312623978;9.985386778000077;53.678904188000047
134475;01210825171013672021;01;0;56;039;2021;08;16;4;3;2;6;0;1;0;1;0;0;0;0;552760.475593040697277;5944298.618394965305924;9.798123444000055;53.644795928000065
134476;01211124171013382022;01;0;60;039;2021;11;16;4;3;5;3;1;0;1;1;0;0;0;0;565161.771674665622413;5956709.505601016804576;9.988303584000050;53.754935628000055
134477;01211207171013572021;01;0;60;005;2021;12;15;3;3;5;3;0;0;0;1;0;0;0;1;585725.163089076988399;5977986.689569752663374;10.306047841000066;53.943151991000036
134478;01210905125013682021;01;0;59;184;2021;09;12;1;3;0;7;0;0;0;0;0;1;0;0;529059.336021811701357;6063209.562467815354466;9.451089182000032;54.715346264000061
134479;01210910152013112021;01;0;03;000;2021;09;05;6;3;9;7;2;0;0;1;0;0;0;0;618212.726613786071539;5972739.295128911733627;10.798745225000062;53.889612316000068
134480;01211116152013122021;01;0;03;000;2021;11;23;3;3;7;7;2;0;0;0;0;1;0;0;615091.348875618539751;5976262.271917659789324;10.752599337000049;53.921964282000033
134481;01211019171013642021;01;0;60;063;2021;10;09;3;3;0;7;0;0;1;0;0;0;0;0;564975.195974371396005;5949357.310560245066881;9.983930621000070;53.688884688000030
134482;01210924171013992021;01;0;60;063;2021;09;18;6;3;8;1;0;0;0;1;0;0;0;0;564601.139534890651703;5946798.904244344681501;9.977734498000075;53.665938442000026
134483;01211102145013602021;01;0;58;043;2021;11;13;3;3;5;2;0;0;1;1;0;0;0;0;554060.878900622949004;6033928.651123387739062;9.833763759000021;54.450160432000075
134484;01211001145013342021;01;0;58;092;2021;10;14;6;3;2;6;0;0;0;1;0;0;1;0;571791.538649303838611;6021813.864960875362158;10.104241160000072;54.339105348000032
134485;01210918171013752021;01;0;60;075;2021;09;23;7;2;8;1;2;0;0;1;0;0;0;0;591141.912018477916718;5988349.703399958088994;10.391649186000052;54.035341211000059
134486;01210824152013822021;01;0;03;000;2021;08;19;3;2;0;7;0;0;1;0;0;0;0;0;607370.248133448883891;5970184.310278294607997;10.632946950000076;53.869015264000041
134487;01211124145013622021;01;0;58;034;2021;11;14;4;3;0;7;0;1;1;0;0;0;0;0;543505.261405052617192;6019226.814271118491888;9.668829988000027;54.319052586000055
134488;01211202161013692021;01;0;62;009;2021;12;12;5;3;2;2;0;0;0;1;0;0;0;0;576971.766002236865461;5936192.210724771022797;10.162302656000065;53.568945143000064
134489;01211024171013822021;01;0;60;042;2021;10;18;1;3;5;3;1;0;0;1;0;0;0;1;570575.412107914686203;5966227.686454204842448;10.072577172000024;53.839767198000061
134490;01210909145013862021;01;0;04;000;2021;09;09;5;2;0;7;0;0;1;0;0;0;0;0;563721.215921024791896;5992638.628757214173675;9.973943848000033;54.077999925000029
134491;01211113125013132021;01;0;54;056;2021;11;22;7;3;5;3;2;0;0;1;0;0;0;0;505232.731999999843538;6037993.784999821335077;9.080779395000036;54.489543924000031
134492;01211013145013502021;01;0;04;000;2021;10;07;4;3;6;4;1;1;0;1;1;0;0;0;562628.993354007601738;5992675.996262203902006;9.957260147000056;54.078469698000049
134493;01210921171013772021;01;0;60;063;2021;09;12;3;3;1;5;0;0;1;1;0;0;0;0;565377.520447099581361;5948306.654371023178101;9.989800640000055;53.679392193000069
134494;01210901134013922021;01;0;02;000;2021;09;07;4;3;5;2;0;0;1;1;0;0;0;0;576782.794010249897838;6020374.954784305766225;10.180624806000026;54.325449223000078
134495;01210906161013692021;01;0;53;129;2021;09;10;2;3;5;3;0;0;0;1;0;0;0;0;583389.975462849251926;5927638.586796395480633;10.256917001000033;53.491097589000049
134496;01210911171013802021;01;0;60;005;2021;09;10;7;3;0;7;0;1;1;0;0;0;0;0;585730.206108736805618;5978192.576011234894395;10.306182455000055;53.945001182000055
134497;01211117171013612021;01;0;56;050;2021;11;07;4;3;0;2;0;0;1;1;0;0;0;0;547173.227573405951262;5936614.028586521744728;9.712447519000023;53.576261873000078
134498;01211016145013522021;01;0;04;000;2021;10;18;7;2;6;4;2;1;0;1;1;0;0;0;564045.554000003263354;5991806.481999792158604;9.978724456000066;54.070481615000062
134499;01210929171013502021;01;0;56;015;2021;09;19;4;3;5;2;1;1;1;0;0;0;0;0;544274.645613625645638;5955360.641212556511164;9.671346431000075;53.745005603000038
134500;01210924145013152021;01;0;58;135;2021;09;13;6;3;0;1;0;1;0;0;0;1;0;0;543790.292065177112818;6017319.450417552143335;9.672931880000021;54.301887061000059
134501;01211102125013642021;01;0;54;088;2021;11;10;3;3;5;3;0;0;0;0;0;1;0;1;489120.723165022209287;6070665.272708624601364;8.830839022000021;54.783070460000033
134502;01211001171013182021;01;0;60;063;2021;10;10;6;3;5;3;0;0;0;1;0;0;1;0;565200.165043918415904;5947564.224096257239580;9.986959972000022;53.672742077000066
134503;01210825171013662021;01;0;56;044;2021;08;15;4;2;5;3;0;1;1;1;0;0;0;0;555455.864038293249905;5940307.284309029579163;9.838181552000037;53.608645017000072
134504;01211126145013132021;01;0;58;142;2021;11;18;6;2;9;1;2;1;0;1;0;0;0;0;561493.204809526912868;6025469.105127716436982;9.946621006000044;54.373297204000039
134505;01211208145013522021;01;0;58;135;2021;12;17;4;3;2;6;2;0;0;1;0;0;0;0;543362.462932645343244;6016508.124967098236084;9.666240135000066;54.294632287000070
134506;01211025145013432021;01;0;58;005;2021;10;19;2;3;5;3;2;0;1;1;0;0;0;0;573119.746853880584240;6028575.401260903105140;10.126327864000075;54.399673358000030
134507;01210908161013402021;01;0;62;078;2021;09;15;4;3;7;7;0;0;0;0;0;1;0;1;588895.233301287516952;5950611.947540411725640;10.346420422000051;53.696636304000037
134508;01211111161013612021;01;0;53;100;2021;11;18;5;2;6;3;2;1;0;1;1;0;0;0;617169.472207349725068;5951650.434750244021416;10.774860097000044;53.700389033000079
134509;01211015171013192021;01;0;56;015;2021;10;06;6;3;0;3;2;0;1;0;0;0;0;1;544314.959590101614594;5957280.500386374071240;9.672233123000069;53.762257237000028
134510;01210921152013602021;01;0;03;000;2021;09;17;3;3;5;3;0;1;1;1;0;0;0;0;608764.104837453924119;5969086.356002775952220;10.653746657000056;53.858860617000062
134511;01210901145013242021;01;0;58;135;2021;09;14;4;3;4;6;0;0;1;0;0;0;0;0;543391.826559231616557;6016709.422385618090630;9.666720481000027;54.296438827000031
134512;01211130152013632021;01;0;03;000;2021;11;15;3;3;5;3;0;1;0;1;0;0;0;0;611118.499571561813354;5968631.881111998111010;10.689363509000032;53.854278991000058
134513;01211029181013822021;01;0;51;011;2021;10;19;6;3;0;7;2;0;0;1;0;0;0;0;507123.138687869533896;5971624.609788136556745;9.108390319000023;53.893020395000065
134514;01210916145013572021;01;0;58;043;2021;09;10;5;3;0;7;0;1;1;0;0;0;0;0;554187.252128243446350;6036553.220976337790489;9.836193230000049;54.473732055000028
134515;01210824161013502021;01;0;53;083;2021;08;08;3;3;5;2;0;0;0;1;0;1;0;0;602623.638439861126244;5915913.056929353624582;10.542894572000023;53.382338423000078
134516;01211122171013562021;01;0;60;005;2021;11;07;2;3;0;2;1;2;1;1;0;0;0;0;586117.980427510105073;5978853.215271301567554;10.312275228000033;53.950873071000046
134517;01211202171013492021;01;0;56;044;2021;12;07;5;3;6;4;1;0;1;0;1;0;0;0;556452.080039283260703;5940216.589658614248037;9.853220499000031;53.607723506000070
134518;01211023161013662021;01;0;53;115;2021;10;00;7;3;8;7;2;1;0;1;0;0;0;0;604464.532551513053477;5926560.787275575101376;10.574091726000063;53.477651624000032
134519;01210916171013052021;01;0;60;039;2021;09;07;5;3;5;3;0;0;1;1;0;0;0;0;564576.279423141852021;5961419.619296662509441;9.980410972000072;53.797338009000043
134520;01211215134013432021;01;0;02;000;2021;12;05;4;3;5;2;2;1;1;1;0;0;0;0;573219.549872402101755;6018428.521271996200085;10.125370332000045;54.308482732000073
134521;01210908125013572021;01;0;59;075;2021;09;16;4;3;5;3;0;0;0;1;0;1;0;0;534908.969000000506639;6041977.719999821856618;9.539359596000054;54.524172597000074
134522;01211109171013462021;01;0;60;063;2021;11;12;3;3;5;3;0;0;1;1;0;0;0;0;569623.183395004831254;5949151.479616736993194;10.054257017000054;53.686436146000062
134523;01211011145013742021;01;0;04;000;2021;10;19;2;3;1;7;2;0;0;1;0;0;0;0;562969.274449078366160;5994023.589759455993772;9.962740687000064;54.090538385000059
134524;01210828134013452021;01;0;02;000;2021;08;04;7;3;0;7;2;1;0;0;0;0;0;1;574589.713086426258087;6022546.089582059532404;10.147454357000072;54.345283390000077
134525;01211027152013462021;01;0;03;000;2021;10;16;4;3;2;7;0;1;0;1;0;0;0;0;609691.106659774668515;5969686.919370118528605;10.668049723000024;53.864061256000070
134526;01210906181013102021;01;0;51;137;2021;09;16;2;2;5;3;0;0;0;1;0;0;0;0;498496.109406231902540;5996817.889749724417925;8.976991243000043;54.119502002000047
134527;01210914181013072021;01;0;61;046;2021;09;08;3;3;0;7;0;0;0;0;0;0;0;1;532580.400516358204186;5976423.643142415210605;9.496265988000061;53.935178104000045
134528;01211118161013732021;01;0;62;004;2021;11;17;5;3;5;3;2;1;1;1;0;0;0;0;590735.760000018402934;5962857.990999765694141;10.377885357000025;53.806359037000050
134529;01211021125013082021;01;0;59;120;2021;10;20;5;3;8;1;2;1;0;1;0;0;0;0;525675.380000000819564;6073964.818999838083982;9.399512249000054;54.812183029000039
134530;01210927181013632021;01;0;51;044;2021;09;23;2;3;0;7;2;1;1;0;0;0;0;0;506060.470754015259445;6005130.452952845022082;9.092889178000064;54.194179062000046
134531;01211104161013622021;01;0;62;061;2021;11;18;5;3;5;3;2;1;0;1;0;0;0;1;598955.294785988517106;5964925.241935892030597;10.503324048000025;53.823434917000043
134532;01211007152013632021;01;0;03;000;2021;10;09;5;2;5;3;0;0;0;1;0;0;0;1;606360.097513269633055;5969569.831446437165141;10.617377767000050;53.863702444000069
134533;01210827171013232021;01;0;60;036;2021;08;12;6;3;8;7;0;0;0;1;0;0;0;0;566792.080434527248144;5972226.194179616868496;10.016395863000071;53.894174164000049
134534;01211126171013242021;01;0;56;039;2021;11;17;6;3;6;6;2;0;0;1;1;0;0;0;552023.849077690392733;5948383.041227918118238;9.787665643000025;53.681578746000071
134535;01211207145013012021;01;0;58;092;2021;12;13;3;3;0;7;0;0;1;0;0;0;0;0;570683.920812221243978;6021550.304330358281732;10.087145583000051;54.336891712000067
134536;01210901171013212021;01;0;56;045;2021;09;19;4;3;0;6;0;0;1;1;0;0;0;0;537232.811648065224290;5948555.909567359834909;9.563757394000049;53.684395762000065
134537;01210909125013922021;01;0;54;164;2021;09;12;5;3;0;7;0;0;1;0;0;0;0;0;472397.524557508528233;6060692.116601055487990;8.571763384000064;54.692804990000070
134538;01211112181013682021;01;0;51;044;2021;11;18;6;3;5;3;2;0;0;1;0;0;0;0;508128.259054316207767;6005629.647144187241793;9.124595708000072;54.198637017000067
134539;01211014125013982021;01;0;54;056;2021;10;14;5;3;0;1;0;1;1;0;0;0;0;0;503373.863319784402847;6037147.509954581037164;9.052073783000026;54.481954061000067
134540;01210929161013132021;01;0;62;009;2021;09;12;4;3;6;4;0;0;0;1;1;0;0;0;577008.912620872259140;5936200.863919937983155;10.162865591000070;53.569017456000040
134541;01210924145013632021;01;0;58;034;2021;09;21;6;3;5;3;2;1;1;0;0;1;0;0;543353.954264267347753;6019142.664213249459863;9.666491812000061;54.318309215000056
134542;01211102171013022021;01;0;56;050;2021;11;11;3;3;5;2;0;0;1;1;0;0;0;0;547107.287680793553591;5936618.472658444195986;9.711452398000063;53.576307742000040
134543;01211001152013292021;01;0;55;032;2021;10;10;6;2;5;3;0;0;0;1;0;1;0;0;618748.828159303404391;5996115.184587160125375;10.816016231000049;54.099485524000045
134544;01210919171013932021;01;0;60;005;2021;09;14;1;3;0;7;0;0;1;0;0;0;0;0;585817.463215132243931;5978343.467544095590711;10.307553931000029;53.946342581000067
134545;01210823134013752021;01;0;02;000;2021;08;18;2;3;1;7;0;0;0;1;0;0;0;1;574575.707483092322946;6014561.453946489840746;10.145245059000047;54.273538276000068
134546;01211122152013082021;01;0;55;040;2021;11;08;2;3;6;4;0;0;0;1;1;0;0;0;608168.029000042937696;5973490.657999740913510;10.646241486000065;53.898555107000050
134547;01211204161013142021;01;0;62;006;2021;12;15;7;2;0;7;2;1;1;0;0;0;0;0;583157.553910249844193;5954217.110479237511754;10.260508823000066;53.729978019000043
134548;01211023161013482021;01;0;53;100;2021;10;11;7;3;5;3;0;1;0;1;0;0;0;0;615659.713000059127808;5950544.542999701574445;10.751589772000045;53.690790066000034
134549;01211215152013522021;01;0;03;000;2021;12;16;4;3;6;2;2;0;1;0;1;0;0;0;609929.725240918807685;5970020.703388899564743;10.671796237000024;53.867009593000034
134550;01210907134013142021;01;0;57;025;2021;09;11;3;3;2;6;0;0;1;1;0;0;0;0;578413.991106611676514;6026003.601553574204445;10.207181882000043;54.375776864000045
134551;01211110152013402021;01;0;55;004;2021;11;15;4;3;2;6;0;0;0;1;0;0;0;0;610523.747762925922871;5975383.227761847898364;10.682760466000047;53.915061476000062
134552;01211010171013152021;01;0;56;018;2021;10;17;1;2;0;7;0;0;1;0;0;0;0;0;553847.963727775961161;5941542.207314951345325;9.814095349000070;53.619911723000030
134553;01210922181013362021;01;0;51;043;2021;09;15;4;3;8;6;0;0;1;0;0;0;0;1;491753.833787504583597;6002205.459379035979509;8.873690762000024;54.167859836000048
134554;01210831161013492021;01;0;62;018;2021;08;08;3;3;0;3;0;0;1;1;0;0;0;0;580647.122097555547953;5933461.484691293910146;10.217083911000032;53.543853289000026
134555;01211129181013172021;01;0;51;044;2021;11;09;2;3;6;4;0;0;0;1;1;0;0;0;505997.369426128454506;6004911.406110545620322;9.091917654000042;54.192211095000062
134556;01211028171013632021;01;0;60;089;2021;10;11;5;3;5;3;0;0;0;1;0;0;0;0;579081.514815362170339;5988738.204645505174994;10.207648328000062;54.040822102000050
134557;01210915145013942021;01;0;58;043;2021;09;13;4;2;0;7;0;1;1;0;0;0;0;0;554179.160529218614101;6036533.004362611100078;9.836064674000056;54.473551247000046
134558;01211120171013072021;01;0;60;038;2021;11;16;7;3;2;2;1;1;0;1;0;0;0;1;570994.267408699728549;5980705.557462086901069;10.082299701000068;53.969814954000071
134559;01211020181013332021;01;0;51;013;2021;10;17;4;3;6;7;0;1;1;0;1;0;0;0;489925.670319352298975;5998322.893044020980597;8.845818000000065;54.132932033000031
134560;01210927171013402021;01;0;56;015;2021;09;17;2;3;5;2;0;0;1;1;0;0;0;0;544261.494670380838215;5955492.543648928403854;9.671165927000061;53.746192217000043
134561;01211213152013212021;01;0;03;000;2021;12;12;2;3;5;2;0;1;1;1;0;0;0;0;613947.565000055357814;5975492.893999718129635;10.734904110000059;53.915305108000041
134562;01211104152013192021;01;0;03;000;2021;11;19;5;3;5;3;2;1;1;1;0;0;0;0;611656.539193342439830;5970543.513855271041393;10.698235075000071;53.871338029000071
134563;01211006152013322021;01;0;03;000;2021;10;07;4;3;4;6;0;1;1;0;0;0;0;0;612782.739772287197411;5972348.104885388165712;10.716019445000029;53.887307080000028
134564;01210830134013532021;01;0;02;000;2021;08;11;2;3;0;3;0;0;0;1;0;1;0;0;568294.197000005282462;6020491.081999806687236;10.050155113000073;54.327699117000066
134565;01211027171013012021;01;0;60;063;2021;10;15;4;2;5;2;0;0;1;1;0;0;0;0;564569.113330432213843;5949500.394162321463227;9.977812026000038;53.690220940000074
134566;01210904152013492021;01;0;55;042;2021;09;12;7;3;6;6;0;0;1;0;1;0;0;0;616840.472278383560479;5984735.621008800342679;10.782465901000023;53.997694192000040
134567;01210911134013042021;01;0;02;000;2021;09;07;7;3;5;3;0;0;1;1;0;0;0;0;573739.215198528021574;6020648.422437870875001;10.133904190000067;54.328355286000033
134568;01211116171013552021;01;0;56;018;2021;11;15;3;3;0;6;0;0;1;1;0;0;0;0;556545.802000003866851;5942890.836999764665961;9.855122488000063;53.631748169000048
134569;01211018125013942021;01;0;54;168;2021;10;13;2;3;5;3;0;1;1;1;0;0;0;0;455787.825545080006123;6084145.647163923829794;8.310512351000057;54.902375856000049
134570;01211201161013512021;01;0;62;023;2021;12;18;4;2;5;3;2;1;1;1;0;0;0;0;584457.384378072805703;5944809.169441284611821;10.277644237000061;53.645228044000078
134571;01211028171013682021;01;0;56;048;2021;10;18;5;2;4;6;2;0;1;0;0;0;0;0;546940.951890108175576;5950024.395232440903783;9.710963526000057;53.696812065000074
134572;01210913171013362021;01;0;60;063;2021;09;11;2;3;5;2;0;0;0;1;0;1;0;0;566334.724000005051494;5951619.002999769523740;10.004998864000072;53.709039630000063
134573;01211121125013652021;01;0;59;161;2021;11;11;1;3;4;6;0;0;0;1;0;0;0;0;539671.052274589426816;6065260.809762712568045;9.616085602000055;54.733054645000038
134574;01211020171013742021;01;0;56;033;2021;10;06;4;3;0;7;2;1;1;0;0;0;0;0;540745.872233004309237;5954784.734066579490900;9.617766494000023;53.740117217000034
134575;01210927181013302021;01;0;51;044;2021;09;12;2;3;2;6;0;0;0;1;0;0;0;0;506704.679119369015098;6003750.160765780135989;9.102732218000028;54.181765503000065
134576;01211213171013622021;01;0;60;063;2021;12;16;2;3;6;4;2;1;0;1;1;0;0;0;564995.179635085165501;5952543.350433517247438;9.984901570000034;53.717515259000038
134577;01210907125013782021;01;0;54;168;2021;09;13;3;2;0;7;0;0;1;0;0;0;0;0;456685.822830121032894;6083479.195091502740979;8.324615729000072;54.896465799000055