OBJECTID;UIDENTSTLAE;ULAND;UREGBEZ;UKREIS;UGEMEINDE;UJAHR;UMONAT;USTUNDE;UWOCHENTAG;UKATEGORIE;UART;UTYP1;ULICHTVERH;USTRZUSTAND;IstRad;IstPKW;IstFuss;IstKrad;IstGkfz;IstSonstige;LINREFX;LINREFY;XGCSWGS84;YGCSWGS84
134899;01211129171013802021;01;0;60;005;2021;11;11;2;3;5;3;0;1;0;1;0;0;0;0;585551.677804102189839;5978557.512940717861056;10.303565443000025;53.948309926000036
134900;01211030125013422021;01;0;54;113;2021;10;12;7;3;0;7;0;1;1;0;0;0;0;0;474763.652207947336137;6018205.185644201934338;8.612104592000037;54.311100942000053
134901;01210916171013022021;01;0;56;041;2021;09;13;5;3;0;7;0;1;1;0;0;0;0;0;559905.278290617279708;5954398.131539173424244;9.908142219000069;53.734793650000029
134902;01210823145013862021;01;0;58;043;2021;08;08;2;3;5;3;0;0;1;1;0;0;0;0;553581.688419264741242;6037855.671678865328431;9.827085661000069;54.485500495000053
134903;01211122152013402021;01;0;03;000;2021;11;15;2;2;5;3;1;0;1;1;0;0;0;0;608764.147385776974261;5969087.445656845346093;10.653747690000046;53.858870397000032
134904;01211202134013852021;01;0;02;000;2021;12;08;5;3;3;6;0;2;1;0;0;0;1;0;570369.353837531991303;6022815.089275317266583;10.082607010000061;54.348300296000048
134905;01211023171013612021;01;0;56;039;2021;10;20;7;3;6;5;2;0;0;1;1;0;0;0;551997.391675351187587;5945497.834252137690783;9.786781879000046;53.655650385000058
134906;01211215161013202021;01;0;53;090;2021;12;18;4;3;5;3;2;0;1;1;0;0;0;0;611187.842068198136985;5942621.780572501942515;10.681063969000036;53.620578487000046
134907;01210907134013222021;01;0;02;000;2021;09;07;3;2;0;7;0;0;1;1;0;0;0;0;575680.210003702901304;6030982.098351480439305;10.166373695000061;54.420924357000047
134908;01211109134013552021;01;0;57;047;2021;11;12;3;3;8;7;0;0;0;1;0;0;0;0;579743.584000009112060;6006149.656999796628952;10.222351820000029;54.197174237000070
134909;01211011171013352021;01;0;60;044;2021;10;11;2;3;5;3;0;0;1;1;0;0;0;0;563435.132888404652476;5965741.348080374300480;9.963979519000077;53.836317412000028
134910;01210928171013082021;01;0;60;064;2021;09;13;3;2;4;6;0;0;0;1;0;0;1;0;562086.696635777130723;5966917.723711449652910;9.943729089000044;53.847052293000047
134911;01210901134013432022;01;0;02;000;2021;09;12;4;3;5;3;0;0;1;0;0;0;0;1;569560.468313495628536;6017752.922744248062372;10.068984748000048;54.302923341000053
134912;01211028134013882021;01;0;57;025;2021;10;19;5;3;0;7;2;0;1;0;0;0;0;0;578126.270659729838371;6025901.142177453264594;10.202726603000031;54.374900430000082
134913;01210914152013782021;01;0;03;000;2021;09;07;3;3;5;3;0;0;1;1;0;0;0;0;611314.075621329247952;5967819.510640997439623;10.692041012000061;53.846938592000072
134914;01211119171013682021;01;0;56;051;2021;11;08;6;3;9;1;0;1;0;1;0;0;0;0;545168.503775392659009;5968487.949330691248178;9.686824678000050;53.862911502000031
134915;01211020161013982021;01;0;53;116;2021;10;08;4;3;0;7;0;0;1;0;0;0;0;0;598033.748390357941389;5929535.147326381877065;10.478157201000045;53.505615113000033
134916;01210926134013722021;01;0;57;082;2021;09;15;1;2;8;7;0;0;0;0;0;1;0;0;600933.726305034011602;6021382.430408842861652;10.552181568000037;54.330296539000074
134917;01211211181013342021;01;0;51;075;2021;12;00;7;3;8;1;2;0;0;0;0;0;0;1;498521.805770789273083;6008481.699165172874928;8.977327130000049;54.224332408000066
134918;01211104171013902021;01;0;60;063;2021;11;16;5;3;3;6;2;1;1;1;0;0;0;0;566407.304733621887863;5951120.272199215367436;10.005991384000026;53.704548322000051
134919;01211008145013182021;01;0;04;000;2021;10;14;6;3;5;3;0;0;0;1;0;0;0;0;564952.280874997377396;5997591.600696170702577;9.993820513000060;54.122355612000035
134920;01210830134013212021;01;0;57;031;2021;08;17;2;2;8;7;0;0;0;0;0;1;0;0;577238.100265643559396;6009968.360849134624004;10.184937600000069;54.231871341000044
134921;01211129125013572021;01;0;54;019;2021;11;08;2;3;5;3;0;1;1;1;0;0;0;0;497528.840786889195442;6052216.595968615263700;8.961732426000026;54.617386505000070
134922;01211209171013402021;01;0;56;048;2021;12;13;5;3;2;6;0;0;0;1;0;0;0;1;547949.872322726994753;5949170.115551168099046;9.726111075000063;53.689042433000054
134923;01210904161013942021;01;0;53;012;2021;09;11;7;2;0;1;0;0;0;0;0;1;0;0;584928.456000015139580;5925169.288999753072858;10.279432003000068;53.468661281000038
134924;01210910161013072021;01;0;62;001;2021;09;12;6;3;5;2;0;1;0;1;0;0;0;0;583646.558932888321579;5949302.646921550855041;10.266592034000041;53.685737692000032
134925;01211117171013782021;01;0;56;018;2021;11;14;4;3;1;5;0;1;0;1;0;0;0;1;555898.710423668846488;5943010.394902832806110;9.845359405000067;53.632892192000043
134926;01211018161013522021;01;0;62;004;2021;10;17;2;1;4;6;0;0;1;0;0;0;0;1;592252.611000019125640;5967030.872999770566821;10.402163905000066;53.843587639000077
134927;01210929171013652021;01;0;60;005;2021;09;15;4;3;5;3;0;0;1;1;0;0;0;0;585643.240889087319374;5977272.441428540274501;10.304599812000049;53.936747550000064
134928;01210923125013982021;01;0;01;000;2021;09;13;5;3;5;3;0;1;1;1;0;0;0;0;528805.383364041335881;6070979.682656837627292;9.447917228000051;54.785187199000063
134929;01211102171013402021;01;0;60;052;2021;11;13;3;3;4;6;0;0;0;1;0;0;0;1;571816.535506609827280;5985665.145274125039577;10.096002444000021;54.014269679000051
134930;01211004161013292021;01;0;62;060;2021;10;18;2;3;6;7;1;0;0;1;1;0;0;0;583170.537514938972890;5930879.435094293206930;10.254470053000034;53.520256230000030
134931;01210826152013462022;01;0;55;016;2021;08;07;5;3;5;3;0;0;1;1;0;0;0;0;627701.983150336891413;6002192.513731731101871;10.955420755000034;54.151931708000063
134932;01211124171013792021;01;0;60;039;2021;11;17;4;3;5;3;2;0;0;1;0;0;0;0;564411.918000002391636;5962187.313999779522419;9.978076549000036;53.804257581000059
134933;01211206152013272021;01;0;03;000;2021;12;09;2;3;5;2;0;0;1;1;0;0;0;0;611767.922000048682094;5971326.567999726161361;10.700213736000023;53.878349127000035
134934;01211026152013122021;01;0;55;043;2021;10;12;3;3;8;1;0;1;0;1;0;0;0;0;613611.120917472057045;6014779.039412474259734;10.744532464000031;54.268311784000048
134935;01210830134013882021;01;0;02;000;2021;08;14;2;3;5;2;0;0;1;1;0;0;0;0;576710.052175989374518;6017665.024490101262927;10.178810336000026;54.301109968000048
134936;01211128145013992021;01;0;58;156;2021;11;21;1;3;9;1;2;1;0;1;0;0;0;0;526208.965548849664629;5998141.260058447718620;9.401093211000045;54.130730148000055
134937;01210904171013532021;01;0;60;010;2021;09;13;7;3;0;7;0;0;1;0;0;0;0;0;586063.918284788727760;5985333.579082351177931;10.313282137000044;54.009111944000040
134938;01210911145013432021;01;0;58;043;2021;09;13;7;3;2;2;0;0;0;1;0;0;0;0;554381.113925212994218;6036192.293427892029285;9.839118081000038;54.470467941000038
134939;01211114152013532021;01;0;03;000;2021;11;08;1;3;5;3;0;1;1;1;0;0;0;0;614364.800000056624413;5967472.064999716356397;10.738261313000066;53.843154439000045
134940;01211019125013912021;01;0;01;000;2021;10;13;3;3;2;6;0;1;1;0;0;0;0;1;528093.705131703056395;6070678.909994741901755;9.436822023000047;54.782524655000032
134941;01210929152013742021;01;0;03;000;2021;09;13;4;3;1;7;0;0;0;1;0;0;0;1;613202.382066906429827;5970163.117683652788401;10.721594504000052;53.867585652000059
134942;01210923171013712021;01;0;56;041;2021;09;15;5;3;2;6;0;1;0;1;0;0;0;0;562293.644111752510071;5956777.107216177508235;9.944823209000049;53.755893889000049
134943;01211102134013552021;01;0;02;000;2021;11;06;3;3;0;7;2;1;1;0;0;0;0;0;573050.205975056625903;6020330.136402809992433;10.123233469000070;54.325594349000028
134944;01211001161013052021;01;0;53;129;2021;10;11;6;3;1;5;0;0;0;1;0;1;0;0;583170.894314198754728;5927637.000695016235113;10.253615292000063;53.491118009000047
134945;01210827171013672021;01;0;56;039;2021;08;18;6;3;5;3;0;0;1;1;0;0;0;0;552756.384735687635839;5944724.957987869158387;9.798133919000065;53.648628100000053
134946;01211125125013942021;01;0;01;000;2021;11;16;5;3;9;7;0;1;1;1;0;0;0;0;529486.184703389182687;6070244.578343363478780;9.458428446000028;54.778541677000078
134947;01211207161013702021;01;0;62;001;2021;12;14;3;3;5;3;0;0;1;1;0;0;0;0;581752.655988631770015;5946956.691637150943279;10.237303657000041;53.664955990000067
134948;01211025171013442021;01;0;56;050;2021;10;10;2;3;5;3;0;0;1;1;0;0;0;0;546106.322000001557171;5937355.222999764606357;9.696445075000042;53.583018509000055
134949;01210902145013402021;01;0;58;058;2021;09;18;5;3;6;6;0;0;1;0;1;0;0;0;564246.251770489849150;6029066.087096888571978;9.989771921000056;54.405279960000030
134950;01210910125013232021;01;0;01;000;2021;09;21;6;3;3;6;2;0;1;0;0;0;0;0;529956.541000000201166;6070864.259999835863709;9.465804904000038;54.784082566000052
134951;01211111125013682021;01;0;01;000;2021;11;16;5;3;5;2;2;0;1;1;0;0;0;0;527932.646790830418468;6071416.012365017086267;9.434388837000029;54.789157602000046
134952;01211014145013122021;01;0;04;000;2021;10;11;5;3;6;7;0;1;0;1;1;0;0;0;566441.879105842672288;5991295.591789811849594;10.015226119000033;54.065587085000061
134953;01210922125013902021;01;0;54;138;2021;09;14;4;3;0;7;0;0;1;0;0;0;0;0;495378.340298944152892;6017275.324507903307676;8.928976275000025;54.303346524000062
134954;01210903171013532021;01;0;56;024;2021;09;10;6;3;1;5;0;0;1;1;0;0;0;0;545755.601331045851111;5943597.150977373123169;9.692064557000037;53.639150729000050
134955;01211130145013232021;01;0;58;135;2021;11;08;3;3;5;2;1;1;1;0;0;0;1;0;541910.633000000379980;6018694.771999808028340;9.644241948000058;54.314404588000059
134956;01211029171013692021;01;0;60;039;2021;10;12;6;3;1;7;0;0;0;1;0;0;0;0;565787.815034744329751;5960613.948916632682085;9.998629704000052;53.789945798000076
134957;01210917181013392021;01;0;51;011;2021;09;17;6;3;5;3;0;0;1;1;0;0;0;0;508960.857167620211840;5972016.276341862976551;9.136365622000028;53.896512212000061
134958;01210825152013142021;01;0;55;016;2021;08;14;4;3;3;6;0;1;1;0;0;0;0;0;631853.892339443787932;6007239.207044059410691;11.021163004000073;54.196212591000062
134959;01211122125013702021;01;0;59;041;2021;11;08;2;3;0;1;0;2;0;0;0;1;0;0;532920.525504422374070;6040331.559645380824804;9.508454828000026;54.509511996000072
134960;01211203145013742022;01;0;58;164;2021;12;11;6;3;5;2;0;1;0;1;0;0;0;1;536137.896355089731514;5997985.515483597293496;9.553016847000038;54.128728315000046
134961;01211025125013242021;01;0;59;173;2021;10;13;2;3;4;6;0;1;0;0;0;1;0;1;515575.574855848215520;6069685.279126565903425;9.242130107000037;54.774139809000076
134962;01210916134013752021;01;0;02;000;2021;09;20;5;3;0;7;1;1;1;0;0;0;0;0;574872.582277378998697;6021297.414348682388663;10.151491284000031;54.334021861000053
134963;01211214152013892022;01;0;03;000;2021;12;09;3;3;5;2;0;0;1;1;0;0;0;0;610527.196005411446095;5969955.288755636662245;10.680854627000031;53.866295014000059
134964;01210908145013172021;01;0;58;092;2021;09;19;4;3;0;7;0;0;0;0;0;1;0;0;571387.382190870121121;6022370.375016063451767;10.098159300000077;54.344162723000068
134965;01211110125013972021;01;0;54;168;2021;11;21;4;2;0;2;2;1;1;1;0;0;0;0;455443.391461403109133;6085169.278529096394777;8.304982912000071;54.911543510000058
134966;01211011152013872021;01;0;55;042;2021;10;13;2;2;0;7;0;0;1;0;0;0;0;0;620052.141887940466404;5984191.954079773277044;10.831220055000074;53.992073902000072
134967;01210901125013202021;01;0;54;106;2021;09;16;4;3;5;3;0;0;0;1;0;0;0;0;508713.480493759736419;6034547.399748699739575;9.134411139000065;54.458522794000032
134968;01211028161013272021;01;0;62;018;2021;10;07;5;3;0;7;2;0;1;0;0;0;0;0;580728.270739485509694;5932487.017072431743145;10.218056838000052;53.535083692000057
134969;01210915125013092021;01;0;01;000;2021;09;16;4;3;0;7;0;1;1;0;0;0;0;0;527477.507327747531235;6072302.817194158211350;9.427395104000027;54.797151984000038
134970;01211119145013332021;01;0;58;015;2021;11;15;6;3;9;6;1;1;0;1;0;0;0;0;535506.175000000745058;5995150.348999798297882;9.543016980000061;54.103291732000059
134971;01211022125013542021;01;0;59;126;2021;10;14;6;3;5;3;0;1;0;1;0;0;0;1;535101.941928701475263;6066476.518972247838974;9.545278503000077;54.744319227000062
134972;01210928161013032021;01;0;62;001;2021;09;13;3;3;2;6;0;0;0;1;0;0;0;0;581556.668750852346420;5947720.415788434445858;10.234538821000058;53.671849673000054
134973;01210925171013672021;01;0;56;024;2021;09;18;7;3;0;7;0;0;1;0;0;0;0;0;543350.855971828103065;5945927.400205716490746;9.656019909000065;53.660299394000049
134974;01211209152013052021;01;0;55;044;2021;12;20;5;2;1;5;2;1;0;1;0;1;0;0;614069.789955393411219;5988352.950442412868142;10.741576424000073;54.030810573000053
134975;01211105152013802021;01;0;03;000;2021;11;10;6;3;5;3;0;1;0;1;0;0;0;1;611268.861000047996640;5969082.181999728083611;10.691811607000034;53.858292395000035
134976;01211007161013992021;01;0;53;130;2021;10;15;5;2;8;1;0;0;0;0;0;1;0;0;597429.182503497228026;5948549.727624190971255;10.474983985000051;53.676584209000055
134977;01210825181013922021;01;0;61;046;2021;08;13;4;3;6;2;0;1;0;1;1;0;0;0;533870.783311283215880;5974646.611698845401406;9.515723367000021;53.919123935000073
134978;01211125161013542021;01;0;53;116;2021;11;18;5;3;2;6;2;1;0;1;0;0;0;0;598212.138557101599872;5929478.505483815446496;10.480828248000023;53.505072866000035
134979;01211209171013322021;01;0;56;024;2021;12;16;5;3;5;3;0;0;0;1;0;0;0;1;543444.011652529239655;5945022.143892036750913;9.657302931000061;53.652155361000041
134980;01210905161013712021;01;0;53;120;2021;09;12;1;3;6;6;0;0;0;0;1;0;0;1;605490.968570954166353;5954800.760357370600104;10.599109808000037;53.731183997000073
134981;01210910152013032021;01;0;03;000;2021;09;14;6;3;1;1;0;0;0;1;0;0;0;0;613314.744792174547911;5969870.504289986565709;10.723194405000072;53.864932281000051
134982;01211114161013182021;01;0;53;032;2021;11;21;1;3;6;6;2;0;1;0;1;0;0;0;591569.398700085468590;5922602.173922266811132;10.378698423000060;53.444480001000045
134983;01211019181013592021;01;0;51;001;2021;10;18;3;3;5;3;2;1;0;1;0;0;0;0;518380.347033951431513;5999719.818651003763080;9.281384747000061;54.145257138000034
134984;01210929171013352021;01;0;60;039;2021;09;17;4;3;0;1;0;1;0;0;0;1;0;0;563950.651000003330410;5962133.893999774008989;9.971062360000076;53.803834408000057
134985;01210925125013812021;01;0;54;002;2021;09;19;7;3;0;7;0;0;0;0;0;1;0;0;504140.296264728531241;6045944.712631974369287;9.064026820000038;54.561009986000045
134986;01211101161013152021;01;0;53;116;2021;11;08;2;3;6;6;0;0;1;0;1;0;0;0;598070.976071399636567;5929392.436243174597621;10.478673679000053;53.504325818000041
134987;01211003125013282021;01;0;54;056;2021;10;18;1;3;5;3;2;1;1;1;0;0;0;0;504324.087419134564698;6037176.148717958480120;9.066740395000068;54.482204236000030
134988;01210919125013562022;01;0;59;079;2021;09;15;1;3;0;7;0;0;1;0;0;0;0;0;523549.987000001594424;6048145.794999826699495;9.364356687000054;54.580259778000027
134989;01210823134013192021;01;0;02;000;2021;08;14;2;3;5;3;0;0;1;0;0;0;0;0;574177.912208223715425;6021553.160377042368054;10.140873693000060;54.336421359000042
134990;01211122161013372021;01;0;62;006;2021;11;09;2;2;0;1;0;1;1;0;0;0;0;0;583004.993559495545924;5953161.472222987562418;10.257913724000048;53.720516180000061
134991;01211202171013962021;01;0;60;063;2021;12;09;5;3;0;7;0;2;1;0;0;0;0;0;566195.525862939655781;5951146.071215447038412;10.002789242000063;53.704807070000072
134992;01211023125013492021;01;0;59;171;2021;10;07;7;1;5;3;0;0;1;0;0;0;0;1;525734.904833625070751;6057646.589200370013714;9.398994669000047;54.665534712000067
134993;01211216125013502021;01;0;01;000;2021;12;12;5;3;0;1;0;1;1;0;0;0;0;0;527481.772484124638140;6072850.781356779858470;9.427513410000074;54.802076014000079
134994;01210908161013512021;01;0;62;069;2021;09;08;4;3;4;6;0;0;0;0;0;1;1;0;584176.204486276023090;5943047.813142500817776;10.272915147000049;53.629445377000081
134995;01211111171013512021;01;0;56;039;2021;11;07;5;3;5;2;0;0;0;1;0;0;0;0;550869.429466121830046;5945003.319556938484311;9.769635240000071;53.651316791000056
134996;01211013161013142021;01;0;53;100;2021;10;12;4;3;5;2;0;0;1;1;0;0;0;0;616264.787220413796604;5951492.861767997965217;10.761104141000033;53.699175574000037
134997;01210928171013982021;01;0;56;048;2021;09;18;3;3;5;3;1;0;1;0;0;0;0;0;547048.809805996716022;5949305.734359089285135;9.712487920000058;53.690343263000045
134998;01210922152013142021;01;0;55;004;2021;09;11;4;3;0;7;0;0;1;0;0;0;0;0;611511.022102105431259;5975963.249207859858871;10.697996266000075;53.920060917000058
134999;01210831125013382021;01;0;01;000;2021;08;17;3;3;8;6;0;0;1;0;0;0;0;1;529774.208138002082705;6071591.783056184649467;9.463044542000034;54.790631262000034
135000;01211201161013642021;01;0;62;001;2021;12;08;4;3;5;3;1;1;1;1;0;0;0;0;581051.942860030569136;5948197.921353183686733;10.227025321000042;53.676219205000052
135001;01211029171013102021;01;0;56;023;2021;10;17;6;2;0;7;0;0;0;0;0;1;0;0;544232.855822305195034;5950719.534103378653526;9.670049350000056;53.703296192000039
135002;01210913145013842021;01;0;04;000;2021;09;07;2;3;5;2;0;0;0;1;0;0;0;1;564819.205357847735286;5997898.347064632922411;9.991850521000060;54.125128944000039
135003;01211118171013122021;01;0;60;004;2021;11;07;5;3;5;7;1;0;1;1;0;0;0;0;557545.013892255723476;5973849.751968724653125;9.876005158000055;53.909873810000079
135004;01211021181013272021;01;0;51;044;2021;10;07;5;3;2;6;2;1;0;1;0;0;0;0;506397.391406435519457;6005124.780113957822323;9.098053051000022;54.194123985000033
135005;01210927181013512021;01;0;61;046;2021;09;11;2;3;5;2;0;0;0;1;0;0;0;0;533181.094337316229939;5978070.465647350996733;9.505594336000058;53.949941025000044
135006;01211214152013652021;01;0;03;000;2021;12;15;3;3;5;3;0;0;1;1;0;0;0;0;618775.115658493712544;5975236.031565254554152;10.808266526000068;53.911913485000071
135007;01210906181013702021;01;0;61;029;2021;09;09;2;3;5;3;0;0;1;1;0;0;0;0;528023.262134304270148;5959831.572745183482766;9.425338611000029;53.786317320000080
135008;01211109145013622021;01;0;04;000;2021;11;14;3;3;1;7;0;0;1;1;0;0;0;0;564043.766757541336119;5992239.733584199100733;9.978788730000076;54.074375251000049
135009;01211009171013242021;01;0;60;063;2021;10;21;7;2;0;7;2;0;0;1;0;1;0;0;565930.660937448032200;5948697.601366693153977;9.998256752000032;53.682836154000029
135010;01210828134013192021;01;0;57;062;2021;08;06;7;3;1;7;1;1;0;1;0;0;0;0;582513.737402573227882;6010352.102419488132000;10.265957437000054;54.234496658000069
135011;01210901181013372021;01;0;51;138;2021;09;17;4;2;6;7;0;0;0;0;1;0;0;1;515261.094926044344902;5998463.352087300270796;9.233569048000049;54.134066601000029
135012;01210909125013612021;01;0;54;168;2021;09;15;5;3;8;7;0;0;1;0;0;0;0;0;456879.421617610380054;6083800.138842925429344;8.327586174000032;54.899366525000062
135013;01211112134013692021;01;0;02;000;2021;11;23;6;3;9;1;2;0;0;1;0;0;0;0;574561.952155549079180;6018654.822210257872939;10.146054768000056;54.310321983000051
135014;01211015134013722021;01;0;02;000;2021;10;22;6;3;2;6;2;0;1;0;0;1;0;0;573281.246015050448477;6021569.166725210845470;10.127089663000049;54.336694761000047
135015;01210921152013192021;01;0;03;000;2021;09;11;3;3;1;1;0;1;1;1;0;0;0;0;610443.707605981267989;5970645.004893308505416;10.679833901000052;53.872509366000031
135016;01210901145013422021;01;0;58;043;2021;09;11;4;3;5;2;0;0;1;1;0;0;0;0;554081.364575967192650;6036221.695022633299232;9.834498775000043;54.470764170000052
135017;01211201171013142021;01;0;60;039;2021;12;21;4;3;9;1;2;2;0;1;0;0;0;0;564417.714487067423761;5962115.000219756737351;9.978149426000073;53.803606987000080
135018;01211029125013452021;01;0;54;164;2021;10;07;6;3;0;7;0;0;1;0;0;0;0;0;472105.789420506916940;6060277.121281491592526;8.567277103000038;54.689059507000081
135019;01210917171013832021;01;0;56;015;2021;09;11;6;3;2;6;0;0;0;1;0;0;0;0;543499.357845291495323;5955802.401851942762733;9.659653622000064;53.749041281000075
135020;01210824181013542021;01;0;51;044;2021;08;12;3;3;5;3;0;0;1;1;0;0;0;0;506405.410683975555003;6005211.537490556016564;9.098177810000038;54.194903626000041
135021;01211122161013862021;01;0;62;060;2021;11;17;2;3;5;3;2;0;0;1;0;0;0;0;582966.807091759517789;5929618.511240821331739;10.251064120000024;53.508957129000066
135022;01211203181013282021;01;0;51;044;2021;12;07;6;3;0;7;1;1;0;0;0;0;0;1;505667.526180366985500;6005605.689019130542874;9.086875459000055;54.198454792000064
135023;01211023171013652021;01;0;56;041;2021;10;10;7;3;5;3;0;0;1;1;0;0;0;0;560019.209740745835006;5954098.577618829905987;9.909811002000026;53.732088405000070
135024;01210916125013462021;01;0;01;000;2021;09;07;5;3;5;3;0;0;1;1;0;0;0;0;528756.659359809942544;6070914.363619292154908;9.447153130000061;54.784603006000054
135025;01211215171013302021;01;0;60;044;2021;12;15;4;3;0;7;0;0;1;0;0;0;0;0;562915.133144052699208;5966085.993117380887270;9.956149221000032;53.839477927000075
135026;01210907125013192021;01;0;54;091;2021;09;16;3;2;0;7;0;0;1;0;0;0;0;0;490833.359101668000221;6038106.719836559146643;8.858488224000041;54.490503061000027
135027;01211108145013332021;01;0;58;022;2021;11;09;2;3;0;7;0;1;1;0;0;0;0;0;568087.034140823408961;6003860.412541458383203;10.043191549000028;54.178282919000083
135028;01211011161013862021;01;0;53;100;2021;10;09;2;2;0;6;0;1;1;1;0;0;0;0;616116.987299738451838;5951216.745030637830496;10.758763079000062;53.696727786000054
135029;01210829125013012022;01;0;01;000;2021;08;14;1;3;1;5;0;1;1;1;0;0;0;0;527033.927106407471001;6074217.699250474572182;9.420674412000039;54.814384113000074
135030;01211027171013612021;01;0;56;050;2021;10;17;4;3;5;3;1;1;0;1;0;1;0;0;548248.750431458465755;5936795.325568430125713;9.728717512000060;53.577793513000074
135031;01210906171013942021;01;0;56;044;2021;09;12;2;2;5;3;0;0;0;1;0;0;0;0;555202.719545511528850;5939670.953788815066218;9.834243156000070;53.602952693000077
135032;01210913145013362021;01;0;58;077;2021;09;04;2;3;0;1;2;0;1;0;0;0;0;0;542616.768811787478626;5993574.238902073353529;9.651534369000046;54.088587161000078
135033;01211119161013932021;01;0;53;012;2021;11;14;6;3;2;6;0;0;0;1;0;0;0;0;584818.905362035147846;5925264.371722040697932;10.277807760000030;53.469533396000031
135034;01211021145013762021;01;0;58;122;2021;10;16;5;3;8;1;0;1;0;0;0;0;0;1;551393.544007702730596;6019519.389636566862464;9.790139434000025;54.320948696000073
135035;01210928134013372021;01;0;02;000;2021;09;16;3;3;1;7;0;0;0;1;0;0;0;0;574109.213980257511139;6021551.510205676779151;10.139816919000054;54.336416514000064
135036;01211104181013642021;01;0;61;046;2021;11;13;5;3;0;1;0;1;1;0;0;0;0;0;533646.876319538801908;5975590.212015327066183;9.512418115000060;53.927619298000081
135037;01211007152013972021;01;0;55;032;2021;10;13;5;3;0;7;0;0;1;0;0;0;0;0;623550.809471018612385;5996076.101422609761357;10.889393336000069;54.098004171000071
135038;01210825181013082022;01;0;61;083;2021;08;09;4;3;0;7;0;1;1;0;0;0;0;0;535800.194244475103915;5979805.172208109870553;9.545704301000058;53.965357254000082
135039;01211124145013702021;01;0;58;043;2021;11;05;4;2;5;2;2;1;1;0;0;0;0;0;553998.207427525892854;6036632.439556537196040;9.833290789000046;54.474464077000050
135040;01211206152013402021;01;0;03;000;2021;12;14;2;3;5;3;0;1;1;1;0;0;0;0;610337.844534300267696;5970527.488682953640819;10.678182222000032;53.871476089000055
135041;01210904181013622021;01;0;61;045;2021;09;11;7;3;5;2;0;0;1;1;0;0;0;0;528805.103197753429413;5980573.838839670643210;9.439154248000023;53.972702723000054
135042;01210910161013352021;01;0;53;003;2021;09;18;6;3;0;1;0;1;1;0;0;0;0;0;587085.633415346965194;5931756.719966506585479;10.313749138000048;53.527505692000034
135043;01211117134013412021;01;0;02;000;2021;11;12;4;3;5;3;0;1;1;1;0;0;0;0;569711.027637737803161;6017610.179738670587540;10.071264747000043;54.301620144000026
135044;01211018171013912021;01;0;60;002;2021;10;10;2;3;4;6;0;1;0;0;0;0;0;1;559452.799032020382583;5961305.702431375160813;9.902614293000056;53.796924841000077
135045;01210923152013592021;01;0;03;000;2021;09;13;5;3;5;3;0;0;1;1;0;0;0;0;607075.670939551666379;5968770.167198702692986;10.627975416000027;53.856370762000040
135046;01211102171013492021;01;0;60;044;2021;11;10;3;3;6;2;0;0;0;1;1;0;0;0;563375.424611200578511;5965783.753491479903460;9.963081060000036;53.836705790000053
135047;01211002152013922021;01;0;55;021;2021;10;17;7;3;0;7;0;0;1;0;0;0;0;0;628583.440778789110482;6027210.367336582392454;10.979650273000061;54.376426735000052
135048;01210920134013892021;01;0;57;084;2021;09;17;2;3;4;6;0;0;1;1;0;0;0;0;586234.403962327167392;6005865.697503596544266;10.321736945000055;54.193572433000043
135049;01210823171013422021;01;0;60;012;2021;08;17;2;3;4;6;0;0;0;1;0;0;0;1;580776.238099925220013;5992902.896701432764530;10.234631209000042;54.077982316000032
135050;01211121152013142021;01;0;03;000;2021;11;16;1;2;0;7;2;0;1;0;0;0;0;0;623046.572951926849782;5981463.481195574626327;10.875767269000050;53.966859305000071
135051;01211202145013692021;01;0;58;058;2021;12;07;5;3;5;3;0;0;1;1;0;0;0;0;563342.569750066846609;6029548.979451175779104;9.975955171000066;54.409732509000037
135052;01211022134013122021;01;0;57;066;2021;10;16;6;3;5;3;0;1;0;1;0;1;0;0;581942.542094101198018;6016503.198549685999751;10.258879173000025;54.289858154000058
135053;01210907145013042021;01;0;58;135;2021;09;16;3;3;0;6;0;0;1;1;0;0;0;0;542256.855663333088160;6020205.118090948089957;9.649777505000031;54.327949317000048
135054;01211109161013992021;01;0;62;060;2021;11;12;3;3;5;3;2;1;0;1;0;0;0;0;582641.693563853390515;5934497.377120066434145;10.247450941000068;53.552852228000063
135055;01211011134013782021;01;0;02;000;2021;10;17;2;3;4;6;0;0;1;0;0;0;0;1;573558.884660913608968;6019452.369866734370589;10.130836961000057;54.317633964000038
135056;01210831125013302021;01;0;01;000;2021;08;09;3;3;5;2;0;0;1;1;0;0;0;0;529514.322435362264514;6071592.484978523105383;9.459003051000025;54.790652924000028
135057;01211129171013822021;01;0;56;015;2021;11;15;2;3;5;2;1;1;1;1;0;0;0;0;542515.190000002272427;5956916.022999774664640;9.644883379000021;53.759131395000054
135058;01211029125013922021;01;0;54;088;2021;10;07;6;3;6;3;2;0;0;1;1;0;0;0;490071.215294436551630;6071682.840387910604477;8.845583244000068;54.792234743000051