OBJECTID;UIDENTSTLAE;ULAND;UREGBEZ;UKREIS;UGEMEINDE;UJAHR;UMONAT;USTUNDE;UWOCHENTAG;UKATEGORIE;UART;UTYP1;ULICHTVERH;USTRZUSTAND;IstRad;IstPKW;IstFuss;IstKrad;IstGkfz;IstSonstige;LINREFX;LINREFY;XGCSWGS84;YGCSWGS84
135380;01211018134013542022;01;0;57;051;2021;10;19;2;3;5;2;2;0;0;1;0;1;0;0;577498.436863303184509;6022985.090945085510612;10.192304503000059;54.348794354000063
135381;01210924125013362021;01;0;59;075;2021;09;11;6;3;6;7;0;1;0;1;1;0;0;0;536349.883437100797892;6041031.271503515541553;9.561504528000057;54.515565823000031
135382;01211101181013602021;01;0;51;046;2021;11;06;2;2;8;7;2;1;0;1;0;0;0;0;502859.038472627289593;5981076.814260432496667;9.043593489000045;53.978017964000060
135383;01211002145013682021;01;0;58;043;2021;10;09;7;3;2;6;0;1;0;1;0;1;0;0;554533.847989369183779;6036917.746804151684046;9.841608348000022;54.476970654000070
135384;01210826145013662021;01;0;04;000;2021;08;13;5;3;5;2;0;0;1;0;0;0;1;0;564246.252950390800834;5988398.362885747104883;9.981069048000052;54.039829514000076
135385;01211125125013452021;01;0;54;078;2021;11;09;5;3;0;7;0;0;1;0;0;0;0;0;463887.823999999091029;6096914.328999850898981;8.435216958000069;55.017766829000038
135386;01211207171013272022;01;0;56;018;2021;12;11;3;3;5;2;0;1;1;1;0;0;0;0;555739.450155804865062;5941247.850692434236407;9.842635577000067;53.617068291000066
135387;01211025161013332021;01;0;62;001;2021;10;08;2;3;6;4;0;0;0;1;1;0;0;0;581653.021605468355119;5947477.348809806630015;10.235933025000065;53.669650354000055
135388;01210901171013892021;01;0;60;044;2021;09;06;4;3;5;3;0;0;1;0;0;0;0;0;563476.307375435717404;5965698.128374433144927;9.964596196000059;53.835923973000035
135389;01211216145013022021;01;0;58;034;2021;12;17;5;3;5;3;1;0;0;1;0;0;0;0;544025.547000000253320;6018714.450999809429049;9.676752439000040;54.314403470000059
135390;01210908171013272021;01;0;60;063;2021;09;16;4;3;3;6;0;0;1;0;0;0;0;0;565651.593978296034038;5955248.421552198007703;9.995420999000032;53.741743481000071
135391;01211112152013612021;01;0;03;000;2021;11;16;6;3;1;5;1;0;0;1;0;0;0;1;609818.382898366078734;5969939.151917934417725;10.670074560000046;53.866300479000074
135392;01211013125013782021;01;0;59;138;2021;10;11;4;3;9;7;0;0;1;0;0;0;0;0;524792.766356261447072;6051238.192030655220151;9.383845291000057;54.607991201000061
135393;01210922161013742021;01;0;62;001;2021;09;11;4;3;0;1;0;0;0;1;0;1;0;0;580864.552502798847854;5944178.645955910906196;10.223142981000024;53.640129491000039
135394;01210901161013192021;01;0;53;004;2021;09;07;4;3;0;3;0;0;0;1;0;1;0;0;617908.559325320646167;5953240.278585743159056;10.786654833000057;53.714505822000035
135395;01211201152013932021;01;0;55;046;2021;12;17;4;3;4;6;2;1;0;1;0;0;0;0;639045.230706051923335;6037244.597460065037012;11.145301146000065;54.463796725000066
135396;01211028161013672021;01;0;53;032;2021;10;17;5;3;6;6;0;0;0;0;1;0;0;1;595685.169735918752849;5919006.807668428868055;10.439553637000074;53.411441171000035
135397;01210917145013152021;01;0;04;000;2021;09;10;6;3;6;2;0;0;0;1;1;0;0;0;564603.613067139871418;5991642.230329001322389;9.987216134000050;54.068935895000038
135398;01210824152013252021;01;0;55;042;2021;08;16;3;3;3;6;0;0;1;0;0;0;0;1;617459.087139689363539;5984332.567274039611220;10.791742614000043;53.993933068000047
135399;01211122152013412021;01;0;03;000;2021;11;08;2;3;4;3;1;0;1;1;0;0;0;0;611668.592000049538910;5968818.158999729901552;10.697790425000051;53.855834550000054
135400;01211202145013332021;01;0;58;101;2021;12;13;5;2;9;1;0;2;0;1;0;0;0;0;545590.574033126235008;6005080.749094400554895;9.698733553000068;54.191741878000073
135401;01211025134013832021;01;0;02;000;2021;10;15;2;3;5;3;0;0;1;1;0;0;0;0;578950.586210154928267;6020663.978482162579894;10.214025451000055;54.327715518000048
135402;01211215145013382021;01;0;58;135;2021;12;12;4;3;0;2;0;0;1;1;0;0;0;0;544492.582269350066781;6017038.253239629790187;9.683681361000026;54.299299308000059
135403;01210907145013702021;01;0;58;053;2021;09;15;3;3;4;7;0;0;0;1;0;0;0;0;569218.130396136082709;6011743.932982025668025;10.062334896000038;54.248973333000038
135404;01211109171013602021;01;0;56;044;2021;11;07;3;3;5;3;1;0;1;1;0;0;0;0;555980.733880275860429;5940481.160401524975896;9.846144934000051;53.610151915000074
135405;01211008161013142021;01;0;53;032;2021;10;15;6;3;0;1;0;0;0;0;0;1;0;0;591227.295457812026143;5921598.950870079919696;10.373258473000021;53.435524182000051
135406;01210930161013672021;01;0;62;090;2021;09;20;5;3;3;6;2;0;1;0;0;0;0;0;575926.449516828171909;5948055.153215350583196;10.149414568000054;53.675705928000070
135407;01210901134013542021;01;0;57;029;2021;09;19;4;3;8;1;0;0;0;0;0;1;0;0;599857.040069347247481;6026717.335802150890231;10.537419346000036;54.378437939000037
135408;01211027171013282021;01;0;60;044;2021;10;08;4;3;5;3;0;0;1;1;0;0;0;0;563216.549444835633039;5965039.088872510939837;9.960513955000067;53.830032914000071
135409;01210930134013922021;01;0;57;091;2021;09;11;5;3;5;5;0;0;0;1;0;0;0;0;579372.492145146243274;6016308.592375984415412;10.219354022000061;54.288515124000071
135410;01210914171013652021;01;0;56;049;2021;09;11;3;3;5;2;0;0;0;1;0;0;0;0;544800.691000000573695;5948514.668999766930938;9.678331740000033;53.683431004000056
135411;01211119171013302021;01;0;56;002;2021;11;16;6;3;5;3;2;0;1;1;0;0;0;0;551149.728838816285133;5960181.221355263143778;9.776383948000046;53.787701106000043
135412;01211021125013792021;01;0;54;056;2021;10;11;5;3;5;2;0;1;1;1;0;0;0;0;503679.458999999798834;6037563.712999820709229;9.056795670000042;54.485692432000064
135413;01210926145013352021;01;0;58;171;2021;09;15;1;3;8;7;0;0;0;0;0;1;0;0;557366.508137320168316;6015364.408689452335238;9.881160350000073;54.282974121000052
135414;01211212145013052022;01;0;58;135;2021;12;15;1;3;2;6;1;1;0;1;0;0;0;0;542432.877356111072004;6018434.131111398339272;9.652232169000058;54.312019111000041
135415;01211105171013022021;01;0;56;015;2021;11;07;6;3;5;2;0;0;1;1;0;0;0;0;543916.148405010811985;5957764.527081344276667;9.666252697000061;53.766641276000030
135416;01211007134013752021;01;0;02;000;2021;10;07;5;3;2;6;0;0;0;1;0;0;0;0;574477.507000008597970;6018883.990999808534980;10.144814249000035;54.312393536000059
135417;01210829145013072021;01;0;58;137;2021;08;17;1;2;0;7;0;0;1;0;0;0;0;0;552461.667220966890454;6043542.458547094836831;9.810810383000046;54.536720422000030
135418;01211127125013422021;01;0;01;000;2021;11;15;7;3;0;7;0;1;1;0;0;0;0;0;527219.241299393586814;6069885.458860548213124;9.423151188000077;54.775442488000067
135419;01211210161013602021;01;0;62;009;2021;12;17;6;3;6;7;2;0;1;0;1;0;0;0;577161.481543748639524;5936229.390458265319467;10.165175968000028;53.569251401000031
135420;01210904152013932021;01;0;03;000;2021;09;08;7;3;6;7;0;0;0;0;1;0;0;1;611752.479295863769948;5968150.225253805518150;10.698822122000024;53.849815664000062
135421;01210911181013942021;01;0;51;017;2021;09;04;7;3;9;7;2;0;0;0;0;1;0;0;502427.883580897003412;5987553.707264287397265;9.037071110000056;54.036233866000032
135422;01211115145013152021;01;0;58;135;2021;11;12;2;3;5;2;0;0;1;1;0;0;0;0;540934.515000000596046;6018204.120999805629253;9.629171002000021;54.310074340000028
135423;01211019134013592021;01;0;02;000;2021;10;15;3;2;5;7;0;0;0;1;0;0;0;0;572671.883456137031317;6021607.516392104327679;10.117728797000041;54.337126519000037
135424;01210930125013302021;01;0;54;056;2021;09;16;5;3;1;5;0;1;0;1;0;0;0;0;502996.605489783920348;6037374.457231104373932;9.046253313000022;54.483996047000062
135425;01210923125013992021;01;0;01;000;2021;09;20;5;3;0;7;2;1;1;0;0;0;0;0;528623.416470505297184;6070490.510517163202167;9.445039510000072;54.780801679000035
135426;01211101145013962021;01;0;58;068;2021;11;02;2;3;8;7;2;1;0;1;0;0;0;0;535542.658852028660476;6003081.285122713074088;9.544509097000059;54.174566939000044
135427;01211004171013292021;01;0;60;063;2021;10;09;2;3;5;2;0;0;0;1;0;0;0;1;565365.559597731567919;5946932.413117852061987;9.989330171000063;53.667043289000048
135428;01210827145013982021;01;0;58;043;2021;08;17;6;3;1;5;0;0;1;1;0;0;0;0;554290.120378897525370;6036917.028674712404609;9.837847271000044;54.476990328000056
135429;01211125145013962021;01;0;58;022;2021;11;03;5;3;5;7;2;1;1;1;0;0;0;0;567511.842487265355885;6003350.878723731264472;10.034266122000076;54.173780146000070
135430;01211207171013272021;01;0;56;015;2021;12;09;3;3;2;6;0;1;0;1;0;0;0;0;544617.107780242338777;5955824.053835971280932;9.676605779000056;53.749141407000081
135431;01211025181013072021;01;0;61;046;2021;10;11;2;3;2;6;0;0;0;1;0;0;0;1;532504.916045433841646;5975861.859539235010743;9.495056489000035;53.930133716000057
135432;01210901161013112021;01;0;62;001;2021;09;13;4;3;5;2;0;0;1;1;0;0;0;0;581761.890243486501276;5946955.824857950210571;10.237443151000036;53.664946757000052
135433;01211216134013882022;01;0;57;057;2021;12;10;5;3;2;6;0;0;0;1;0;0;0;0;592263.189627353101969;6002112.107358615845442;10.412961396000071;54.158797705000040
135434;01210909161013022021;01;0;62;027;2021;09;10;5;3;8;7;0;0;1;0;0;0;0;0;586871.796077751554549;5951130.941241687163711;10.315927621000071;53.701640467000061
135435;01211113125013372022;01;0;59;023;2021;11;05;7;1;5;3;2;1;0;1;0;0;0;0;525507.542999999597669;6038688.116999823600054;9.393823314000031;54.495169633000046
135436;01211015125013782021;01;0;54;095;2021;10;09;6;2;4;6;0;1;0;1;0;0;0;0;497373.604321883991361;6021922.131062939763069;8.959597738000070;54.345123520000072
135437;01210831171013742021;01;0;60;063;2021;08;16;3;3;5;2;0;0;1;1;0;0;0;0;565668.864234399050474;5951363.515208380296826;9.994858323000074;53.706827748000080
135438;01211130152013012021;01;0;03;000;2021;11;08;3;3;5;3;1;1;1;1;0;0;0;0;610832.861538365483284;5970578.891429493203759;10.685726169000077;53.871832424000047
135439;01211030152013462021;01;0;03;000;2021;10;19;7;3;5;3;2;0;0;1;0;0;0;0;613217.056217908859253;5969901.422928033396602;10.721720988000072;53.865231371000050
135440;01210917181013052021;01;0;61;029;2021;09;17;6;3;0;7;0;0;1;1;0;0;0;0;527563.662538093514740;5960589.168406911194324;9.418430746000070;53.793151125000065
135441;01210825125013692021;01;0;59;075;2021;08;18;4;3;0;7;1;1;1;0;0;0;0;0;536726.706336816772819;6040746.905918113887310;9.567289665000033;54.512983149000036
135442;01211123134013222021;01;0;02;000;2021;11;07;3;3;5;3;1;1;1;1;0;0;0;0;577471.130064177326858;6021639.560884095728397;10.191534737000040;54.336708301000044
135443;01211204125013562021;01;0;01;000;2021;12;15;7;3;5;2;0;1;1;0;0;1;0;0;528863.070918307639658;6071031.782861405983567;9.448819410000056;54.785652082000070
135444;01211024171013032021;01;0;60;092;2021;10;12;1;3;5;3;0;0;1;1;0;0;0;0;579589.441573300398886;5978852.171696655452251;10.212817956000038;53.951909035000028
135445;01210916134013802021;01;0;02;000;2021;09;16;5;3;2;6;0;1;0;1;0;0;1;0;572522.182967972941697;6018982.725915923714638;10.114788790000034;54.313562174000026
135446;01210826134013992021;01;0;02;000;2021;08;08;5;3;5;3;0;0;1;1;0;0;0;0;575999.915228733792901;6017445.374877661466599;10.167844252000066;54.299242421000031
135447;01211126152013122021;01;0;03;000;2021;11;19;6;3;0;7;2;0;1;0;0;0;0;0;610338.155328407883644;5972186.985990043729544;10.678784218000033;53.886385345000065
135448;01211207134013652021;01;0;57;043;2021;12;17;3;3;2;2;1;0;0;1;0;0;0;0;580047.845447315834463;6028572.602501062676311;10.233020521000071;54.398605910000072
135449;01211026134013642021;01;0;02;000;2021;10;19;3;3;6;4;2;1;0;1;1;0;0;0;573550.017393959686160;6025688.452685128897429;10.132239906000052;54.373670464000043
135450;01210902152013522021;01;0;03;000;2021;09;19;5;3;5;7;1;0;0;1;0;0;0;0;611037.247807199135423;5968427.416429463773966;10.688054867000062;53.852459412000030
135451;01210909152013442021;01;0;55;042;2021;09;12;5;3;5;3;0;0;0;1;0;0;0;0;617828.638490835204720;5983874.218666892498732;10.797199394000074;53.989731347000031
135452;01211110152013482021;01;0;55;040;2021;11;16;4;3;5;2;1;0;0;0;0;1;1;0;607107.621000040322542;5972694.948999742045999;10.629831781000064;53.891626260000066
135453;01211013171013912021;01;0;56;015;2021;10;06;4;3;5;3;2;0;1;1;0;0;0;0;545003.506131839007139;5956553.294337728992105;9.682571189000043;53.755662350000080
135454;01210928171013952021;01;0;56;041;2021;09;11;3;3;5;3;0;0;0;1;0;0;0;1;562251.780474346131086;5953328.021254666149616;9.943493767000064;53.724901653000074
135455;01210921152013362021;01;0;55;042;2021;09;14;3;3;8;1;0;0;1;0;0;0;0;0;616358.631105564534664;5985472.394183350726962;10.775400763000050;54.004421820000061
135456;01210904125013102021;01;0;59;101;2021;09;16;7;2;0;7;0;0;1;0;0;0;0;0;529893.040311902761459;6068530.675766913220286;9.464577207000048;54.763115685000059
135457;01211130171013032021;01;0;56;039;2021;11;07;3;3;6;2;1;1;0;1;1;0;0;0;553406.874456465244293;5945897.291329065337777;9.808175384000037;53.659098498000048
135458;01211031161013192021;01;0;62;023;2021;10;15;1;3;0;7;0;0;1;0;0;0;0;0;584766.314928819425404;5945717.399051539599895;10.282564034000075;53.653339615000050
135459;01210823171013532021;01;0;60;047;2021;08;06;2;3;4;6;2;0;0;1;0;1;0;0;566079.517477709800005;5963351.582300920039415;10.003644261000034;53.814511509000056
135460;01211123152013562021;01;0;03;000;2021;11;08;3;3;0;7;0;1;1;0;0;0;0;1;611297.777573501691222;5970318.594605933874846;10.692699523000044;53.869394374000080
135461;01211203145013782021;01;0;58;009;2021;12;13;6;3;0;7;0;2;1;0;0;0;0;0;552000.819354506209493;5992911.365050733089447;9.794872028000043;54.081767689000060
135462;01211023171013772021;01;0;60;005;2021;10;14;7;3;2;2;0;0;0;1;0;1;0;0;586167.136381450109184;5976994.042244993150234;10.312499467000066;53.934159024000053
135463;01210916161013402021;01;0;53;090;2021;09;14;5;3;5;2;0;0;1;0;0;0;0;1;611354.361618251539767;5942986.933921735733747;10.683711002000052;53.623823867000056
135464;01211214161013082021;01;0;62;004;2021;12;07;3;3;0;1;1;1;1;0;0;0;0;0;588411.357684321701527;5961847.354802919551730;10.342308393000053;53.797677962000080
135465;01210908152013492021;01;0;03;000;2021;09;13;4;3;2;6;0;0;0;1;0;0;1;0;610971.998104019090533;5971945.151177691295743;10.688335900000027;53.884077439000066
135466;01211110134013032021;01;0;57;043;2021;11;19;4;3;0;3;2;1;1;1;0;0;0;0;579789.587026189081371;6029302.374834898859262;10.229239521000068;54.405203637000056
135467;01211009125013982021;01;0;54;056;2021;10;12;7;3;5;3;0;0;1;1;0;0;0;0;502778.211000000126660;6037405.060999821871519;9.042882632000044;54.484272332000046
135468;01210921152013112021;01;0;03;000;2021;09;11;3;3;0;3;0;1;0;1;0;0;0;1;610434.903755191713572;5969920.818261642009020;10.679439340000044;53.866004966000048
135469;01210901145013732022;01;0;58;092;2021;09;16;4;1;9;7;0;0;1;1;0;0;0;0;570724.578035834245384;6021713.455289803445339;10.087809486000026;54.338352118000046
135470;01211027171013352021;01;0;56;050;2021;10;07;4;3;5;2;1;0;1;1;0;0;0;0;547183.540368977002800;5936990.570085657760501;9.712660174000064;53.579645247000030
135471;01210920145013032021;01;0;58;043;2021;09;15;2;2;5;2;0;0;1;1;0;0;0;0;552392.042542553506792;6037880.483471794053912;9.808728767000048;54.485847688000035
135472;01210915145013082021;01;0;58;043;2021;09;14;4;3;2;6;0;1;0;1;0;0;0;0;554716.209248264320195;6037031.711600076407194;9.844443445000024;54.477975142000048
135473;01211118171013922021;01;0;56;044;2021;11;08;5;3;2;6;0;1;0;1;0;0;0;0;554528.639995919540524;5938372.726216204464436;9.823830352000073;53.591355325000052
135474;01211022125013802021;01;0;01;000;2021;10;19;6;3;6;6;2;1;1;0;1;0;0;0;528135.755228480324149;6070684.162099525332451;9.437476337000021;54.782569498000043
135475;01210928125013212021;01;0;54;056;2021;09;15;3;3;5;3;0;0;1;1;0;0;0;0;504031.028579350560904;6037139.630925087258220;9.062216665000051;54.481878456000061
135476;01211210171013132021;01;0;56;015;2021;12;08;6;2;6;4;1;1;0;1;1;0;0;0;543456.458540172316134;5954271.807432627305388;9.658787919000076;53.735288319000063
135477;01211105145013382021;01;0;58;043;2021;11;11;6;3;0;7;0;0;1;0;0;0;0;0;554108.618775051087141;6033902.818000951781869;9.834495228000037;54.449923206000051
135478;01211007171013572021;01;0;56;050;2021;10;07;5;3;5;3;0;0;1;1;0;0;0;0;546669.497144744731486;5936346.651088133454323;9.704800451000040;53.573903777000055
135479;01210830152013392021;01;0;55;046;2021;08;13;2;3;0;7;0;0;1;0;0;0;0;0;642754.724817874841392;6034241.629043171182275;11.201040322000040;54.435799201000066
135480;01211127161013982022;01;0;62;004;2021;11;18;7;3;0;7;2;1;1;0;0;0;0;0;590423.450006771832705;5962932.917913204059005;10.373166220000030;53.807086683000080
135481;01211213145013652021;01;0;58;134;2021;12;07;2;2;8;1;2;1;0;0;0;1;0;0;540503.155628786422312;5996010.702210210263729;9.619549395000035;54.110654864000082
135482;01210905161013002021;01;0;62;006;2021;09;09;1;3;1;5;0;0;0;1;0;0;0;0;582934.501851826906204;5954206.248123371973634;10.257125766000058;53.729915919000064
135483;01210910161013462021;01;0;53;109;2021;09;15;6;3;0;7;0;0;1;0;0;0;0;0;597379.173975251615047;5950885.133701164275408;10.474960479000060;53.697578109000062
135484;01211117152013312021;01;0;03;000;2021;11;14;4;3;5;3;0;1;1;1;0;0;0;0;611758.313004089519382;5967855.798329262062907;10.698803627000075;53.847169221000058
135485;01211018171013112021;01;0;56;050;2021;10;13;2;3;3;6;0;0;1;0;0;0;0;1;547390.473634371533990;5938313.658504789695144;9.715986384000075;53.591518297000050
135486;01210923171013952021;01;0;60;089;2021;09;20;5;3;5;3;2;1;0;1;0;0;0;0;579956.803796942345798;5988847.114300614222884;10.221040159000040;54.041665794000039
135487;01211102181013992021;01;0;61;046;2021;11;13;3;3;0;7;0;0;1;0;0;0;0;0;533120.930855348706245;5976608.640593415126204;9.504519076000065;53.936806502000081
135488;01211003145013672021;01;0;58;043;2021;10;22;1;3;8;1;2;1;0;1;0;0;0;0;554101.648447378538549;6037724.962897203862667;9.835086876000048;54.484270743000081
135489;01210919181013152021;01;0;51;097;2021;09;19;1;3;0;7;1;0;1;0;0;0;0;0;507480.278528118506074;5982037.242852315306664;9.114079810000021;53.986604009000075
135490;01210824171013282021;01;0;60;073;2021;08;22;3;3;3;6;2;0;1;0;0;0;0;0;564916.932864707894623;5970812.766401689499617;9.987566421000054;53.881710196000029
135491;01211123171013352021;01;0;60;039;2021;11;20;3;3;1;5;2;0;0;1;0;0;0;0;566025.586444853805006;5960738.091408872976899;10.002264956000033;53.791031341000064
135492;01211207181013992021;01;0;61;056;2021;12;11;3;3;2;6;0;1;0;1;0;0;0;0;531474.410853659734130;5970546.120155457407236;9.478815600000075;53.882420873000058
135493;01211022145013632021;01;0;04;000;2021;10;13;6;3;1;5;0;1;1;1;0;0;0;0;563990.157551250420511;5992344.717837985605001;9.977991722000070;54.075325354000029
135494;01211216145013522021;01;0;04;000;2021;12;12;5;3;6;4;0;0;0;0;1;0;0;1;565455.605309682898223;5991680.331544172018766;10.000241590000030;54.069170755000073
135495;01210909125013692021;01;0;54;149;2021;09;16;5;2;0;7;0;0;0;1;1;0;0;0;456891.865240073762834;6087931.299140295013785;8.327161150000052;54.936489891000065
135496;01211111125013202021;01;0;59;075;2021;11;11;5;2;3;6;0;1;1;1;0;0;0;0;535092.563000001944602;6042650.504999823868275;9.542276187000027;54.530206048000082
135497;01211012171013102021;01;0;56;050;2021;10;14;3;3;6;4;0;1;1;0;1;0;0;0;546580.953781172633171;5937044.923186963424087;9.703567577000058;53.580187630000069
135498;01210921171013372021;01;0;60;069;2021;09;09;3;3;7;7;0;1;0;0;0;1;0;0;589149.009632371366024;5979269.560822149738669;10.358569922000072;53.954100823000033
135499;01210831161013292021;01;0;62;006;2021;08;08;3;3;5;3;0;0;1;1;0;0;0;0;583644.179825208149850;5953414.861267715692520;10.267666269000074;53.722691103000045
135500;01211201181013242021;01;0;61;042;2021;12;12;4;3;0;7;0;1;0;0;0;0;0;1;540414.738467527553439;5981075.567487606778741;9.616208242000027;53.976434835000077
135501;01211029171013242021;01;0;56;041;2021;10;15;6;3;6;4;0;0;0;1;1;0;0;0;559463.502517782151699;5953956.036592982709408;9.901360971000031;53.730871009000055
135502;01210917152013042021;01;0;55;032;2021;09;09;6;3;6;4;0;0;0;1;1;0;0;0;621697.806821194477379;5995242.743409628048539;10.860737880000045;54.090959539000039
135503;01210920171013372021;01;0;56;048;2021;09;12;2;3;2;7;0;0;0;1;0;0;1;0;551180.357395937666297;5951246.300043107941747;9.775368830000048;53.707395737000070
135504;01210913152013722021;01;0;03;000;2021;09;19;2;3;5;3;0;0;1;1;0;0;0;0;610613.744431539438665;5969956.069311935454607;10.682170479000035;53.866283591000069
135505;01211118152013032021;01;0;03;000;2021;11;10;5;3;6;4;0;1;0;0;1;0;0;1;610997.646944379433990;5970139.703520193696022;10.688072370000043;53.867851451000035
135506;01211022125013392021;01;0;59;120;2021;10;12;6;3;5;3;0;1;1;1;0;0;0;0;525351.793814189732075;6073444.180478684604168;9.394431763000057;54.807520782000040
135507;01210918125013602021;01;0;01;000;2021;09;05;7;3;0;7;2;1;1;0;0;0;0;0;527094.495806440711021;6072811.905698729678988;9.421485383000061;54.801747730000045
135508;01211214161013632021;01;0;53;090;2021;12;14;3;3;2;6;0;1;0;1;0;0;0;0;611519.262886696495116;5942914.513296479359269;10.686177231000045;53.623138107000045
135509;01210907171013082021;01;0;56;036;2021;09;18;3;3;0;7;0;0;1;0;0;0;0;0;543372.880791194736958;5946835.569056212902069;9.656480026000054;53.668460038000035
135510;01211107145013822021;01;0;58;138;2021;11;00;1;2;9;1;2;1;0;1;0;0;0;0;565642.724000004120171;6014984.622999805957079;10.008180842000058;54.278565617000027
135511;01211009171013392021;01;0;60;063;2021;10;12;7;3;5;3;0;0;1;1;0;0;0;0;566280.295192347839475;5953380.071253214031458;10.004551446000050;53.724873196000033
135512;01210928171013462021;01;0;60;063;2021;09;15;3;3;4;6;0;0;1;0;0;0;0;0;564932.297338278964162;5949608.129088314250112;9.983333631000050;53.691144143000031
135513;01210830125013882022;01;0;59;045;2021;08;14;2;3;5;3;0;0;1;1;0;0;0;0;560681.804729972966015;6057384.676634198054671;9.940700215000049;54.660185842000033
135514;01211028152013532021;01;0;55;044;2021;10;16;5;3;7;7;0;0;0;0;0;1;0;0;613877.769137374125421;5990190.477961173281074;10.739335422000067;54.047360813000068
135515;01210906171013912021;01;0;56;050;2021;09;17;2;3;0;7;0;0;1;0;0;0;0;0;543580.656929079443216;5937431.196589207276702;9.658307865000040;53.583917331000066
135516;01210910134013552021;01;0;57;091;2021;09;18;6;3;5;3;0;1;1;0;0;0;0;0;578630.919621318578720;6016270.002900913357735;10.207954337000047;54.288283002000071
135517;01211114161013772021;01;0;62;001;2021;11;00;1;2;8;7;2;1;1;0;0;0;0;0;581461.541065381839871;5948541.936601497232914;10.233314863000032;53.679246957000032
135518;01211017161013062021;01;0;53;028;2021;10;15;1;3;0;7;0;1;1;0;0;0;0;0;587205.858207488432527;5925581.223183769732714;10.313845223000044;53.471990864000077
135519;01210928152013322021;01;0;55;004;2021;09;18;3;2;6;4;0;0;0;1;1;0;0;0;609739.099450239911675;5974106.785754704847932;10.670361800000023;53.903760400000067
135520;01210925171013442021;01;0;60;004;2021;09;04;7;3;8;1;2;1;0;1;0;0;0;0;558343.374000001698732;5974617.710999784991145;9.888303423000025;53.916686165000044
135521;01211104171013952021;01;0;60;027;2021;11;07;5;2;9;1;1;1;0;1;0;0;0;0;564031.967000003904104;5981673.836999785155058;9.976381559000060;53.979425572000082
135522;01211006171013082021;01;0;56;015;2021;10;09;4;3;6;7;0;0;0;1;1;0;0;0;543119.668202302418649;5956179.370932949706912;9.653948784000022;53.752460916000075
135523;01210827125013902021;01;0;54;138;2021;08;19;6;3;2;6;0;0;1;1;0;0;0;0;496933.612152118235826;6019452.355150034651160;8.952854669000033;54.322924169000032
135524;01211124152013082021;01;0;03;000;2021;11;15;4;3;1;5;1;0;0;1;0;0;0;1;610728.653709172271192;5969998.381440810859203;10.683932414000026;53.866639234000047
135525;01211206181013852021;01;0;61;046;2021;12;08;2;3;2;2;1;2;0;1;0;0;0;0;533606.190755791962147;5977867.370456917211413;9.512049066000031;53.948088247000044
135526;01211215161013912021;01;0;53;116;2021;12;16;4;3;5;3;1;0;1;1;0;0;0;0;597936.619000026024878;5929187.590999742969871;10.476584660000071;53.502510180000058
135527;01210907161013422021;01;0;53;012;2021;09;16;3;3;0;7;0;0;1;0;0;0;0;0;585300.553202348761261;5925987.554906366392970;10.285258215000056;53.475954447000049
135528;01211108152013762021;01;0;55;012;2021;11;07;2;3;2;6;1;1;1;1;0;0;0;0;605342.832152634859085;6000079.998135332018137;10.612477099000046;54.138024715000029
135529;01211011171013142021;01;0;56;039;2021;10;14;2;2;0;7;0;1;0;0;0;1;0;0;553503.730749890208244;5945589.324676444754004;9.809587855000075;53.656320737000044
135530;01210921152013082021;01;0;03;000;2021;09;16;3;3;5;7;0;0;1;1;0;0;0;0;610663.439258746802807;5970607.490342672914267;10.683160866000037;53.872125518000075
135531;01210830161013942021;01;0;53;012;2021;08;17;2;3;5;2;0;0;1;1;0;0;0;0;585471.746230108663440;5927221.124554833397269;10.288172736000035;53.487012065000044
135532;01211028125013622021;01;0;54;056;2021;10;16;5;3;5;3;0;0;1;0;0;0;0;0;503641.764725290238857;6037553.508121866732836;9.056213701000047;54.485600991000069
135533;01210914145013092021;01;0;58;108;2021;09;07;3;3;0;7;0;0;1;0;0;0;0;0;566062.551000005565584;6001386.822999797761440;10.011636506000059;54.156319206000035
135534;01211118152013262021;01;0;55;042;2021;11;07;5;3;5;3;1;1;1;1;0;0;0;0;620307.475708541460335;5984046.668181307613850;10.835055194000063;53.990709366000033
135535;01211021145013862021;01;0;58;135;2021;10;17;5;3;6;7;0;1;0;0;1;0;0;1;542707.376751705072820;6016315.995254250243306;9.656148386000041;54.292960811000057
135536;01210928152013812021;01;0;03;000;2021;09;18;3;3;5;3;0;0;1;1;0;0;0;0;618325.591000064276159;5975424.689999695867300;10.801499534000072;53.913711151000030
135537;01210926152013902021;01;0;03;000;2021;09;10;1;3;1;7;0;0;1;1;0;0;0;0;611204.533838177099824;5969858.028898252174258;10.691115137000054;53.865276546000075
135538;01211103152013062021;01;0;03;000;2021;11;16;4;3;5;3;0;0;1;1;0;0;0;0;610491.126839850097895;5966981.831616632640362;10.679236379000031;53.839588342000070
135539;01211005125013712021;01;0;59;090;2021;10;01;3;3;0;7;2;1;0;0;0;0;0;1;541365.128950786776841;6048185.363285012543201;9.639976570000044;54.579471846000047
135540;01210826152013702021;01;0;55;033;2021;08;19;5;3;8;1;0;1;0;1;0;0;0;0;622762.785097104497254;6018357.857307022437453;10.886446571000022;54.298344563000057