OBJECTID;UIDENTSTLAE;ULAND;UREGBEZ;UKREIS;UGEMEINDE;UJAHR;UMONAT;USTUNDE;UWOCHENTAG;UKATEGORIE;UART;UTYP1;ULICHTVERH;USTRZUSTAND;IstRad;IstPKW;IstFuss;IstKrad;IstGkfz;IstSonstige;LINREFX;LINREFY;XGCSWGS84;YGCSWGS84
135541;01211125125013352022;01;0;01;000;2021;11;16;5;3;5;3;2;1;0;1;0;0;0;0;530141.902959590777755;6069241.721661373972893;9.468518525000036;54.769490604000055
135542;01211207161013892021;01;0;62;004;2021;12;18;3;3;6;4;2;1;0;1;1;0;0;0;590736.268941370770335;5962865.441393606364727;10.377895279000029;53.806425895000075
135543;01210906145013442021;01;0;58;135;2021;09;19;2;3;5;3;0;0;0;1;0;0;0;1;545200.589000001549721;6017412.146999808028340;9.694616410000037;54.302597269000046
135544;01210910171013792021;01;0;56;015;2021;09;14;6;3;7;7;0;0;1;0;0;0;0;0;545352.872426025569439;5955461.171994179487228;9.687709300000051;53.745816455000067
135545;01211115161013912021;01;0;62;053;2021;11;09;2;3;5;3;0;0;0;1;0;0;0;0;576482.690000007860363;5933920.543999759480357;10.154363144000058;53.548601746000031
135546;01211016145013862021;01;0;58;043;2021;10;18;7;3;6;7;1;1;0;1;1;0;0;0;554365.225941572338343;6035977.342374196276069;9.838833438000052;54.468538039000066
135547;01210924134013732021;01;0;57;048;2021;09;13;6;3;0;7;0;0;0;0;0;0;0;1;603792.160000035539269;6017203.126999773085117;10.594668005000074;54.292176510000047
135548;01211102171013542021;01;0;56;039;2021;11;13;3;3;8;7;0;0;1;0;0;0;0;0;552799.167827802710235;5946546.340633846819401;9.799090638000052;53.664993570000036
135549;01211003134013732021;01;0;57;035;2021;10;04;1;3;9;1;2;0;0;1;0;0;0;0;602233.285682737827301;6016365.618770765140653;10.570441088000052;54.284966464000036
135550;01210920125013052021;01;0;01;000;2021;09;00;2;3;0;1;2;0;0;0;0;0;0;1;528323.198588305152953;6070715.005178952589631;9.440393767000046;54.782836126000063
135551;01210920171013982021;01;0;56;048;2021;09;14;2;3;8;7;0;0;0;1;0;0;0;0;547453.188352729193866;5950051.267678858712316;9.718725261000031;53.697007293000070
135552;01210824125013712021;01;0;54;168;2021;08;12;3;3;0;7;0;0;1;0;0;0;0;0;455636.229591649957001;6085000.646850258111954;8.308016650000070;54.910045366000077
135553;01211121171013412021;01;0;56;041;2021;11;12;1;3;9;7;0;0;0;1;0;0;0;0;563321.787939700298011;5957628.673459671437740;9.960589569000035;53.763423016000047
135554;01211202152013042021;01;0;55;040;2021;12;14;5;2;6;6;0;0;0;1;1;0;0;0;608224.569255679845810;5974263.702163210138679;10.647374877000061;53.905488606000063
135555;01211024152013122021;01;0;55;002;2021;10;17;1;2;0;1;0;0;0;1;0;0;0;0;615700.280913651920855;6000144.538673030212522;10.770962817000054;54.136377349000043
135556;01211216134013082021;01;0;02;000;2021;12;15;5;3;2;6;0;0;0;1;0;0;0;0;575056.018210848793387;6019251.451363714411855;10.153797093000037;54.315610697000068
135557;01210909145013312021;01;0;58;066;2021;09;17;5;3;0;7;0;0;0;0;0;1;0;0;550200.135801315307617;6030537.291135607287288;9.773652517000073;54.420080292000080
135558;01211110181013322021;01;0;51;011;2021;11;18;4;3;5;3;2;1;0;1;0;0;0;0;508867.654115812852979;5972081.313664117828012;9.134949153000036;53.897098373000063
135559;01211015125013182021;01;0;54;014;2021;10;06;6;3;8;6;2;1;0;0;0;0;0;1;500880.472708101384342;6054370.524078842252493;9.013641193000069;54.636749086000066
135560;01210921171013862021;01;0;56;039;2021;09;17;3;3;5;3;0;1;1;1;0;0;0;0;551425.950554165989161;5946529.856638645753264;9.778307046000066;53.664982286000054
135561;01210831181013982021;01;0;61;046;2021;08;07;3;3;6;7;0;0;1;0;1;0;0;0;533407.047207705676556;5976686.036364402621984;9.508885658000054;53.937483725000050
135562;01211130152013912021;01;0;03;000;2021;11;09;3;3;5;2;0;1;1;1;0;0;0;0;609322.991220678202808;5969379.979776855558157;10.662345122000033;53.861381259000041
135563;01211029145013602021;01;0;58;043;2021;10;10;6;3;8;1;0;1;1;0;0;0;0;0;554609.557703455910087;6036948.530297232791781;9.842782306000061;54.477239142000030
135564;01210913171013622021;01;0;56;050;2021;09;09;2;3;5;3;0;0;1;1;0;0;0;0;547703.404041976667941;5936727.782517315819860;9.720471356000076;53.577236328000026
135565;01211120152013862022;01;0;55;016;2021;11;21;7;3;5;3;2;1;0;1;0;0;0;0;627773.398000092245638;6002121.053999627009034;10.956483303000027;54.151272067000036
135566;01211021171013782021;01;0;56;049;2021;10;14;5;3;5;3;0;1;0;0;1;0;0;1;544304.556160705164075;5948332.374842185527086;9.670794245000025;53.681834889000072
135567;01210927145013162021;01;0;58;053;2021;09;19;2;3;8;1;2;1;0;1;0;0;0;0;570684.607362910173833;6011424.957632983103395;10.084762227000056;54.245906628000057
135568;01211215161013722021;01;0;53;032;2021;12;13;4;3;1;5;0;0;0;1;0;0;0;0;590643.820547965355217;5922288.790642442181706;10.364676717000066;53.441823861000046
135569;01211104152013712021;01;0;55;044;2021;11;07;5;3;0;7;1;1;1;0;0;0;0;0;609484.577193707227707;5989791.297630727291107;10.672123278000072;54.044726048000030
135570;01211007134013862021;01;0;02;000;2021;10;07;5;3;6;4;0;0;1;0;1;0;0;0;574100.962360960431397;6019092.208960924297571;10.139079224000056;54.314319292000050
135571;01210828125013252021;01;0;59;075;2021;08;19;7;3;2;2;1;1;0;1;0;0;0;0;536941.657575492747128;6041386.673673387616873;9.570689819000052;54.518716929000050
135572;01211027171013432021;01;0;60;063;2021;10;15;4;3;0;3;0;1;1;1;0;0;0;0;566119.178319630213082;5952461.781485682353377;10.001913771000034;53.716641004000053
135573;01210906134013912021;01;0;02;000;2021;09;16;2;3;1;5;0;0;1;1;0;0;0;0;577156.968759596347809;6016862.712760435417295;10.185469389000048;54.293833458000051
135574;01210912152013702021;01;0;55;002;2021;09;01;1;3;6;6;2;0;0;1;1;0;0;0;616236.673828719183803;5999590.501773161813617;10.778955403000055;54.131279203000076
135575;01211117125013472021;01;0;59;120;2021;11;19;4;3;0;7;2;1;1;0;0;0;0;0;525569.433546745218337;6073185.312829621136189;9.397794934000046;54.805183420000048
135576;01211016125013822021;01;0;59;183;2021;10;13;7;3;8;1;0;0;0;0;0;1;0;0;528795.405000001192093;6065517.348999837413430;9.447220589000040;54.736100491000059
135577;01210925152013982021;01;0;55;015;2021;09;23;7;3;8;7;2;0;0;0;0;0;0;1;627342.175614355131984;6019149.900188392028213;10.957109152000044;54.304338151000081
135578;01211102145013312021;01;0;58;043;2021;11;13;3;3;8;6;0;0;1;0;0;0;0;0;554726.672815985977650;6037052.087442815303802;9.844608684000036;54.478157116000034
135579;01211002171013052021;01;0;60;039;2021;10;11;7;3;5;3;0;0;0;1;0;0;0;0;564450.792714972048998;5961679.529391054064035;9.978560492000042;53.799689355000055
135580;01210826125013632021;01;0;54;091;2021;08;11;5;3;0;1;0;0;1;0;0;0;0;0;488399.988245298154652;6037645.090702839195728;8.820940906000033;54.486304531000030
135581;01211126171013702021;01;0;60;063;2021;11;08;6;3;6;3;0;1;0;0;1;0;1;0;564854.188000002875924;5954295.857999769970775;9.983132749000049;53.733282598000073
135582;01211208134013272021;01;0;57;062;2021;12;15;4;3;5;3;0;0;1;0;0;0;0;0;583291.063781650736928;6010075.276565227657557;10.277803363000032;54.231883455000059
135583;01210903171013522021;01;0;60;063;2021;09;07;6;2;0;6;0;0;1;0;0;0;0;1;565787.691537181846797;5953840.453736174851656;9.997184639000068;53.729072986000062
135584;01210909125013992021;01;0;01;000;2021;09;15;5;2;6;7;0;0;0;1;1;0;0;0;530534.253520240075886;6071500.517276410013437;9.474854610000023;54.789765432000081
135585;01211113171013792021;01;0;60;063;2021;11;21;7;2;5;3;2;0;1;1;0;0;0;0;566990.411560029722750;5951295.372760802507401;10.014861104000033;53.706047451000074
135586;01211012181013632022;01;0;61;046;2021;10;11;3;3;2;6;0;0;1;0;0;0;0;0;532966.743699337355793;5976371.618260171264410;9.502144921000024;53.934686066000040
135587;01211129171013852021;01;0;56;015;2021;11;05;2;3;8;1;2;2;0;1;0;0;0;0;542831.683046704158187;5955877.006560720503330;9.649539616000027;53.749767098000063
135588;01211030171013132021;01;0;60;063;2021;10;11;7;3;5;2;0;0;1;0;0;1;0;0;565235.737449190579355;5952168.876301690936089;9.988467347000039;53.714119842000059
135589;01210917171013472021;01;0;56;050;2021;09;10;6;3;5;3;0;0;0;1;0;1;0;0;546350.866621279157698;5938189.523387424647808;9.700262615000042;53.590495534000070
135590;01210824181013932021;01;0;51;044;2021;08;07;3;3;5;3;0;0;1;1;0;0;0;0;507060.376062358729541;6004776.935069633647799;9.108206456000062;54.190988990000051
135591;01211122125013522022;01;0;01;000;2021;11;13;2;3;8;6;0;0;1;1;0;0;0;0;526888.337000001221895;6071397.889999836683273;9.418147277000060;54.789051792000066
135592;01211204161013052021;01;0;62;005;2021;12;10;7;2;5;7;0;1;0;1;0;0;0;0;577933.998423150740564;5957559.579713130369782;10.182191833000047;53.760821317000079
135593;01211023125013382021;01;0;54;014;2021;10;19;7;2;8;7;2;0;0;0;0;0;0;1;494885.063279139809310;6056674.875638704746962;8.920713862000071;54.657432996000068
135594;01211215134013802021;01;0;02;000;2021;12;18;4;3;1;5;2;0;1;1;0;0;0;0;573412.471605835482478;6023828.945331608876586;10.129664293000076;54.356981474000065
135595;01211110134013262022;01;0;57;091;2021;11;11;4;2;8;7;0;0;1;0;0;0;0;0;579282.591151445172727;6015999.837828561663628;10.217891415000054;54.285754778000069
135596;01211010145013542021;01;0;58;090;2021;10;13;1;1;5;3;0;0;1;1;0;0;0;0;548457.174042083323002;6039563.767892191186547;9.748271950000060;54.501365401000044
135611;01211217171013252022;01;0;56;039;2021;12;23;6;3;1;5;2;1;0;1;0;0;0;0;552170.286339537240565;5945466.766478115692735;9.789392491000058;53.655353943000080
135628;01211221152013192021;01;0;55;004;2021;12;07;3;3;0;1;1;2;0;0;0;1;0;0;611542.545698962174356;5978512.582065843045712;10.699406550000049;53.942957506000027
135639;01211220134013162021;01;0;02;000;2021;12;11;2;2;0;1;0;1;0;0;0;1;0;0;577170.712000007741153;6020591.813999807462096;10.186644179000041;54.327339310000070
135644;01211230171013852022;01;0;60;063;2021;12;13;5;3;5;3;0;1;0;1;0;0;0;1;565846.715715404599905;5953169.675679754465818;9.997936397000046;53.723037280000028
135649;01211217125013632021;01;0;59;120;2021;12;13;6;3;5;3;0;0;0;1;0;1;0;0;524834.140415813773870;6072684.976678911596537;9.386313061000067;54.800724095000078
135654;01211223145013932021;01;0;58;104;2021;12;17;5;3;1;1;2;2;0;1;0;0;1;0;568238.114134070463479;6017548.965614736080170;10.048620421000066;54.301268944000071
135670;01211222134013892021;01;0;02;000;2021;12;10;4;2;1;5;0;0;1;1;0;0;0;0;573457.047072282992303;6025356.507292568683624;10.130727054000033;54.370701145000055
135691;01211220145013852021;01;0;58;135;2021;12;10;2;3;5;3;0;0;1;1;0;0;0;0;542947.558410983532667;6017923.050180481746793;9.660069209000028;54.307383074000029
135697;01211227161013742021;01;0;62;018;2021;12;20;2;3;0;1;2;2;1;0;0;0;0;0;580384.017614662647247;5933409.418911676853895;10.213100876000055;53.543425732000060
135703;01211217152013632021;01;0;55;035;2021;12;19;6;3;6;4;2;1;0;1;1;0;0;0;611956.729548492468894;5983853.961273308843374;10.707674795000059;53.990854916000046
135709;01211223171013202022;01;0;56;015;2021;12;15;5;3;6;7;0;2;0;1;1;0;0;0;543450.016557103022933;5957133.174490442499518;9.659092652000027;53.761005970000042
135733;01211217171013852021;01;0;56;041;2021;12;13;6;3;5;3;0;0;1;1;0;0;0;0;561636.201489577069879;5953943.412107188254595;9.934287975000075;53.730505339000047
135747;01211220171013422022;01;0;56;015;2021;12;10;2;3;5;2;0;0;1;1;0;0;0;0;543696.999721532687545;5954786.507193490862846;9.662506935000067;53.739894193000055
135753;01211229105132062022;01;0;01;000;2021;12;19;4;3;6;7;2;1;0;1;1;0;0;0;528668.335612415336072;6071117.814518045634031;9.445799892000025;54.786436364000053
135759;01211216171013992021;01;0;60;092;2021;12;14;5;3;0;6;0;1;0;0;0;1;0;1;578741.843200999312103;5979169.862169669941068;10.199987001000068;53.954893485000071
135765;01211223134013002022;01;0;57;060;2021;12;19;5;3;4;1;2;2;0;1;0;0;0;1;583749.242350837215781;6027418.581679357215762;10.289694220000058;54.387641496000072
135789;01211219152013502021;01;0;55;035;2021;12;04;1;2;9;1;2;1;0;1;0;0;0;0;614529.346049922518432;5982369.198141245171428;10.746336786000029;53.976952368000070
135794;01211228152013342021;01;0;55;004;2021;12;17;3;3;5;3;2;1;1;0;0;0;0;1;610724.730775563046336;5976314.562310708686709;10.686156231000041;53.923385812000049
135805;01211222145013582021;01;0;58;034;2021;12;11;4;3;5;2;0;0;0;1;0;0;0;0;543514.377000000327826;6019231.822999812662601;9.668970847000026;54.319096821000073
135811;01211227134013842021;01;0;02;000;2021;12;11;2;3;2;7;0;0;0;1;0;0;0;0;573321.263203439302742;6020363.454985717311502;10.127408592000052;54.325854875000061
135823;01211221152013062021;01;0;55;035;2021;12;14;3;3;1;5;0;0;0;1;0;0;0;0;612036.779545839875937;5983168.551640564575791;10.708643059000053;53.984679890000052
135846;01211217181013592021;01;0;61;049;2021;12;13;6;3;5;3;0;1;0;1;0;0;0;0;547255.884255670011044;5978616.771673252806067;9.720126537000056;53.953756913000063
135852;01211221125013442021;01;0;59;093;2021;12;05;3;3;1;6;2;0;1;1;0;0;0;0;540218.207874825224280;6053388.918439157307148;9.622946763000073;54.626326022000057
135874;01211220134013152022;01;0;02;000;2021;12;10;2;3;0;6;0;0;1;0;0;0;0;1;576207.191655684262514;6015792.585440780967474;10.170607305000033;54.284360239000080
135881;01211230145013492022;01;0;04;000;2021;12;16;5;3;6;4;2;1;0;1;1;0;0;0;565131.960938538424671;5998427.662923827767372;9.996749616000045;54.129846046000068
135893;01211226134013812022;01;0;02;000;2021;12;13;1;3;5;3;0;2;0;1;0;0;0;0;575869.846000008285046;6019049.539999805390835;10.166253479000034;54.313676130000033
135898;01211217152013092021;01;0;03;000;2021;12;19;6;3;0;5;2;1;1;0;0;0;0;1;614486.839738025330007;5970151.251375507563353;10.741114368000069;53.867197329000078
135903;01211223171013192022;01;0;62;004;2021;12;18;5;3;8;1;2;2;0;0;0;0;0;1;589548.761264564469457;5967854.587117778137326;10.361320740000053;53.851462333000029
135925;01211220134013872022;01;0;02;000;2021;12;16;2;2;4;6;2;0;0;1;0;1;0;0;577177.489879772998393;6020539.554366912692785;10.186734857000033;54.326868706000027
135931;01211227171013272022;01;0;56;050;2021;12;16;2;3;0;1;1;2;1;0;0;0;0;0;547186.298058545216918;5936942.459054823964834;9.712694549000048;53.579212584000061
135937;01211216171013362021;01;0;56;039;2021;12;18;5;3;0;7;2;0;1;0;0;0;0;0;551852.553056799806654;5942241.983252987265587;9.784047642000075;53.626402426000027
135943;01211223125013772021;01;0;01;000;2021;12;17;5;3;2;1;2;2;0;1;0;0;0;0;527830.670496721751988;6071985.873631756752729;9.432857727000055;54.794284312000059
135952;01211216181013742021;01;0;61;046;2021;12;20;5;3;5;3;2;1;0;1;0;0;0;0;534672.594137484207749;5975050.749257501214743;9.527977163000060;53.922703139000077
135960;01211221161013932021;01;0;53;082;2021;12;22;3;3;4;1;2;2;0;1;0;0;0;0;606741.095620457082987;5916534.258123816922307;10.604982297000049;53.387104226000076
135983;01211220171013362022;01;0;56;044;2021;12;11;2;3;6;7;0;0;0;0;1;0;0;1;557115.825877351686358;5940337.600245725363493;9.863273335000031;53.608739152000055
135989;01211231171013912022;01;0;56;015;2021;12;09;6;3;5;3;0;0;1;1;0;0;0;0;543488.513676987029612;5955771.660433374345303;9.659484859000031;53.748765891000062
136001;01211222145013422021;01;0;04;000;2021;12;07;4;3;6;4;2;2;0;0;1;0;1;0;564143.000212168321013;5991919.531694769859314;9.980237290000048;54.071485412000072
136027;01211218171013362021;01;0;56;041;2021;12;16;7;3;6;4;2;1;0;1;1;0;0;0;559446.068731957115233;5952917.670923007652164;9.900897230000055;53.721540977000075
136044;01211218152013572021;01;0;55;012;2021;12;13;7;3;5;3;0;1;0;1;0;0;0;0;605977.630580882541835;5999004.299293724820018;10.621812003000059;54.128230013000064
136050;01211230161013662022;01;0;62;009;2021;12;12;5;2;6;4;0;1;0;1;1;0;0;0;577093.076085316948593;5936222.202533116564155;10.164141472000040;53.569196860000034
136062;01211223171013922022;01;0;60;044;2021;12;15;5;3;5;3;0;2;1;1;0;0;0;0;562291.676498957909644;5965180.923937778919935;9.946492276000072;53.831419250000067
136083;01211216161013282021;01;0;62;006;2021;12;14;5;3;5;2;0;0;1;0;0;0;0;1;584229.213972525671124;5953365.776841489598155;10.276516960000038;53.722155913000051
136088;01211221171013292022;01;0;56;015;2021;12;17;3;3;5;3;2;2;1;1;0;0;0;0;543268.333142892457545;5955224.279955796897411;9.656069510000066;53.743864518000066
136101;01211231145013432022;01;0;58;135;2021;12;09;6;3;9;7;0;1;0;1;0;0;0;0;542446.229749985970557;6016570.764025948941708;9.652172637000035;54.295272148000038
136112;01211224145013872021;01;0;04;000;2021;12;18;6;3;5;3;2;1;0;1;0;0;0;0;562964.406053851358593;5992458.648185759782791;9.962340822000044;54.076475598000059
136123;01211220134013452022;01;0;57;057;2021;12;07;2;3;5;3;1;1;1;1;0;0;0;0;592767.543833571486175;6002168.900122841820121;10.420700174000046;54.159217126000044
136129;01211226171013882022;01;0;60;047;2021;12;16;1;3;6;6;0;2;0;1;1;0;0;0;569978.796908402815461;5963236.262741670012474;10.062831070000072;53.812965081000073
136134;01211217145013342021;01;0;04;000;2021;12;14;6;3;6;7;0;0;0;1;1;0;0;0;563200.851264290511608;5992521.756899522617459;9.965967226000032;54.077013768000029
136140;01211223152013122021;01;0;03;000;2021;12;14;5;3;5;3;1;1;0;1;0;0;0;0;609501.977087806910276;5968927.518594551831484;10.664904062000062;53.857278478000069
136162;01211220145013672021;01;0;04;000;2021;12;16;2;2;5;3;0;0;1;1;0;0;0;0;564829.363661081530154;5991997.089154222980142;9.990741211000056;54.072096466000062
136176;01211220171013892022;01;0;60;066;2021;12;10;2;3;1;5;0;0;0;1;0;0;0;0;565278.685240237042308;5965953.944116886705160;9.992035296000040;53.837999640000078
136182;01211228161013912021;01;0;62;053;2021;12;21;3;3;0;7;2;1;1;0;0;0;0;0;576455.617673624306917;5933582.904422057792544;10.153872088000071;53.545571397000060
136187;01211216181013232021;01;0;51;127;2021;12;07;5;3;5;3;2;1;1;1;0;0;0;0;495569.348582294769585;6006536.840488441288471;8.932070404000058;54.206835794000028
136193;01211221125013582022;01;0;54;164;2021;12;12;3;3;5;3;0;1;0;1;0;0;0;0;472176.215616790577769;6060895.941101605072618;8.568310567000026;54.694624504000046
136219;01211219181013032022;01;0;61;046;2021;12;13;1;3;5;3;0;0;0;1;0;0;0;0;534112.514530076645315;5974806.325629260390997;9.519421666000028;53.920543530000032
136226;01211230152013912022;01;0;03;000;2021;12;18;5;3;2;2;2;1;0;1;0;0;0;0;611754.417246943339705;5968125.626734808087349;10.698842617000025;53.849594249000063
136241;01211229161013832022;01;0;62;004;2021;12;08;4;2;0;1;0;2;1;0;0;0;0;0;589286.974936958402395;5962810.715272905305028;10.355877683000074;53.806184921000067
136247;01211217152013292021;01;0;03;000;2021;12;08;6;3;5;7;0;1;1;1;0;0;0;0;614415.099381536245346;5973933.269007695838809;10.741435822000028;53.901190569000050
136253;01211223152013802021;01;0;03;000;2021;12;18;5;3;2;1;2;1;0;1;0;0;0;0;610467.680780855938792;5969935.107909278944135;10.679942706000077;53.866126374000032
136277;01211219181013002022;01;0;51;044;2021;12;12;1;3;6;7;0;0;0;1;1;0;0;0;505893.534018517471850;6004913.319826219230890;9.090326278000020;54.192229499000064
136282;01211225181013132021;01;0;61;046;2021;12;13;7;3;5;3;0;2;1;1;0;0;0;0;532461.117174562066793;5977642.790780380368233;9.494578718000071;53.946142896000026
136295;01211223125013862021;01;0;54;165;2021;12;19;5;3;9;1;2;2;0;0;0;0;0;1;485515.952209128998220;6070649.553507249802351;8.774789943000030;54.782838113000082
136310;01211221181013852021;01;0;51;114;2021;12;14;3;3;2;6;0;1;0;1;0;0;0;0;517714.135678754188120;6007338.190109871327877;9.271634190000043;54.213751008000031
136333;01211218145013962021;01;0;58;113;2021;12;19;7;3;9;1;2;1;0;1;0;0;0;0;541683.610999999567866;6000333.707999793812633;9.638201658000071;54.149412131000076
136360;01211220145013332021;01;0;58;022;2021;12;10;2;3;5;2;0;0;1;1;0;0;0;0;568216.940452991984785;6003328.311837915331125;10.045060975000069;54.173484126000062
136366;01211229161013302021;01;0;62;004;2021;12;04;4;3;0;1;2;2;1;0;0;0;0;0;590736.104161756113172;5963090.739792341366410;10.377959174000068;53.808450366000045
136370;01211217125013062021;01;0;01;000;2021;12;11;6;3;6;7;0;0;0;0;1;0;0;1;528055.582073203288019;6070926.000691317021847;9.436253175000047;54.784747264000032
136376;01211221125013462021;01;0;59;075;2021;12;14;3;3;5;3;0;0;1;1;0;0;0;0;536508.479287372902036;6042036.043218333274126;9.564078689000041;54.524584008000033
136381;01211231152013632022;01;0;55;041;2021;12;11;6;3;8;1;0;1;0;1;0;0;0;0;610300.346134324558079;5994702.000021258369088;10.686363350000022;54.088669602000039
136386;01211216152013552021;01;0;55;027;2021;12;05;5;3;1;5;2;1;0;1;0;0;0;0;622262.023746534250677;6008201.987714126706123;10.874613049000061;54.207237367000062
136391;01211222171013872021;01;0;56;049;2021;12;05;4;3;1;5;2;0;0;1;0;1;0;0;545034.646475967019796;5948875.261860152706504;9.681926166000039;53.686651812000036
136414;01211220171013282021;01;0;62;076;2021;12;14;2;3;5;3;0;0;1;1;0;0;0;0;567488.088928505778313;5955522.126065514981747;10.023321201000044;53.743968758000051
136420;01211228161013102021;01;0;62;091;2021;12;11;3;3;0;1;0;2;1;0;0;0;0;0;592383.404476847499609;5949935.490360401570797;10.399034198000038;53.689952514000026
136426;01211216181013822021;01;0;51;044;2021;12;11;5;3;1;5;0;0;0;1;0;0;0;0;506309.263091803528368;6006031.363973749801517;9.096721332000072;54.202273096000056
136432;01211223145013672022;01;0;58;110;2021;12;15;5;3;9;1;2;2;0;1;0;0;0;0;560965.478582642041147;6031629.911618979647756;9.939763204000030;54.428722288000074
136471;01211220152013212021;01;0;55;033;2021;12;11;2;3;5;3;0;0;0;1;0;0;0;0;622385.353754990734160;6017499.327767126262188;10.880298712000069;54.290723250000042
136483;01211220125013052021;01;0;54;168;2021;12;14;2;3;5;3;0;0;0;1;0;0;0;0;463401.643083790317178;6079641.356323737651110;8.429814181000040;54.862515277000057
136489;01211222152013062021;01;0;55;004;2021;12;16;4;3;5;2;2;1;0;1;0;0;0;0;609704.144942523911595;5974146.310786036774516;10.669844164000040;53.904122901000051
136514;01211219125013242021;01;0;59;148;2021;12;13;1;3;6;6;0;0;0;1;1;0;0;0;552698.268321482464671;6065893.845616115257144;9.818490903000054;54.737546519000034
136529;01211216171013442021;01;0;60;063;2021;12;18;5;3;0;7;2;1;1;0;0;0;0;0;569916.143744863569736;5952070.662285106256604;10.059350903000052;53.712631232000035
136535;01211227125013872022;01;0;54;088;2021;12;15;2;3;0;1;0;2;1;0;0;0;0;0;488930.896531045436859;6070271.957033790647984;8.827902445000063;54.779531696000049
136546;01211221152013982021;01;0;55;012;2021;12;17;3;3;0;6;1;0;1;1;0;0;0;0;605547.256000038236380;6000087.432999763637781;10.615607431000058;54.138049571000067
136569;01211217171013162022;01;0;56;015;2021;12;17;6;2;6;4;2;1;0;1;1;0;0;0;543214.255880423821509;5956881.423777813091874;9.655481424000072;53.758762920000038
136574;01211222181013902021;01;0;61;046;2021;12;06;4;3;1;5;2;2;0;1;0;0;0;1;532760.452140428125858;5972984.027453215792775;9.498639925000020;53.904252518000078
136599;01211225152013082021;01;0;03;000;2021;12;13;7;3;6;7;0;1;0;1;1;0;0;0;611760.069344666786492;5968016.462500968948007;10.698888772000032;53.848612281000044
136610;01211220161013042021;01;0;53;032;2021;12;09;2;3;5;2;0;0;0;1;0;0;0;1;591882.644040183164179;5922390.170460684224963;10.383351342000026;53.442520396000077
136616;01211230171013862022;01;0;56;039;2021;12;20;5;3;5;2;2;1;0;1;0;0;0;0;550869.177974473685026;5945002.649245532229543;9.769631325000034;53.651310791000071
136621;01211217152013132022;01;0;55;012;2021;12;18;6;3;2;6;2;0;0;1;0;0;0;0;605229.136032059788704;5998940.372004438191652;10.610340274000066;54.127809418000027
136627;01211223171013902022;01;0;60;039;2021;12;12;5;3;5;3;0;0;0;1;0;0;0;0;564525.340520983561873;5962162.407853344455361;9.979793342000050;53.804019697000058
136650;01211220152013132022;01;0;03;000;2021;12;13;2;3;6;4;0;0;0;1;1;0;0;0;621510.128779619000852;5979369.465629082173109;10.851524813000026;53.948411430000078
136655;01211225161013002021;01;0;53;017;2021;12;11;7;3;0;7;0;2;0;1;0;0;0;0;594300.087228681892157;5928311.702422287315130;10.421512439000026;53.495304084000054
136661;01211217152013132021;01;0;03;000;2021;12;10;6;3;6;7;0;0;0;1;1;0;0;0;611723.594820791855454;5971146.669031530618668;10.699474203000022;53.876742435000040
136664;01211221125013032021;01;0;54;138;2021;12;13;3;3;5;3;0;0;0;1;0;0;0;0;496635.860370703972876;6019136.952651483938098;8.948280330000046;54.320087635000050
136671;01211230134013722022;01;0;57;057;2021;12;07;5;3;7;7;2;1;0;0;0;1;0;0;594337.573323749005795;6003836.823916379362345;10.445258502000058;54.173917090000032
136674;01211216171013852022;01;0;60;089;2021;12;14;5;3;5;2;0;0;1;1;0;0;0;0;579070.547998288646340;5988740.441358394920826;10.207481478000034;54.040843882000047
136681;01211221152013912021;01;0;55;001;2021;12;14;3;3;5;3;0;0;0;1;0;0;0;1;605158.013613533228636;5982047.310854855924845;10.603396669000063;53.976051567000070
136705;01211216171013752021;01;0;60;063;2021;12;06;5;3;5;3;2;0;1;1;0;0;0;0;568859.749595053493977;5948784.172212306410074;10.042617423000024;53.683236368000053
136711;01211231171013062022;01;0;56;050;2021;12;19;6;3;1;5;2;0;1;1;0;0;0;0;546564.937127175740898;5938371.567521767690778;9.703523673000063;53.592112751000059
136725;01211221171013792022;01;0;60;063;2021;12;18;3;3;5;2;2;1;1;1;0;0;0;0;565736.157183066010475;5949641.148628896102309;9.995512262000034;53.691340349000029
136742;01211223152013922021;01;0;03;000;2021;12;20;5;3;8;7;2;2;0;1;0;0;0;0;607754.842346872203052;5962171.712955344468355;10.635984937000046;53.796946413000057
136767;01211216145013612021;01;0;58;092;2021;12;15;5;3;5;3;0;0;1;0;0;0;0;0;571030.794500574469566;6022318.268076129257679;10.092662564000022;54.343744284000081
136773;01211230171013862023;01;0;60;063;2021;12;15;5;3;5;2;0;1;1;1;0;0;0;0;565855.110700953751802;5949311.372110184282064;9.997243361000073;53.688361657000030
136784;01211223134013062021;01;0;57;025;2021;12;07;5;3;5;2;1;0;0;1;0;0;0;1;578177.297678370028734;6025012.317468645051122;10.203278407000028;54.366906178000079
136803;01211216171013522021;01;0;56;015;2021;12;17;5;3;6;4;2;1;0;0;1;0;0;1;543392.253801072947681;5956572.000624045729637;9.658137653000040;53.755967129000055